filename,pred_class,confidence,top3_classes
10050349236.jpg,chromatic_aberrations,0.8234736919403076,"[('chromatic_aberrations', 0.8234736919403076), ('mean shift', 0.12216077744960785), ('image_denoising', 0.02817963995039463)]"
10058760545.jpg,jpeg_transmission_errors,0.999461829662323,"[('jpeg_transmission_errors', 0.999461829662323), ('sparse_sampling_and_reconstruction', 0.00040551493293605745), ('comfort_noise', 2.634905104059726e-05)]"
10077880165.jpg,change of color saturation,0.9990049004554749,"[('change of color saturation', 0.9990049004554749), ('jpeg_transmission_errors', 0.0007152282050810754), ('sparse_sampling_and_reconstruction', 0.00024462028522975743)]"
10089027076.jpg,sparse_sampling_and_reconstruction,0.5223562717437744,"[('sparse_sampling_and_reconstruction', 0.5223562717437744), ('jpeg_transmission_errors', 0.43793636560440063), ('change of color saturation', 0.022029943764209747)]"
10091520555.jpg,chromatic_aberrations,0.971187174320221,"[('chromatic_aberrations', 0.971187174320221), ('mean shift', 0.019270259886980057), ('image_denoising', 0.005681402049958706)]"
10111411235.jpg,contrast_change,0.6532906293869019,"[('contrast_change', 0.6532906293869019), ('chromatic_aberrations', 0.26979535818099976), ('quantization_noise', 0.053353600203990936)]"
10125013364.jpg,quantization_noise,0.9958003163337708,"[('quantization_noise', 0.9958003163337708), ('chromatic_aberrations', 0.004054430406540632), ('impulse_noise', 4.9454796680947766e-05)]"
10178112894.jpg,chromatic_aberrations,0.970112681388855,"[('chromatic_aberrations', 0.970112681388855), ('mean shift', 0.02363327518105507), ('image_denoising', 0.003564049256965518)]"
10187102065.jpg,chromatic_aberrations,0.698889434337616,"[('chromatic_aberrations', 0.698889434337616), ('image_denoising', 0.18068954348564148), ('mean shift', 0.07039997726678848)]"
10205220286.jpg,mean shift,0.5467490553855896,"[('mean shift', 0.5467490553855896), ('contrast_change', 0.45129671692848206), ('change of color saturation', 0.00104010128416121)]"
10209917915.jpg,change of color saturation,0.9947271943092346,"[('change of color saturation', 0.9947271943092346), ('contrast_change', 0.00453516561537981), ('jpeg_transmission_errors', 0.0004649828188121319)]"
10211880874.jpg,chromatic_aberrations,0.7553728222846985,"[('chromatic_aberrations', 0.7553728222846985), ('mean shift', 0.21233701705932617), ('image_denoising', 0.01665378361940384)]"
10213881683.jpg,chromatic_aberrations,0.9928829669952393,"[('chromatic_aberrations', 0.9928829669952393), ('image_denoising', 0.0070580593310296535), ('quantization_noise', 1.2428523405105807e-05)]"
10221144393.jpg,chromatic_aberrations,0.9948570728302002,"[('chromatic_aberrations', 0.9948570728302002), ('image_denoising', 0.004958877339959145), ('spatially_correlated_noise', 3.7884914490859956e-05)]"
10224586444.jpg,chromatic_aberrations,0.6893816590309143,"[('chromatic_aberrations', 0.6893816590309143), ('mean shift', 0.3038736879825592), ('image_denoising', 0.0034223366528749466)]"
10226277514.jpg,chromatic_aberrations,0.9662929177284241,"[('chromatic_aberrations', 0.9662929177284241), ('mean shift', 0.006308972369879484), ('contrast_change', 0.0043394300155341625)]"
10226524916.jpg,chromatic_aberrations,0.831153929233551,"[('chromatic_aberrations', 0.831153929233551), ('image_denoising', 0.16427846252918243), ('gaussian_blur', 0.0037154487799853086)]"
10244314384.jpg,change of color saturation,0.999833345413208,"[('change of color saturation', 0.999833345413208), ('contrast_change', 0.00015040124708320946), ('jpeg_transmission_errors', 9.558512829244137e-06)]"
10279904885.jpg,impulse_noise,0.994664192199707,"[('impulse_noise', 0.994664192199707), ('chromatic_aberrations', 0.001881152275018394), ('quantization_noise', 0.001341904979199171)]"
10280835505.jpg,change of color saturation,0.8582809567451477,"[('change of color saturation', 0.8582809567451477), ('mean shift', 0.10924749821424484), ('contrast_change', 0.022396745160222054)]"
1029470257.jpg,contrast_change,0.7702008485794067,"[('contrast_change', 0.7702008485794067), ('quantization_noise', 0.22936175763607025), ('chromatic_aberrations', 0.0001064202660927549)]"
10296038236.jpg,contrast_change,0.7748778462409973,"[('contrast_change', 0.7748778462409973), ('quantization_noise', 0.22345732152462006), ('chromatic_aberrations', 0.001111813122406602)]"
102995966.jpg,chromatic_aberrations,0.9696106910705566,"[('chromatic_aberrations', 0.9696106910705566), ('image_denoising', 0.020905882120132446), ('mean shift', 0.00872347503900528)]"
10319713194.jpg,image_denoising,0.999871015548706,"[('image_denoising', 0.999871015548706), ('jpeg2000_compression', 0.0001040887800627388), ('chromatic_aberrations', 1.69346767506795e-05)]"
10330831494.jpg,contrast_change,0.7952870726585388,"[('contrast_change', 0.7952870726585388), ('non_eccentricity_pattern_noise', 0.09851329028606415), ('mean shift', 0.08150022476911545)]"
10342569703.jpg,image_denoising,0.4927995800971985,"[('image_denoising', 0.4927995800971985), ('chromatic_aberrations', 0.2209024727344513), ('mean shift', 0.13595269620418549)]"
10344921126.jpg,jpeg2000_compression,0.981012225151062,"[('jpeg2000_compression', 0.981012225151062), ('sparse_sampling_and_reconstruction', 0.011838734149932861), ('gaussian_blur', 0.005811312701553106)]"
1036840624.jpg,image_denoising,0.9970055222511292,"[('image_denoising', 0.9970055222511292), ('jpeg2000_compression', 0.0027000252157449722), ('gaussian_blur', 0.00014911004109308124)]"
10371125786.jpg,quantization_noise,0.7753316164016724,"[('quantization_noise', 0.7753316164016724), ('non_eccentricity_pattern_noise', 0.15434208512306213), ('chromatic_aberrations', 0.018607478588819504)]"
10382843045.jpg,chromatic_aberrations,0.9995958209037781,"[('chromatic_aberrations', 0.9995958209037781), ('image_denoising', 0.0003054728149436414), ('mean shift', 5.260520993033424e-05)]"
10407720764.jpg,change of color saturation,0.9999316930770874,"[('change of color saturation', 0.9999316930770874), ('jpeg_transmission_errors', 3.736232247320004e-05), ('contrast_change', 1.2520697055151686e-05)]"
10408374535.jpg,mean shift,0.9728901386260986,"[('mean shift', 0.9728901386260986), ('contrast_change', 0.022301172837615013), ('gaussian_blur', 0.004379396326839924)]"
10415628976.jpg,chromatic_aberrations,0.5251167416572571,"[('chromatic_aberrations', 0.5251167416572571), ('gaussian_blur', 0.4364655017852783), ('image_denoising', 0.03682809695601463)]"
10415631353.jpg,impulse_noise,0.681222140789032,"[('impulse_noise', 0.681222140789032), ('quantization_noise', 0.19464318454265594), ('chromatic_aberrations', 0.11893613636493683)]"
10430335945.jpg,contrast_change,0.9725245833396912,"[('contrast_change', 0.9725245833396912), ('mean shift', 0.026089798659086227), ('quantization_noise', 0.0007346735801547766)]"
10440370734.jpg,mean shift,0.8152937293052673,"[('mean shift', 0.8152937293052673), ('image_denoising', 0.13528427481651306), ('chromatic_aberrations', 0.02206074260175228)]"
10442628686.jpg,contrast_change,0.933631181716919,"[('contrast_change', 0.933631181716919), ('change of color saturation', 0.05429399386048317), ('mean shift', 0.008884928189218044)]"
10458703674.jpg,mean shift,0.6527583599090576,"[('mean shift', 0.6527583599090576), ('contrast_change', 0.33997151255607605), ('chromatic_aberrations', 0.001788903260603547)]"
10466453556.jpg,mean shift,0.8732348084449768,"[('mean shift', 0.8732348084449768), ('gaussian_blur', 0.09566017240285873), ('chromatic_aberrations', 0.026101993396878242)]"
10471406506.jpg,jpeg2000_transmission_errors,0.9772905707359314,"[('jpeg2000_transmission_errors', 0.9772905707359314), ('contrast_change', 0.016635682433843613), ('comfort_noise', 0.004222676157951355)]"
10481974434.jpg,chromatic_aberrations,0.9554442763328552,"[('chromatic_aberrations', 0.9554442763328552), ('mean shift', 0.040008433163166046), ('image_denoising', 0.0017231183592230082)]"
10490369963.jpg,chromatic_aberrations,0.9960799813270569,"[('chromatic_aberrations', 0.9960799813270569), ('quantization_noise', 0.0020103624556213617), ('image_denoising', 0.001741054467856884)]"
10492897986.jpg,change of color saturation,0.9999841451644897,"[('change of color saturation', 0.9999841451644897), ('jpeg_transmission_errors', 9.419408343092073e-06), ('contrast_change', 2.6200891625194345e-06)]"
10506082433.jpg,chromatic_aberrations,0.9880289435386658,"[('chromatic_aberrations', 0.9880289435386658), ('quantization_noise', 0.007839313708245754), ('image_denoising', 0.002985679544508457)]"
10517436165.jpg,change of color saturation,0.5861184597015381,"[('change of color saturation', 0.5861184597015381), ('contrast_change', 0.348654568195343), ('jpeg_transmission_errors', 0.061685413122177124)]"
10526881085.jpg,contrast_change,0.65987229347229,"[('contrast_change', 0.65987229347229), ('non_eccentricity_pattern_noise', 0.32292604446411133), ('quantization_noise', 0.006332311779260635)]"
10530470795.jpg,contrast_change,0.7506527900695801,"[('contrast_change', 0.7506527900695801), ('quantization_noise', 0.24893303215503693), ('chromatic_aberrations', 9.475691331317648e-05)]"
10535849673.jpg,image_denoising,0.8897834420204163,"[('image_denoising', 0.8897834420204163), ('chromatic_aberrations', 0.07246875017881393), ('mean shift', 0.02603822760283947)]"
10536668436.jpg,mean shift,0.9729214906692505,"[('mean shift', 0.9729214906692505), ('chromatic_aberrations', 0.01972455345094204), ('contrast_change', 0.004545864183455706)]"
10544775715.jpg,quantization_noise,0.6672566533088684,"[('quantization_noise', 0.6672566533088684), ('image_denoising', 0.2411346286535263), ('chromatic_aberrations', 0.04575512930750847)]"
1057328504.jpg,contrast_change,0.9345329403877258,"[('contrast_change', 0.9345329403877258), ('mean shift', 0.022388987243175507), ('sparse_sampling_and_reconstruction', 0.018734030425548553)]"
10586872235.jpg,contrast_change,0.45936527848243713,"[('contrast_change', 0.45936527848243713), ('quantization_noise', 0.3958470821380615), ('image_denoising', 0.0996086373925209)]"
10602786066.jpg,contrast_change,0.9962602853775024,"[('contrast_change', 0.9962602853775024), ('gaussian_blur', 0.0020445859991014004), ('mean shift', 0.0008274088613688946)]"
10617981003.jpg,chromatic_aberrations,0.8982716798782349,"[('chromatic_aberrations', 0.8982716798782349), ('image_denoising', 0.09094619005918503), ('mean shift', 0.006563768722116947)]"
10620203775.jpg,mean shift,0.7887305617332458,"[('mean shift', 0.7887305617332458), ('chromatic_aberrations', 0.14549392461776733), ('contrast_change', 0.05409039929509163)]"
10631630073.jpg,chromatic_aberrations,0.4340953230857849,"[('chromatic_aberrations', 0.4340953230857849), ('image_denoising', 0.3529738783836365), ('mean shift', 0.1733718067407608)]"
1063351510.jpg,chromatic_aberrations,0.9958904981613159,"[('chromatic_aberrations', 0.9958904981613159), ('image_denoising', 0.0035318005830049515), ('spatially_correlated_noise', 0.00020650349324569106)]"
106456452.jpg,chromatic_aberrations,0.9626784920692444,"[('chromatic_aberrations', 0.9626784920692444), ('mean shift', 0.03201625496149063), ('image_denoising', 0.004517935682088137)]"
10660571735.jpg,contrast_change,0.6033551096916199,"[('contrast_change', 0.6033551096916199), ('mean shift', 0.3799733817577362), ('chromatic_aberrations', 0.0050257411785423756)]"
106652866.jpg,contrast_change,0.968271017074585,"[('contrast_change', 0.968271017074585), ('quantization_noise', 0.031300537288188934), ('chromatic_aberrations', 9.719197259983048e-05)]"
10679134563.jpg,chromatic_aberrations,0.5036569237709045,"[('chromatic_aberrations', 0.5036569237709045), ('image_denoising', 0.4959520399570465), ('jpeg2000_transmission_errors', 0.00012263498501852155)]"
10680153225.jpg,chromatic_aberrations,0.8792718052864075,"[('chromatic_aberrations', 0.8792718052864075), ('image_denoising', 0.09852242469787598), ('gaussian_blur', 0.015922503545880318)]"
10680715605.jpg,image_denoising,0.8754028081893921,"[('image_denoising', 0.8754028081893921), ('chromatic_aberrations', 0.12445501238107681), ('gaussian_blur', 3.4486929507693276e-05)]"
10698962263.jpg,non_eccentricity_pattern_noise,0.3840789794921875,"[('non_eccentricity_pattern_noise', 0.3840789794921875), ('chromatic_aberrations', 0.30562007427215576), ('mean shift', 0.12320366501808167)]"
10715577856.jpg,change of color saturation,0.9983407258987427,"[('change of color saturation', 0.9983407258987427), ('color_quantization_with_dithering', 0.0012716163182631135), ('contrast_change', 0.00025884268688969314)]"
1075190309.jpg,contrast_change,0.9902998208999634,"[('contrast_change', 0.9902998208999634), ('mean shift', 0.007852383889257908), ('chromatic_aberrations', 0.00105895078741014)]"
10762659033.jpg,quantization_noise,0.8595964312553406,"[('quantization_noise', 0.8595964312553406), ('contrast_change', 0.14004629850387573), ('multiplicative_gaussian_noise', 7.233378710225224e-05)]"
10765812585.jpg,chromatic_aberrations,0.9563167691230774,"[('chromatic_aberrations', 0.9563167691230774), ('mean shift', 0.02621215209364891), ('image_denoising', 0.011965394020080566)]"
10775358296.jpg,image_denoising,0.5208113789558411,"[('image_denoising', 0.5208113789558411), ('chromatic_aberrations', 0.305512934923172), ('mean shift', 0.15291456878185272)]"
10813730303.jpg,spatially_correlated_noise,0.9637453556060791,"[('spatially_correlated_noise', 0.9637453556060791), ('image_denoising', 0.018042780458927155), ('gaussian_blur', 0.0035820475313812494)]"
10819001424.jpg,chromatic_aberrations,0.9632946848869324,"[('chromatic_aberrations', 0.9632946848869324), ('image_denoising', 0.034104518592357635), ('mean shift', 0.0019942624494433403)]"
10847909336.jpg,gaussian_blur,0.864708662033081,"[('gaussian_blur', 0.864708662033081), ('image_denoising', 0.13463950157165527), ('jpeg2000_compression', 0.00029853789601475)]"
1084984228.jpg,chromatic_aberrations,0.8960405588150024,"[('chromatic_aberrations', 0.8960405588150024), ('mean shift', 0.09989574551582336), ('contrast_change', 0.0018358994275331497)]"
1085590803.jpg,mean shift,0.6609822511672974,"[('mean shift', 0.6609822511672974), ('chromatic_aberrations', 0.25793445110321045), ('image_denoising', 0.06919621676206589)]"
10856434794.jpg,change of color saturation,0.9999071359634399,"[('change of color saturation', 0.9999071359634399), ('contrast_change', 3.66576095984783e-05), ('jpeg_transmission_errors', 3.61924794560764e-05)]"
10856757.jpg,image_denoising,0.9899588227272034,"[('image_denoising', 0.9899588227272034), ('chromatic_aberrations', 0.007655245251953602), ('gaussian_blur', 0.0009685136028565466)]"
10858952303.jpg,chromatic_aberrations,0.9621724486351013,"[('chromatic_aberrations', 0.9621724486351013), ('image_denoising', 0.03717827796936035), ('jpeg2000_transmission_errors', 0.0004654070653486997)]"
10883456586.jpg,image_denoising,0.7602260112762451,"[('image_denoising', 0.7602260112762451), ('mean shift', 0.14000757038593292), ('chromatic_aberrations', 0.07302485406398773)]"
10893404795.jpg,chromatic_aberrations,0.9801666140556335,"[('chromatic_aberrations', 0.9801666140556335), ('mean shift', 0.013969278894364834), ('quantization_noise', 0.002584243891760707)]"
10895044423.jpg,chromatic_aberrations,0.9988947510719299,"[('chromatic_aberrations', 0.9988947510719299), ('mean shift', 0.0005018010269850492), ('image_denoising', 0.0004932638257741928)]"
10898287705.jpg,quantization_noise,0.9765369892120361,"[('quantization_noise', 0.9765369892120361), ('chromatic_aberrations', 0.02055424265563488), ('contrast_change', 0.0025757229886949062)]"
10906887886.jpg,chromatic_aberrations,0.580889105796814,"[('chromatic_aberrations', 0.580889105796814), ('mean shift', 0.3896022439002991), ('contrast_change', 0.01968364417552948)]"
10910262455.jpg,mean shift,0.982123076915741,"[('mean shift', 0.982123076915741), ('chromatic_aberrations', 0.01691308803856373), ('contrast_change', 0.000428004190325737)]"
10915557435.jpg,quantization_noise,0.9845482707023621,"[('quantization_noise', 0.9845482707023621), ('chromatic_aberrations', 0.005881181452423334), ('contrast_change', 0.005067039281129837)]"
10923819485.jpg,chromatic_aberrations,0.9947745203971863,"[('chromatic_aberrations', 0.9947745203971863), ('mean shift', 0.004626589827239513), ('image_denoising', 0.0002097495162161067)]"
10925112255.jpg,chromatic_aberrations,0.9000368714332581,"[('chromatic_aberrations', 0.9000368714332581), ('image_denoising', 0.0983022004365921), ('mean shift', 0.0006412137881852686)]"
10931213005.jpg,image_denoising,0.8898063898086548,"[('image_denoising', 0.8898063898086548), ('chromatic_aberrations', 0.086947500705719), ('contrast_change', 0.012382034212350845)]"
10932590295.jpg,change of color saturation,0.5327826142311096,"[('change of color saturation', 0.5327826142311096), ('jpeg2000_compression', 0.19859379529953003), ('sparse_sampling_and_reconstruction', 0.16137449443340302)]"
10948257133.jpg,quantization_noise,0.7494471669197083,"[('quantization_noise', 0.7494471669197083), ('chromatic_aberrations', 0.17934627830982208), ('contrast_change', 0.0594024658203125)]"
10981006796.jpg,jpeg2000_transmission_errors,0.6034469604492188,"[('jpeg2000_transmission_errors', 0.6034469604492188), ('contrast_change', 0.305678129196167), ('spatially_correlated_noise', 0.05017917603254318)]"
109825878.jpg,spatially_correlated_noise,0.8477193117141724,"[('spatially_correlated_noise', 0.8477193117141724), ('image_denoising', 0.07110129296779633), ('chromatic_aberrations', 0.05263599380850792)]"
10990397626.jpg,mean shift,0.8902394771575928,"[('mean shift', 0.8902394771575928), ('chromatic_aberrations', 0.07877688109874725), ('contrast_change', 0.023452123627066612)]"
11013892854.jpg,gaussian_blur,0.9940997362136841,"[('gaussian_blur', 0.9940997362136841), ('chromatic_aberrations', 0.00481124734506011), ('image_denoising', 0.00075019511859864)]"
110356262.jpg,mean shift,0.9527365565299988,"[('mean shift', 0.9527365565299988), ('gaussian_blur', 0.03220105543732643), ('chromatic_aberrations', 0.0075787934474647045)]"
11054039594.jpg,non_eccentricity_pattern_noise,0.8242979049682617,"[('non_eccentricity_pattern_noise', 0.8242979049682617), ('mean shift', 0.13648712635040283), ('contrast_change', 0.029702527448534966)]"
11054955216.jpg,image_denoising,0.9900147914886475,"[('image_denoising', 0.9900147914886475), ('quantization_noise', 0.005187442060559988), ('chromatic_aberrations', 0.004437670111656189)]"
11058112996.jpg,gaussian_blur,0.970055341720581,"[('gaussian_blur', 0.970055341720581), ('image_denoising', 0.02696894109249115), ('chromatic_aberrations', 0.0026579881086945534)]"
11061633946.jpg,mean shift,0.9506208300590515,"[('mean shift', 0.9506208300590515), ('contrast_change', 0.013686126098036766), ('multiplicative_gaussian_noise', 0.009090060368180275)]"
11124139926.jpg,quantization_noise,0.8271970748901367,"[('quantization_noise', 0.8271970748901367), ('chromatic_aberrations', 0.08769399672746658), ('contrast_change', 0.058322761207818985)]"
11126091314.jpg,mean shift,0.7350338101387024,"[('mean shift', 0.7350338101387024), ('chromatic_aberrations', 0.22922955453395844), ('contrast_change', 0.034672755748033524)]"
11139580153.jpg,mean shift,0.9865623116493225,"[('mean shift', 0.9865623116493225), ('chromatic_aberrations', 0.012191192246973515), ('contrast_change', 0.0006063718465156853)]"
11149566996.jpg,gaussian_blur,0.9995691180229187,"[('gaussian_blur', 0.9995691180229187), ('image_denoising', 0.00022340621217153966), ('chromatic_aberrations', 0.00015461782459169626)]"
11156365526.jpg,mean shift,0.6910646557807922,"[('mean shift', 0.6910646557807922), ('chromatic_aberrations', 0.24875493347644806), ('contrast_change', 0.05233468487858772)]"
11158314215.jpg,mean shift,0.9371829032897949,"[('mean shift', 0.9371829032897949), ('contrast_change', 0.05881894379854202), ('chromatic_aberrations', 0.003152772318571806)]"
11175382195.jpg,mean shift,0.560650110244751,"[('mean shift', 0.560650110244751), ('contrast_change', 0.3463652431964874), ('chromatic_aberrations', 0.0778874084353447)]"
11183022383.jpg,chromatic_aberrations,0.946921169757843,"[('chromatic_aberrations', 0.946921169757843), ('image_denoising', 0.05174805968999863), ('quantization_noise', 0.000676795607432723)]"
11232665444.jpg,mean shift,0.7533167004585266,"[('mean shift', 0.7533167004585266), ('chromatic_aberrations', 0.18241022527217865), ('image_denoising', 0.04433843120932579)]"
11264048414.jpg,jpeg_transmission_errors,0.9926984906196594,"[('jpeg_transmission_errors', 0.9926984906196594), ('change of color saturation', 0.002820533001795411), ('sparse_sampling_and_reconstruction', 0.0027307618875056505)]"
11268202995.jpg,chromatic_aberrations,0.9991822838783264,"[('chromatic_aberrations', 0.9991822838783264), ('image_denoising', 0.0007585862185806036), ('quantization_noise', 2.4772994947852567e-05)]"
11270280904.jpg,image_denoising,0.6499481201171875,"[('image_denoising', 0.6499481201171875), ('quantization_noise', 0.1843222826719284), ('contrast_change', 0.12074074894189835)]"
11275584366.jpg,chromatic_aberrations,0.8178035020828247,"[('chromatic_aberrations', 0.8178035020828247), ('image_denoising', 0.1412532478570938), ('mean shift', 0.03815485164523125)]"
11295475784.jpg,chromatic_aberrations,0.7821223139762878,"[('chromatic_aberrations', 0.7821223139762878), ('mean shift', 0.16420187056064606), ('image_denoising', 0.034217510372400284)]"
113701797.jpg,additive_noise_in_color_components,0.6345977783203125,"[('additive_noise_in_color_components', 0.6345977783203125), ('jpeg2000_transmission_errors', 0.22657102346420288), ('jpeg_transmission_errors', 0.04852491617202759)]"
11370407443.jpg,gaussian_blur,0.8418892621994019,"[('gaussian_blur', 0.8418892621994019), ('image_denoising', 0.12454989552497864), ('chromatic_aberrations', 0.03219163790345192)]"
11393787465.jpg,chromatic_aberrations,0.9917526841163635,"[('chromatic_aberrations', 0.9917526841163635), ('image_denoising', 0.008184695616364479), ('quantization_noise', 1.819366661948152e-05)]"
11396447303.jpg,contrast_change,0.9993330836296082,"[('contrast_change', 0.9993330836296082), ('mean shift', 0.00032216007821261883), ('quantization_noise', 0.0002137555566150695)]"
11414474354.jpg,chromatic_aberrations,0.7544360160827637,"[('chromatic_aberrations', 0.7544360160827637), ('image_denoising', 0.2438630908727646), ('quantization_noise', 0.0013464129297062755)]"
11424871693.jpg,change of color saturation,0.9999738931655884,"[('change of color saturation', 0.9999738931655884), ('jpeg_compression', 8.228945262089837e-06), ('jpeg_transmission_errors', 8.175245966413058e-06)]"
11426976205.jpg,mean shift,0.781827986240387,"[('mean shift', 0.781827986240387), ('chromatic_aberrations', 0.19789351522922516), ('image_denoising', 0.01623688079416752)]"
11438612393.jpg,chromatic_aberrations,0.996798574924469,"[('chromatic_aberrations', 0.996798574924469), ('quantization_noise', 0.001561096403747797), ('jpeg2000_transmission_errors', 0.0005319090560078621)]"
11439591215.jpg,mean shift,0.9950137734413147,"[('mean shift', 0.9950137734413147), ('chromatic_aberrations', 0.004121887031942606), ('contrast_change', 0.00036860143882222474)]"
11456199025.jpg,gaussian_blur,0.9979173541069031,"[('gaussian_blur', 0.9979173541069031), ('image_denoising', 0.001608001533895731), ('chromatic_aberrations', 0.00037178033380769193)]"
11495616074.jpg,gaussian_blur,0.4805760085582733,"[('gaussian_blur', 0.4805760085582733), ('mean shift', 0.24355334043502808), ('image_denoising', 0.22911642491817474)]"
11499073263.jpg,image_denoising,0.6775440573692322,"[('image_denoising', 0.6775440573692322), ('chromatic_aberrations', 0.3074859380722046), ('quantization_noise', 0.013276603072881699)]"
11504259765.jpg,gaussian_blur,0.9991614818572998,"[('gaussian_blur', 0.9991614818572998), ('image_denoising', 0.0003108357486780733), ('contrast_change', 0.0002233715495094657)]"
11509515706.jpg,mean shift,0.6797948479652405,"[('mean shift', 0.6797948479652405), ('chromatic_aberrations', 0.17937885224819183), ('gaussian_blur', 0.11264226585626602)]"
11511265293.jpg,change of color saturation,0.8705079555511475,"[('change of color saturation', 0.8705079555511475), ('color_quantization_with_dithering', 0.11011635512113571), ('jpeg2000_transmission_errors', 0.018265239894390106)]"
11518631385.jpg,jpeg_transmission_errors,0.9837334752082825,"[('jpeg_transmission_errors', 0.9837334752082825), ('jpeg2000_transmission_errors', 0.007463513873517513), ('mean shift', 0.005238738376647234)]"
11522984926.jpg,gaussian_blur,0.9624798893928528,"[('gaussian_blur', 0.9624798893928528), ('image_denoising', 0.033363550901412964), ('chromatic_aberrations', 0.0036588218063116074)]"
1152554814.jpg,chromatic_aberrations,0.9062173962593079,"[('chromatic_aberrations', 0.9062173962593079), ('image_denoising', 0.09368251264095306), ('spatially_correlated_noise', 1.935686668730341e-05)]"
11527524903.jpg,mean shift,0.8138509392738342,"[('mean shift', 0.8138509392738342), ('gaussian_blur', 0.14457741379737854), ('chromatic_aberrations', 0.026901574805378914)]"
115290990.jpg,sparse_sampling_and_reconstruction,0.6433983445167542,"[('sparse_sampling_and_reconstruction', 0.6433983445167542), ('chromatic_aberrations', 0.1717071384191513), ('jpeg2000_compression', 0.13639402389526367)]"
11548683805.jpg,chromatic_aberrations,0.9997954964637756,"[('chromatic_aberrations', 0.9997954964637756), ('image_denoising', 8.650230302009732e-05), ('mean shift', 8.03464645287022e-05)]"
1154962046.jpg,chromatic_aberrations,0.6267167329788208,"[('chromatic_aberrations', 0.6267167329788208), ('image_denoising', 0.21168914437294006), ('mean shift', 0.12684722244739532)]"
11706252.jpg,contrast_change,0.9243824481964111,"[('contrast_change', 0.9243824481964111), ('mean shift', 0.07505685836076736), ('comfort_noise', 0.0002308428374817595)]"
1195689121.jpg,mean shift,0.9949486255645752,"[('mean shift', 0.9949486255645752), ('contrast_change', 0.004658342804759741), ('chromatic_aberrations', 0.00031594501342624426)]"
120328351.jpg,chromatic_aberrations,0.9468342661857605,"[('chromatic_aberrations', 0.9468342661857605), ('image_denoising', 0.031402040272951126), ('mean shift', 0.016319766640663147)]"
122346209.jpg,spatially_correlated_noise,0.9937076568603516,"[('spatially_correlated_noise', 0.9937076568603516), ('additive_gaussian_noise', 0.0032178505789488554), ('lossy_compression_of_color_images', 0.0006595376180484891)]"
122553631.jpg,mean shift,0.9958136677742004,"[('mean shift', 0.9958136677742004), ('contrast_change', 0.0022880788892507553), ('chromatic_aberrations', 0.001458574435673654)]"
1252945239.jpg,gaussian_blur,0.999257504940033,"[('gaussian_blur', 0.999257504940033), ('image_denoising', 0.0006608452531509101), ('sparse_sampling_and_reconstruction', 5.3814412240171805e-05)]"
125829275.jpg,chromatic_aberrations,0.9982036352157593,"[('chromatic_aberrations', 0.9982036352157593), ('image_denoising', 0.0013653214555233717), ('mean shift', 0.00037598516792058945)]"
1295925783.jpg,mean shift,0.7709828019142151,"[('mean shift', 0.7709828019142151), ('multiplicative_gaussian_noise', 0.13645780086517334), ('contrast_change', 0.03476371988654137)]"
1296759644.jpg,spatially_correlated_noise,0.593292236328125,"[('spatially_correlated_noise', 0.593292236328125), ('image_denoising', 0.12994639575481415), ('additive_noise_in_color_components', 0.1211327388882637)]"
1296775174.jpg,gaussian_blur,0.9985378980636597,"[('gaussian_blur', 0.9985378980636597), ('image_denoising', 0.001245542080141604), ('chromatic_aberrations', 9.356075315736234e-05)]"
1306121832.jpg,mean shift,0.9989296793937683,"[('mean shift', 0.9989296793937683), ('contrast_change', 0.0007249041809700429), ('chromatic_aberrations', 0.00019123566744383425)]"
1306193020.jpg,chromatic_aberrations,0.9071996808052063,"[('chromatic_aberrations', 0.9071996808052063), ('gaussian_blur', 0.07225070148706436), ('image_denoising', 0.01875467412173748)]"
1312413141.jpg,spatially_correlated_noise,0.9374511241912842,"[('spatially_correlated_noise', 0.9374511241912842), ('additive_noise_in_color_components', 0.06055046245455742), ('lossy_compression_of_color_images', 0.0007253793883137405)]"
1313706108.jpg,image_denoising,0.914760410785675,"[('image_denoising', 0.914760410785675), ('gaussian_blur', 0.03650239109992981), ('mean shift', 0.01888781227171421)]"
1315889745.jpg,mean shift,0.9703816771507263,"[('mean shift', 0.9703816771507263), ('chromatic_aberrations', 0.02790101058781147), ('contrast_change', 0.00044956125202588737)]"
1317678723.jpg,spatially_correlated_noise,0.9336574673652649,"[('spatially_correlated_noise', 0.9336574673652649), ('quantization_noise', 0.03382116183638573), ('jpeg2000_transmission_errors', 0.013346059247851372)]"
1329449674.jpg,mean shift,0.5715917348861694,"[('mean shift', 0.5715917348861694), ('chromatic_aberrations', 0.4232478439807892), ('contrast_change', 0.003156258724629879)]"
1332211559.jpg,mean shift,0.7938158512115479,"[('mean shift', 0.7938158512115479), ('chromatic_aberrations', 0.18983560800552368), ('image_denoising', 0.009111886844038963)]"
133829142.jpg,chromatic_aberrations,0.991367518901825,"[('chromatic_aberrations', 0.991367518901825), ('mean shift', 0.005300929769873619), ('image_denoising', 0.0021718486677855253)]"
134343714.jpg,quantization_noise,0.9821565747261047,"[('quantization_noise', 0.9821565747261047), ('contrast_change', 0.017644541338086128), ('impulse_noise', 5.623421384370886e-05)]"
1348788122.jpg,contrast_change,0.8041163682937622,"[('contrast_change', 0.8041163682937622), ('non_eccentricity_pattern_noise', 0.10516777634620667), ('quantization_noise', 0.059233736246824265)]"
135352055.jpg,image_denoising,0.9637901782989502,"[('image_denoising', 0.9637901782989502), ('gaussian_blur', 0.018628470599651337), ('mean shift', 0.006136174313724041)]"
135403304.jpg,mean shift,0.9901975393295288,"[('mean shift', 0.9901975393295288), ('chromatic_aberrations', 0.004161679185926914), ('gaussian_blur', 0.00398242985829711)]"
136287514.jpg,quantization_noise,0.621688961982727,"[('quantization_noise', 0.621688961982727), ('contrast_change', 0.29808732867240906), ('spatially_correlated_noise', 0.06697063893079758)]"
1367218588.jpg,chromatic_aberrations,0.9976211190223694,"[('chromatic_aberrations', 0.9976211190223694), ('image_denoising', 0.0011582903098315), ('mean shift', 0.0004909716080874205)]"
137731604.jpg,gaussian_blur,0.9995183944702148,"[('gaussian_blur', 0.9995183944702148), ('chromatic_aberrations', 0.00023855353356339037), ('image_denoising', 0.0001470455463277176)]"
1387568510.jpg,spatially_correlated_noise,0.9993008375167847,"[('spatially_correlated_noise', 0.9993008375167847), ('chromatic_aberrations', 0.00037279565003700554), ('additive_gaussian_noise', 6.291905447142199e-05)]"
139253033.jpg,contrast_change,0.9820554852485657,"[('contrast_change', 0.9820554852485657), ('quantization_noise', 0.015846487134695053), ('jpeg2000_transmission_errors', 0.0010463965591043234)]"
139611767.jpg,chromatic_aberrations,0.9700942635536194,"[('chromatic_aberrations', 0.9700942635536194), ('image_denoising', 0.028627309948205948), ('spatially_correlated_noise', 0.0006496297428384423)]"
139999071.jpg,chromatic_aberrations,0.8525892496109009,"[('chromatic_aberrations', 0.8525892496109009), ('quantization_noise', 0.1381877064704895), ('image_denoising', 0.005450098309665918)]"
1402675396.jpg,mean shift,0.8720390200614929,"[('mean shift', 0.8720390200614929), ('chromatic_aberrations', 0.11068835109472275), ('gaussian_blur', 0.008069646544754505)]"
1404458044.jpg,mean shift,0.9969878792762756,"[('mean shift', 0.9969878792762756), ('contrast_change', 0.0028971792198717594), ('chromatic_aberrations', 3.9687849493930116e-05)]"
1408118135.jpg,mean shift,0.9969424605369568,"[('mean shift', 0.9969424605369568), ('contrast_change', 0.0028555537573993206), ('chromatic_aberrations', 7.964213727973402e-05)]"
1408827056.jpg,image_denoising,0.95676189661026,"[('image_denoising', 0.95676189661026), ('gaussian_blur', 0.04019085317850113), ('chromatic_aberrations', 0.00221350509673357)]"
1413089132.jpg,jpeg2000_transmission_errors,0.47253671288490295,"[('jpeg2000_transmission_errors', 0.47253671288490295), ('non_eccentricity_pattern_noise', 0.2576301097869873), ('color_quantization_with_dithering', 0.13578589260578156)]"
1418012844.jpg,gaussian_blur,0.6336578130722046,"[('gaussian_blur', 0.6336578130722046), ('image_denoising', 0.23677465319633484), ('chromatic_aberrations', 0.11023657023906708)]"
143394138.jpg,contrast_change,0.4332028329372406,"[('contrast_change', 0.4332028329372406), ('mean shift', 0.2816968262195587), ('chromatic_aberrations', 0.23580394685268402)]"
143643298.jpg,image_denoising,0.9379611015319824,"[('image_denoising', 0.9379611015319824), ('chromatic_aberrations', 0.058608315885066986), ('mean shift', 0.0020932673942297697)]"
143899204.jpg,quantization_noise,0.5727975368499756,"[('quantization_noise', 0.5727975368499756), ('contrast_change', 0.2603963017463684), ('mean shift', 0.09740082919597626)]"
144272742.jpg,chromatic_aberrations,0.9978142976760864,"[('chromatic_aberrations', 0.9978142976760864), ('quantization_noise', 0.0017315171426162124), ('image_denoising', 0.00025933314464055)]"
145089144.jpg,mean shift,0.8370804190635681,"[('mean shift', 0.8370804190635681), ('contrast_change', 0.15217803418636322), ('chromatic_aberrations', 0.0017912209732457995)]"
145215893.jpg,spatially_correlated_noise,0.993121325969696,"[('spatially_correlated_noise', 0.993121325969696), ('additive_gaussian_noise', 0.005944427102804184), ('additive_noise_in_color_components', 0.0004005039227195084)]"
145517507.jpg,contrast_change,0.6771112084388733,"[('contrast_change', 0.6771112084388733), ('quantization_noise', 0.2739885151386261), ('image_denoising', 0.018783383071422577)]"
1459611891.jpg,gaussian_blur,0.5341901779174805,"[('gaussian_blur', 0.5341901779174805), ('mean shift', 0.21496228873729706), ('chromatic_aberrations', 0.20212873816490173)]"
1465282532.jpg,mean shift,0.6849249005317688,"[('mean shift', 0.6849249005317688), ('chromatic_aberrations', 0.29860565066337585), ('image_denoising', 0.00842843297868967)]"
1466864952.jpg,chromatic_aberrations,0.8770917654037476,"[('chromatic_aberrations', 0.8770917654037476), ('image_denoising', 0.08454687893390656), ('mean shift', 0.027186216786503792)]"
146926363.jpg,image_denoising,0.993708610534668,"[('image_denoising', 0.993708610534668), ('chromatic_aberrations', 0.00602017343044281), ('gaussian_blur', 0.00020365438831504434)]"
1473138944.jpg,gaussian_blur,0.9623358845710754,"[('gaussian_blur', 0.9623358845710754), ('sparse_sampling_and_reconstruction', 0.02098708786070347), ('image_denoising', 0.010793834924697876)]"
147639760.jpg,contrast_change,0.9833956956863403,"[('contrast_change', 0.9833956956863403), ('quantization_noise', 0.012791076675057411), ('jpeg2000_transmission_errors', 0.0028904417995363474)]"
147783170.jpg,mean shift,0.5215156674385071,"[('mean shift', 0.5215156674385071), ('spatially_correlated_noise', 0.3692532777786255), ('quantization_noise', 0.036416713148355484)]"
1487386722.jpg,change of color saturation,0.9999508857727051,"[('change of color saturation', 0.9999508857727051), ('jpeg_transmission_errors', 2.2624170014751144e-05), ('sparse_sampling_and_reconstruction', 1.0994062904501334e-05)]"
14898266.jpg,image_denoising,0.6861569881439209,"[('image_denoising', 0.6861569881439209), ('contrast_change', 0.260820597410202), ('chromatic_aberrations', 0.026963718235492706)]"
1494601659.jpg,chromatic_aberrations,0.9735068082809448,"[('chromatic_aberrations', 0.9735068082809448), ('mean shift', 0.0171126127243042), ('image_denoising', 0.007968037389218807)]"
149836125.jpg,mean shift,0.9969870448112488,"[('mean shift', 0.9969870448112488), ('contrast_change', 0.002900938270613551), ('non_eccentricity_pattern_noise', 2.7419520847615786e-05)]"
15012954.jpg,mean shift,0.4073050022125244,"[('mean shift', 0.4073050022125244), ('contrast_change', 0.36963021755218506), ('multiplicative_gaussian_noise', 0.1726217269897461)]"
1527228794.jpg,spatially_correlated_noise,0.8907444477081299,"[('spatially_correlated_noise', 0.8907444477081299), ('chromatic_aberrations', 0.050576772540807724), ('image_denoising', 0.04339112341403961)]"
152780037.jpg,gaussian_blur,0.9989089965820312,"[('gaussian_blur', 0.9989089965820312), ('image_denoising', 0.000576443038880825), ('sparse_sampling_and_reconstruction', 0.0002505663433112204)]"
1539716347.jpg,sparse_sampling_and_reconstruction,0.910318911075592,"[('sparse_sampling_and_reconstruction', 0.910318911075592), ('gaussian_blur', 0.04370564594864845), ('contrast_change', 0.032292649149894714)]"
1543375325.jpg,image_denoising,0.9763143658638,"[('image_denoising', 0.9763143658638), ('gaussian_blur', 0.017742730677127838), ('jpeg2000_compression', 0.0036854518111795187)]"
1543929747.jpg,gaussian_blur,0.9308376908302307,"[('gaussian_blur', 0.9308376908302307), ('image_denoising', 0.05568836256861687), ('chromatic_aberrations', 0.006849181372672319)]"
154740129.jpg,chromatic_aberrations,0.513103187084198,"[('chromatic_aberrations', 0.513103187084198), ('image_denoising', 0.4361000657081604), ('quantization_noise', 0.02804684080183506)]"
155289213.jpg,mean shift,0.9879085421562195,"[('mean shift', 0.9879085421562195), ('chromatic_aberrations', 0.00438536424189806), ('contrast_change', 0.0038144737482070923)]"
155365010.jpg,image_denoising,0.6374785304069519,"[('image_denoising', 0.6374785304069519), ('chromatic_aberrations', 0.2903621196746826), ('gaussian_blur', 0.071347177028656)]"
155711788.jpg,gaussian_blur,0.8389338850975037,"[('gaussian_blur', 0.8389338850975037), ('image_denoising', 0.14048224687576294), ('chromatic_aberrations', 0.014061326161026955)]"
156117321.jpg,image_denoising,0.9985302686691284,"[('image_denoising', 0.9985302686691284), ('chromatic_aberrations', 0.0005037109367549419), ('jpeg2000_transmission_errors', 0.0005031943437643349)]"
156266461.jpg,contrast_change,0.9986252784729004,"[('contrast_change', 0.9986252784729004), ('quantization_noise', 0.0011739918263629079), ('comfort_noise', 8.239086309913546e-05)]"
156451756.jpg,contrast_change,0.8394684195518494,"[('contrast_change', 0.8394684195518494), ('jpeg2000_transmission_errors', 0.07515989989042282), ('quantization_noise', 0.0640723779797554)]"
1565882132.jpg,contrast_change,0.8823777437210083,"[('contrast_change', 0.8823777437210083), ('quantization_noise', 0.061480917036533356), ('spatially_correlated_noise', 0.025766046717762947)]"
1576235224.jpg,contrast_change,0.4971025884151459,"[('contrast_change', 0.4971025884151459), ('mean shift', 0.4714066684246063), ('quantization_noise', 0.010865554213523865)]"
16057476.jpg,change of color saturation,0.9999421834945679,"[('change of color saturation', 0.9999421834945679), ('jpeg_transmission_errors', 2.716125345614273e-05), ('color_quantization_with_dithering', 1.8316037312615663e-05)]"
160999577.jpg,mean shift,0.9448339343070984,"[('mean shift', 0.9448339343070984), ('chromatic_aberrations', 0.05266007035970688), ('contrast_change', 0.0009116645087487996)]"
161551525.jpg,image_denoising,0.7278187870979309,"[('image_denoising', 0.7278187870979309), ('chromatic_aberrations', 0.2637912333011627), ('quantization_noise', 0.0024703864473849535)]"
1626230781.jpg,chromatic_aberrations,0.9941231608390808,"[('chromatic_aberrations', 0.9941231608390808), ('image_denoising', 0.005654705688357353), ('quantization_noise', 6.917406426509842e-05)]"
163208499.jpg,contrast_change,0.9184377193450928,"[('contrast_change', 0.9184377193450928), ('quantization_noise', 0.043407782912254333), ('mean shift', 0.02216292731463909)]"
163666873.jpg,chromatic_aberrations,0.9421558380126953,"[('chromatic_aberrations', 0.9421558380126953), ('mean shift', 0.04295232519507408), ('contrast_change', 0.00782572478055954)]"
163977327.jpg,chromatic_aberrations,0.9164401888847351,"[('chromatic_aberrations', 0.9164401888847351), ('mean shift', 0.06033169478178024), ('image_denoising', 0.015971191227436066)]"
16523804.jpg,contrast_change,0.9397193789482117,"[('contrast_change', 0.9397193789482117), ('quantization_noise', 0.04771517589688301), ('image_denoising', 0.004939497448503971)]"
1654836945.jpg,change of color saturation,0.9990591406822205,"[('change of color saturation', 0.9990591406822205), ('contrast_change', 0.0009158216416835785), ('jpeg_transmission_errors', 9.728070835990366e-06)]"
1663721615.jpg,image_denoising,0.6404311656951904,"[('image_denoising', 0.6404311656951904), ('gaussian_blur', 0.16331398487091064), ('jpeg2000_compression', 0.04489807039499283)]"
1674951001.jpg,mean shift,0.9982105493545532,"[('mean shift', 0.9982105493545532), ('contrast_change', 0.0009296623175032437), ('chromatic_aberrations', 0.00046672322787344456)]"
16799807.jpg,mean shift,0.46607422828674316,"[('mean shift', 0.46607422828674316), ('image_denoising', 0.3687297999858856), ('chromatic_aberrations', 0.11644785851240158)]"
1693839090.jpg,gaussian_blur,0.8027307987213135,"[('gaussian_blur', 0.8027307987213135), ('chromatic_aberrations', 0.16470690071582794), ('image_denoising', 0.024574039503932)]"
169625095.jpg,contrast_change,0.5064136981964111,"[('contrast_change', 0.5064136981964111), ('mean shift', 0.4668777585029602), ('quantization_noise', 0.015882814303040504)]"
171857013.jpg,mean shift,0.9899895191192627,"[('mean shift', 0.9899895191192627), ('contrast_change', 0.0057431538589298725), ('chromatic_aberrations', 0.0034144637174904346)]"
174715115.jpg,mean shift,0.9868062734603882,"[('mean shift', 0.9868062734603882), ('gaussian_blur', 0.008236256428062916), ('chromatic_aberrations', 0.0031727200839668512)]"
175326787.jpg,contrast_change,0.9713521599769592,"[('contrast_change', 0.9713521599769592), ('mean shift', 0.028011007234454155), ('jpeg2000_transmission_errors', 0.00013718170521315187)]"
1755366250.jpg,spatially_correlated_noise,0.48071205615997314,"[('spatially_correlated_noise', 0.48071205615997314), ('additive_gaussian_noise', 0.28435906767845154), ('lossy_compression_of_color_images', 0.22349964082241058)]"
178403727.jpg,mean shift,0.9855918884277344,"[('mean shift', 0.9855918884277344), ('chromatic_aberrations', 0.011252505704760551), ('contrast_change', 0.0022790192160755396)]"
1794888173.jpg,contrast_change,0.5906612873077393,"[('contrast_change', 0.5906612873077393), ('mean shift', 0.32652390003204346), ('gaussian_blur', 0.08224376291036606)]"
1795186582.jpg,quantization_noise,0.8883017301559448,"[('quantization_noise', 0.8883017301559448), ('contrast_change', 0.08987949788570404), ('mean shift', 0.010446552187204361)]"
1797683075.jpg,chromatic_aberrations,0.47708725929260254,"[('chromatic_aberrations', 0.47708725929260254), ('gaussian_blur', 0.4257984459400177), ('image_denoising', 0.05789948254823685)]"
1798554647.jpg,image_denoising,0.8998653888702393,"[('image_denoising', 0.8998653888702393), ('gaussian_blur', 0.0955086201429367), ('comfort_noise', 0.0020230186637490988)]"
1802306299.jpg,spatially_correlated_noise,0.3505880534648895,"[('spatially_correlated_noise', 0.3505880534648895), ('contrast_change', 0.28895774483680725), ('quantization_noise', 0.25599613785743713)]"
1805206682.jpg,gaussian_blur,0.738786518573761,"[('gaussian_blur', 0.738786518573761), ('image_denoising', 0.1578638255596161), ('chromatic_aberrations', 0.061697348952293396)]"
1807195948.jpg,chromatic_aberrations,0.9101017713546753,"[('chromatic_aberrations', 0.9101017713546753), ('mean shift', 0.030697617679834366), ('gaussian_blur', 0.02882792428135872)]"
1809848435.jpg,gaussian_blur,0.7097541093826294,"[('gaussian_blur', 0.7097541093826294), ('mean shift', 0.20529209077358246), ('chromatic_aberrations', 0.07113917171955109)]"
181220864.jpg,jpeg2000_transmission_errors,0.9993951320648193,"[('jpeg2000_transmission_errors', 0.9993951320648193), ('contrast_change', 0.00032461778027936816), ('comfort_noise', 0.00011166348122060299)]"
1820291567.jpg,chromatic_aberrations,0.6446935534477234,"[('chromatic_aberrations', 0.6446935534477234), ('mean shift', 0.3403352200984955), ('image_denoising', 0.0077290586195886135)]"
18238731.jpg,chromatic_aberrations,0.8018891215324402,"[('chromatic_aberrations', 0.8018891215324402), ('mean shift', 0.17878612875938416), ('image_denoising', 0.014195873402059078)]"
183156510.jpg,contrast_change,0.6241747736930847,"[('contrast_change', 0.6241747736930847), ('mean shift', 0.33150118589401245), ('multiplicative_gaussian_noise', 0.031506218016147614)]"
185458280.jpg,image_denoising,0.9742527008056641,"[('image_denoising', 0.9742527008056641), ('chromatic_aberrations', 0.02194817177951336), ('gaussian_blur', 0.003299511969089508)]"
187485230.jpg,gaussian_blur,0.9306437969207764,"[('gaussian_blur', 0.9306437969207764), ('chromatic_aberrations', 0.051527608186006546), ('contrast_change', 0.00818972010165453)]"
187499391.jpg,chromatic_aberrations,0.9089228510856628,"[('chromatic_aberrations', 0.9089228510856628), ('image_denoising', 0.05097993090748787), ('mean shift', 0.029470710083842278)]"
187640892.jpg,additive_noise_in_color_components,0.38951414823532104,"[('additive_noise_in_color_components', 0.38951414823532104), ('image_denoising', 0.261811763048172), ('spatially_correlated_noise', 0.14982126653194427)]"
189899579.jpg,contrast_change,0.6541314721107483,"[('contrast_change', 0.6541314721107483), ('chromatic_aberrations', 0.20432014763355255), ('quantization_noise', 0.07520927488803864)]"
1929087646.jpg,image_denoising,0.9135485291481018,"[('image_denoising', 0.9135485291481018), ('chromatic_aberrations', 0.08189878612756729), ('gaussian_blur', 0.004292689263820648)]"
19300996.jpg,chromatic_aberrations,0.9995868802070618,"[('chromatic_aberrations', 0.9995868802070618), ('quantization_noise', 0.00021274627943057567), ('mean shift', 0.00011849653674289584)]"
194369363.jpg,image_denoising,0.5310474634170532,"[('image_denoising', 0.5310474634170532), ('gaussian_blur', 0.46282270550727844), ('chromatic_aberrations', 0.00589339341968298)]"
1947195937.jpg,gaussian_blur,0.9730004072189331,"[('gaussian_blur', 0.9730004072189331), ('mean shift', 0.01750071533024311), ('image_denoising', 0.0066685969941318035)]"
19502065.jpg,chromatic_aberrations,0.9675657153129578,"[('chromatic_aberrations', 0.9675657153129578), ('mean shift', 0.026385236531496048), ('contrast_change', 0.004203970078378916)]"
1987196687.jpg,spatially_correlated_noise,0.7193822264671326,"[('spatially_correlated_noise', 0.7193822264671326), ('contrast_change', 0.1336611658334732), ('jpeg2000_transmission_errors', 0.0670265257358551)]"
20079130.jpg,mean shift,0.9507082104682922,"[('mean shift', 0.9507082104682922), ('contrast_change', 0.036645933985710144), ('jpeg_transmission_errors', 0.008397393859922886)]"
202551289.jpg,mean shift,0.9777606129646301,"[('mean shift', 0.9777606129646301), ('chromatic_aberrations', 0.010117403231561184), ('contrast_change', 0.0043616704642772675)]"
2035975268.jpg,chromatic_aberrations,0.440691739320755,"[('chromatic_aberrations', 0.440691739320755), ('mean shift', 0.11083514988422394), ('sparse_sampling_and_reconstruction', 0.07620979100465775)]"
2047083409.jpg,chromatic_aberrations,0.875423014163971,"[('chromatic_aberrations', 0.875423014163971), ('contrast_change', 0.09291749447584152), ('quantization_noise', 0.01568407565355301)]"
2055589084.jpg,contrast_change,0.4350464940071106,"[('contrast_change', 0.4350464940071106), ('mean shift', 0.4087263345718384), ('chromatic_aberrations', 0.14882761240005493)]"
205662428.jpg,chromatic_aberrations,0.7207626104354858,"[('chromatic_aberrations', 0.7207626104354858), ('mean shift', 0.26967936754226685), ('contrast_change', 0.004146398976445198)]"
2058985902.jpg,chromatic_aberrations,0.887315034866333,"[('chromatic_aberrations', 0.887315034866333), ('image_denoising', 0.09304586052894592), ('spatially_correlated_noise', 0.007200207095593214)]"
2060529660.jpg,non_eccentricity_pattern_noise,0.9638155102729797,"[('non_eccentricity_pattern_noise', 0.9638155102729797), ('jpeg_transmission_errors', 0.03511630371212959), ('impulse_noise', 0.00022623554104939103)]"
206294085.jpg,gaussian_blur,0.992225170135498,"[('gaussian_blur', 0.992225170135498), ('image_denoising', 0.007497415877878666), ('sparse_sampling_and_reconstruction', 0.00010217027011094615)]"
2063421762.jpg,chromatic_aberrations,0.712493896484375,"[('chromatic_aberrations', 0.712493896484375), ('spatially_correlated_noise', 0.19237609207630157), ('image_denoising', 0.07281084358692169)]"
2063914625.jpg,contrast_change,0.8455562591552734,"[('contrast_change', 0.8455562591552734), ('mean shift', 0.09519298374652863), ('quantization_noise', 0.0511493980884552)]"
2064478851.jpg,chromatic_aberrations,0.9141642451286316,"[('chromatic_aberrations', 0.9141642451286316), ('mean shift', 0.0794171392917633), ('image_denoising', 0.005207767244428396)]"
2064690658.jpg,mean shift,0.8961866497993469,"[('mean shift', 0.8961866497993469), ('image_denoising', 0.036811504513025284), ('contrast_change', 0.031761735677719116)]"
2070418201.jpg,chromatic_aberrations,0.7559282183647156,"[('chromatic_aberrations', 0.7559282183647156), ('image_denoising', 0.22944149374961853), ('mean shift', 0.008491639979183674)]"
2088433684.jpg,chromatic_aberrations,0.9937279224395752,"[('chromatic_aberrations', 0.9937279224395752), ('quantization_noise', 0.002026092493906617), ('spatially_correlated_noise', 0.001233611605130136)]"
2093280771.jpg,mean shift,0.9392355680465698,"[('mean shift', 0.9392355680465698), ('multiplicative_gaussian_noise', 0.032446011900901794), ('contrast_change', 0.018710803240537643)]"
2093652366.jpg,contrast_change,0.981255292892456,"[('contrast_change', 0.981255292892456), ('mean shift', 0.018114442005753517), ('chromatic_aberrations', 0.0002143793972209096)]"
2097618827.jpg,chromatic_aberrations,0.8785162568092346,"[('chromatic_aberrations', 0.8785162568092346), ('mean shift', 0.1168186143040657), ('gaussian_blur', 0.002286988776177168)]"
2098594651.jpg,image_denoising,0.9803130030632019,"[('image_denoising', 0.9803130030632019), ('chromatic_aberrations', 0.01773933693766594), ('gaussian_blur', 0.0015670204302296042)]"
211562425.jpg,image_denoising,0.9900469183921814,"[('image_denoising', 0.9900469183921814), ('quantization_noise', 0.00498955650255084), ('jpeg2000_transmission_errors', 0.0033975220285356045)]"
2124048872.jpg,comfort_noise,0.761232316493988,"[('comfort_noise', 0.761232316493988), ('image_denoising', 0.10703941434621811), ('lossy_compression_of_color_images', 0.0579015277326107)]"
2125272449.jpg,mean shift,0.9323508739471436,"[('mean shift', 0.9323508739471436), ('chromatic_aberrations', 0.055802006274461746), ('image_denoising', 0.007566459942609072)]"
2126677316.jpg,chromatic_aberrations,0.9259582757949829,"[('chromatic_aberrations', 0.9259582757949829), ('image_denoising', 0.07251016050577164), ('mean shift', 0.0010713343508541584)]"
2126890271.jpg,contrast_change,0.6956679224967957,"[('contrast_change', 0.6956679224967957), ('mean shift', 0.2692970037460327), ('change of color saturation', 0.033248983323574066)]"
2127908996.jpg,gaussian_blur,0.9988413453102112,"[('gaussian_blur', 0.9988413453102112), ('image_denoising', 0.0010007653618231416), ('jpeg2000_compression', 8.123999577946961e-05)]"
2128879923.jpg,chromatic_aberrations,0.9976388216018677,"[('chromatic_aberrations', 0.9976388216018677), ('image_denoising', 0.0020903670229017735), ('mean shift', 0.000193478845176287)]"
2131254561.jpg,gaussian_blur,0.9494871497154236,"[('gaussian_blur', 0.9494871497154236), ('image_denoising', 0.025980554521083832), ('chromatic_aberrations', 0.0236456748098135)]"
2133766199.jpg,non_eccentricity_pattern_noise,0.5810181498527527,"[('non_eccentricity_pattern_noise', 0.5810181498527527), ('jpeg2000_transmission_errors', 0.3591839075088501), ('image_denoising', 0.014906113035976887)]"
213439801.jpg,image_denoising,0.9974217414855957,"[('image_denoising', 0.9974217414855957), ('chromatic_aberrations', 0.0019127186387777328), ('gaussian_blur', 0.0005883618141524494)]"
2144290999.jpg,mean shift,0.991848349571228,"[('mean shift', 0.991848349571228), ('chromatic_aberrations', 0.002969656838104129), ('image_denoising', 0.0022352230735123158)]"
2147811000.jpg,gaussian_blur,0.9548256397247314,"[('gaussian_blur', 0.9548256397247314), ('mean shift', 0.0217684805393219), ('jpeg2000_transmission_errors', 0.010730311274528503)]"
2149719899.jpg,mean shift,0.9248786568641663,"[('mean shift', 0.9248786568641663), ('chromatic_aberrations', 0.06384076178073883), ('contrast_change', 0.008439048193395138)]"
2149726014.jpg,contrast_change,0.5272980332374573,"[('contrast_change', 0.5272980332374573), ('non_eccentricity_pattern_noise', 0.11062629520893097), ('color_quantization_with_dithering', 0.10018985718488693)]"
2159705303.jpg,mean shift,0.962513267993927,"[('mean shift', 0.962513267993927), ('contrast_change', 0.03725092485547066), ('chromatic_aberrations', 0.00012794896611012518)]"
2164495332.jpg,image_denoising,0.9619840979576111,"[('image_denoising', 0.9619840979576111), ('chromatic_aberrations', 0.03585638105869293), ('gaussian_blur', 0.0008700499893166125)]"
2166503846.jpg,chromatic_aberrations,0.9370765686035156,"[('chromatic_aberrations', 0.9370765686035156), ('image_denoising', 0.051701221615076065), ('mean shift', 0.009461361914873123)]"
2170460897.jpg,contrast_change,0.8841165900230408,"[('contrast_change', 0.8841165900230408), ('mean shift', 0.04181000962853432), ('additive_noise_in_color_components', 0.02882455661892891)]"
2183577836.jpg,mean shift,0.7043668627738953,"[('mean shift', 0.7043668627738953), ('chromatic_aberrations', 0.2895701825618744), ('contrast_change', 0.0024363959673792124)]"
218457399.jpg,jpeg2000_transmission_errors,0.9359301328659058,"[('jpeg2000_transmission_errors', 0.9359301328659058), ('comfort_noise', 0.0495208315551281), ('color_quantization_with_dithering', 0.006050453521311283)]"
21852937.jpg,contrast_change,0.9391049742698669,"[('contrast_change', 0.9391049742698669), ('mean shift', 0.06029259040951729), ('chromatic_aberrations', 0.00025061910855583847)]"
2189933975.jpg,gaussian_blur,0.9971747398376465,"[('gaussian_blur', 0.9971747398376465), ('mean shift', 0.0017214564140886068), ('contrast_change', 0.0006943329935893416)]"
2191202126.jpg,image_denoising,0.8506746888160706,"[('image_denoising', 0.8506746888160706), ('chromatic_aberrations', 0.1281094253063202), ('quantization_noise', 0.013145328499376774)]"
2196513263.jpg,image_denoising,0.9013555645942688,"[('image_denoising', 0.9013555645942688), ('gaussian_blur', 0.09617631137371063), ('chromatic_aberrations', 0.0018383749993517995)]"
2198895718.jpg,mean shift,0.4970186948776245,"[('mean shift', 0.4970186948776245), ('chromatic_aberrations', 0.40851256251335144), ('image_denoising', 0.03954353556036949)]"
2199234449.jpg,jpeg2000_transmission_errors,0.6454943418502808,"[('jpeg2000_transmission_errors', 0.6454943418502808), ('contrast_change', 0.3409159183502197), ('chromatic_aberrations', 0.005128644406795502)]"
220183616.jpg,mean shift,0.5519853234291077,"[('mean shift', 0.5519853234291077), ('contrast_change', 0.3516860008239746), ('chromatic_aberrations', 0.05366775020956993)]"
2202105982.jpg,chromatic_aberrations,0.9993625283241272,"[('chromatic_aberrations', 0.9993625283241272), ('image_denoising', 0.00032277079299092293), ('quantization_noise', 0.00018591515254229307)]"
2204368170.jpg,mean shift,0.5749300122261047,"[('mean shift', 0.5749300122261047), ('chromatic_aberrations', 0.420673131942749), ('contrast_change', 0.0024944671895354986)]"
220503608.jpg,gaussian_blur,0.9803879261016846,"[('gaussian_blur', 0.9803879261016846), ('mean shift', 0.017339549958705902), ('chromatic_aberrations', 0.0014569760533049703)]"
2208434983.jpg,contrast_change,0.8803468942642212,"[('contrast_change', 0.8803468942642212), ('mean shift', 0.08735409379005432), ('gaussian_blur', 0.0319330133497715)]"
2214729676.jpg,image_denoising,0.9737666249275208,"[('image_denoising', 0.9737666249275208), ('additive_noise_in_color_components', 0.014303010888397694), ('sparse_sampling_and_reconstruction', 0.0036657070741057396)]"
2221745311.jpg,multiplicative_gaussian_noise,0.2764386832714081,"[('multiplicative_gaussian_noise', 0.2764386832714081), ('additive_gaussian_noise', 0.24780476093292236), ('mean shift', 0.16145972907543182)]"
2223255997.jpg,change of color saturation,0.9656153917312622,"[('change of color saturation', 0.9656153917312622), ('jpeg_compression', 0.029720120131969452), ('jpeg2000_compression', 0.0015410686610266566)]"
223191871.jpg,quantization_noise,0.615005373954773,"[('quantization_noise', 0.615005373954773), ('chromatic_aberrations', 0.22896204888820648), ('contrast_change', 0.15046681463718414)]"
2232895391.jpg,chromatic_aberrations,0.7406559586524963,"[('chromatic_aberrations', 0.7406559586524963), ('mean shift', 0.25443676114082336), ('image_denoising', 0.0018177881138399243)]"
2233947320.jpg,jpeg_transmission_errors,0.994461178779602,"[('jpeg_transmission_errors', 0.994461178779602), ('change of color saturation', 0.001849947846494615), ('comfort_noise', 0.0008960517589002848)]"
2234060892.jpg,chromatic_aberrations,0.5196394324302673,"[('chromatic_aberrations', 0.5196394324302673), ('mean shift', 0.23557938635349274), ('image_denoising', 0.23005352914333344)]"
2234064642.jpg,change of color saturation,0.9914700388908386,"[('change of color saturation', 0.9914700388908386), ('color_quantization_with_dithering', 0.006965555250644684), ('mean shift', 0.0007816593279130757)]"
2236041996.jpg,chromatic_aberrations,0.9871282577514648,"[('chromatic_aberrations', 0.9871282577514648), ('image_denoising', 0.006727541331201792), ('mean shift', 0.004457991570234299)]"
2239987680.jpg,contrast_change,0.9696639180183411,"[('contrast_change', 0.9696639180183411), ('mean shift', 0.02267000451683998), ('gaussian_blur', 0.003434740239754319)]"
2256741921.jpg,chromatic_aberrations,0.9831968545913696,"[('chromatic_aberrations', 0.9831968545913696), ('image_denoising', 0.01139293797314167), ('mean shift', 0.004136764910072088)]"
226477214.jpg,gaussian_blur,0.9990353584289551,"[('gaussian_blur', 0.9990353584289551), ('sparse_sampling_and_reconstruction', 0.00029844403616152704), ('jpeg2000_transmission_errors', 0.000163960168720223)]"
2264946914.jpg,chromatic_aberrations,0.6615290641784668,"[('chromatic_aberrations', 0.6615290641784668), ('mean shift', 0.2873770594596863), ('contrast_change', 0.025951771065592766)]"
2268779821.jpg,image_denoising,0.7071316242218018,"[('image_denoising', 0.7071316242218018), ('chromatic_aberrations', 0.2907696068286896), ('quantization_noise', 0.0007911077700555325)]"
2275633566.jpg,non_eccentricity_pattern_noise,0.9203188419342041,"[('non_eccentricity_pattern_noise', 0.9203188419342041), ('mean shift', 0.061056483536958694), ('contrast_change', 0.012739143334329128)]"
2280116666.jpg,gaussian_blur,0.9582043886184692,"[('gaussian_blur', 0.9582043886184692), ('mean shift', 0.029520569369196892), ('chromatic_aberrations', 0.006696173921227455)]"
2280432289.jpg,jpeg2000_compression,0.9458576440811157,"[('jpeg2000_compression', 0.9458576440811157), ('image_denoising', 0.04506179317831993), ('comfort_noise', 0.005485894624143839)]"
2280531345.jpg,gaussian_blur,0.9572620391845703,"[('gaussian_blur', 0.9572620391845703), ('image_denoising', 0.020238302648067474), ('chromatic_aberrations', 0.020067855715751648)]"
2280668053.jpg,chromatic_aberrations,0.3388054668903351,"[('chromatic_aberrations', 0.3388054668903351), ('mean shift', 0.33387500047683716), ('image_denoising', 0.20149052143096924)]"
228617373.jpg,chromatic_aberrations,0.4588239789009094,"[('chromatic_aberrations', 0.4588239789009094), ('mean shift', 0.33238527178764343), ('image_denoising', 0.10629323124885559)]"
2286627596.jpg,image_denoising,0.6723132133483887,"[('image_denoising', 0.6723132133483887), ('mean shift', 0.20918840169906616), ('chromatic_aberrations', 0.06316930055618286)]"
2293775114.jpg,chromatic_aberrations,0.9110991358757019,"[('chromatic_aberrations', 0.9110991358757019), ('image_denoising', 0.08581161499023438), ('mean shift', 0.0014340812340378761)]"
229400288.jpg,chromatic_aberrations,0.8838344216346741,"[('chromatic_aberrations', 0.8838344216346741), ('image_denoising', 0.11480417847633362), ('mean shift', 0.0008962569409050047)]"
22947511.jpg,chromatic_aberrations,0.6380487680435181,"[('chromatic_aberrations', 0.6380487680435181), ('image_denoising', 0.18387636542320251), ('mean shift', 0.17173118889331818)]"
2295329994.jpg,mean shift,0.996918797492981,"[('mean shift', 0.996918797492981), ('chromatic_aberrations', 0.0018488387577235699), ('contrast_change', 0.0007510643918067217)]"
2304572915.jpg,jpeg2000_transmission_errors,0.892553985118866,"[('jpeg2000_transmission_errors', 0.892553985118866), ('jpeg_transmission_errors', 0.07282760739326477), ('mean shift', 0.015412560664117336)]"
2305236722.jpg,non_eccentricity_pattern_noise,0.8589693307876587,"[('non_eccentricity_pattern_noise', 0.8589693307876587), ('mean shift', 0.07917609065771103), ('contrast_change', 0.04759711027145386)]"
2306462251.jpg,gaussian_blur,0.9987651109695435,"[('gaussian_blur', 0.9987651109695435), ('sparse_sampling_and_reconstruction', 0.0011540839914232492), ('contrast_change', 6.020655928296037e-05)]"
2310631117.jpg,mean shift,0.873053789138794,"[('mean shift', 0.873053789138794), ('chromatic_aberrations', 0.09692015498876572), ('image_denoising', 0.024174397811293602)]"
2311702728.jpg,chromatic_aberrations,0.9308376312255859,"[('chromatic_aberrations', 0.9308376312255859), ('mean shift', 0.05901152640581131), ('spatially_correlated_noise', 0.0029025909025222063)]"
2311738871.jpg,change of color saturation,0.9999113082885742,"[('change of color saturation', 0.9999113082885742), ('jpeg_transmission_errors', 5.536535172723234e-05), ('contrast_change', 1.5069185792526696e-05)]"
2317296071.jpg,mean shift,0.9665991067886353,"[('mean shift', 0.9665991067886353), ('contrast_change', 0.03295450285077095), ('quantization_noise', 0.00016568026330787688)]"
2323279407.jpg,mean shift,0.9690138101577759,"[('mean shift', 0.9690138101577759), ('chromatic_aberrations', 0.027715250849723816), ('contrast_change', 0.0015361427795141935)]"
2323828778.jpg,mean shift,0.9634314179420471,"[('mean shift', 0.9634314179420471), ('chromatic_aberrations', 0.02443065121769905), ('contrast_change', 0.007077494636178017)]"
2324511288.jpg,image_denoising,0.7427461743354797,"[('image_denoising', 0.7427461743354797), ('jpeg2000_transmission_errors', 0.22851872444152832), ('comfort_noise', 0.018648957833647728)]"
2325353113.jpg,image_denoising,0.9993517994880676,"[('image_denoising', 0.9993517994880676), ('chromatic_aberrations', 0.0006063533946871758), ('jpeg2000_compression', 1.7296279111178592e-05)]"
2329258631.jpg,chromatic_aberrations,0.5779443383216858,"[('chromatic_aberrations', 0.5779443383216858), ('image_denoising', 0.41572803258895874), ('gaussian_blur', 0.0037057071458548307)]"
233045618.jpg,non_eccentricity_pattern_noise,0.9621713161468506,"[('non_eccentricity_pattern_noise', 0.9621713161468506), ('jpeg_transmission_errors', 0.019313210621476173), ('jpeg2000_transmission_errors', 0.011197589337825775)]"
2331420998.jpg,chromatic_aberrations,0.5925719738006592,"[('chromatic_aberrations', 0.5925719738006592), ('mean shift', 0.3973585367202759), ('image_denoising', 0.006486393045634031)]"
2332998569.jpg,chromatic_aberrations,0.6549233198165894,"[('chromatic_aberrations', 0.6549233198165894), ('image_denoising', 0.32685574889183044), ('mean shift', 0.010925838723778725)]"
2333476039.jpg,gaussian_blur,0.8964423537254333,"[('gaussian_blur', 0.8964423537254333), ('image_denoising', 0.0973207950592041), ('sparse_sampling_and_reconstruction', 0.0032083839178085327)]"
23371433.jpg,quantization_noise,0.9995203018188477,"[('quantization_noise', 0.9995203018188477), ('contrast_change', 0.00036155179259367287), ('image_denoising', 6.444702739827335e-05)]"
2339673410.jpg,jpeg_transmission_errors,0.880364716053009,"[('jpeg_transmission_errors', 0.880364716053009), ('change of color saturation', 0.04872983321547508), ('sparse_sampling_and_reconstruction', 0.035440072417259216)]"
2349676135.jpg,chromatic_aberrations,0.9351974725723267,"[('chromatic_aberrations', 0.9351974725723267), ('mean shift', 0.05356086045503616), ('image_denoising', 0.009558774530887604)]"
2350031609.jpg,contrast_change,0.9757625460624695,"[('contrast_change', 0.9757625460624695), ('change of color saturation', 0.012158787809312344), ('mean shift', 0.011101530864834785)]"
2355891811.jpg,spatially_correlated_noise,0.8140203356742859,"[('spatially_correlated_noise', 0.8140203356742859), ('mean shift', 0.05348726361989975), ('additive_noise_in_color_components', 0.04878351464867592)]"
2360058082.jpg,chromatic_aberrations,0.9485957622528076,"[('chromatic_aberrations', 0.9485957622528076), ('mean shift', 0.03419781103730202), ('image_denoising', 0.013470119796693325)]"
2361724609.jpg,image_denoising,0.6858482360839844,"[('image_denoising', 0.6858482360839844), ('chromatic_aberrations', 0.28668126463890076), ('mean shift', 0.012759602628648281)]"
2363413290.jpg,chromatic_aberrations,0.6701010465621948,"[('chromatic_aberrations', 0.6701010465621948), ('mean shift', 0.3155861496925354), ('image_denoising', 0.007109818514436483)]"
2364901003.jpg,gaussian_blur,0.9883893728256226,"[('gaussian_blur', 0.9883893728256226), ('chromatic_aberrations', 0.005943650379776955), ('image_denoising', 0.004934926982969046)]"
2366273919.jpg,change of color saturation,0.7283177971839905,"[('change of color saturation', 0.7283177971839905), ('sparse_sampling_and_reconstruction', 0.2541729807853699), ('jpeg_transmission_errors', 0.012699156999588013)]"
2367261033.jpg,gaussian_blur,0.9940781593322754,"[('gaussian_blur', 0.9940781593322754), ('image_denoising', 0.003402868751436472), ('chromatic_aberrations', 0.0017734586726874113)]"
2367765365.jpg,mean shift,0.9281246662139893,"[('mean shift', 0.9281246662139893), ('contrast_change', 0.05521221086382866), ('multiplicative_gaussian_noise', 0.009904778562486172)]"
2371655336.jpg,chromatic_aberrations,0.7615613341331482,"[('chromatic_aberrations', 0.7615613341331482), ('image_denoising', 0.2377530038356781), ('gaussian_blur', 0.00035497263888828456)]"
2376113642.jpg,gaussian_blur,0.9858517050743103,"[('gaussian_blur', 0.9858517050743103), ('contrast_change', 0.005231982562690973), ('jpeg2000_compression', 0.004294950980693102)]"
2381196755.jpg,gaussian_blur,0.3521706461906433,"[('gaussian_blur', 0.3521706461906433), ('sparse_sampling_and_reconstruction', 0.32750335335731506), ('jpeg2000_compression', 0.3189636468887329)]"
2393187912.jpg,chromatic_aberrations,0.9916532635688782,"[('chromatic_aberrations', 0.9916532635688782), ('image_denoising', 0.006228219717741013), ('mean shift', 0.0007561014499515295)]"
2405495711.jpg,chromatic_aberrations,0.9946022629737854,"[('chromatic_aberrations', 0.9946022629737854), ('mean shift', 0.0026522332336753607), ('image_denoising', 0.0025338553823530674)]"
2409675838.jpg,mean shift,0.9809378981590271,"[('mean shift', 0.9809378981590271), ('contrast_change', 0.018837230280041695), ('gaussian_blur', 9.882599988486618e-05)]"
2413968824.jpg,additive_gaussian_noise,0.9317693114280701,"[('additive_gaussian_noise', 0.9317693114280701), ('spatially_correlated_noise', 0.06163474917411804), ('lossy_compression_of_color_images', 0.0030079642310738564)]"
2415334988.jpg,comfort_noise,0.9989056587219238,"[('comfort_noise', 0.9989056587219238), ('contrast_change', 0.0005184204201214015), ('jpeg2000_transmission_errors', 0.0003522106271702796)]"
2415583702.jpg,gaussian_blur,0.997494101524353,"[('gaussian_blur', 0.997494101524353), ('jpeg2000_compression', 0.0012137643061578274), ('sparse_sampling_and_reconstruction', 0.0011547832982614636)]"
2418067534.jpg,chromatic_aberrations,0.34626826643943787,"[('chromatic_aberrations', 0.34626826643943787), ('mean shift', 0.2278439998626709), ('contrast_change', 0.1696036458015442)]"
2421141390.jpg,jpeg2000_transmission_errors,0.5738005638122559,"[('jpeg2000_transmission_errors', 0.5738005638122559), ('jpeg_transmission_errors', 0.37009143829345703), ('contrast_change', 0.0179081279784441)]"
2422029745.jpg,contrast_change,0.5676774978637695,"[('contrast_change', 0.5676774978637695), ('quantization_noise', 0.33657893538475037), ('chromatic_aberrations', 0.083943210542202)]"
2422172125.jpg,image_denoising,0.6038035154342651,"[('image_denoising', 0.6038035154342651), ('mean shift', 0.3023245632648468), ('gaussian_blur', 0.0744830071926117)]"
242395156.jpg,image_denoising,0.9134056568145752,"[('image_denoising', 0.9134056568145752), ('chromatic_aberrations', 0.08564538508653641), ('gaussian_blur', 0.000804274226538837)]"
242503451.jpg,mean shift,0.7433640956878662,"[('mean shift', 0.7433640956878662), ('chromatic_aberrations', 0.25205716490745544), ('contrast_change', 0.0018443848239257932)]"
2434624532.jpg,image_denoising,0.8403076529502869,"[('image_denoising', 0.8403076529502869), ('chromatic_aberrations', 0.11498119682073593), ('quantization_noise', 0.0384148545563221)]"
2444482022.jpg,contrast_change,0.5612083673477173,"[('contrast_change', 0.5612083673477173), ('quantization_noise', 0.4217893183231354), ('spatially_correlated_noise', 0.007966648787260056)]"
244484608.jpg,gaussian_blur,0.9981482028961182,"[('gaussian_blur', 0.9981482028961182), ('image_denoising', 0.0014033173210918903), ('chromatic_aberrations', 0.0001383332855766639)]"
2447797924.jpg,change of color saturation,0.999150276184082,"[('change of color saturation', 0.999150276184082), ('jpeg_transmission_errors', 0.0008075608056969941), ('sparse_sampling_and_reconstruction', 9.519670129520819e-06)]"
2460847286.jpg,gaussian_blur,0.9995599389076233,"[('gaussian_blur', 0.9995599389076233), ('contrast_change', 0.00033810868626460433), ('sparse_sampling_and_reconstruction', 5.358039925340563e-05)]"
246188030.jpg,jpeg_transmission_errors,0.8369103074073792,"[('jpeg_transmission_errors', 0.8369103074073792), ('sparse_sampling_and_reconstruction', 0.07140898704528809), ('comfort_noise', 0.02090727910399437)]"
2464934588.jpg,chromatic_aberrations,0.9989768266677856,"[('chromatic_aberrations', 0.9989768266677856), ('image_denoising', 0.0006526053766719997), ('mean shift', 0.00026222298038192093)]"
2465673065.jpg,contrast_change,0.9879706501960754,"[('contrast_change', 0.9879706501960754), ('quantization_noise', 0.010657969862222672), ('chromatic_aberrations', 0.0005060413386672735)]"
2471109874.jpg,gaussian_blur,0.5917140245437622,"[('gaussian_blur', 0.5917140245437622), ('contrast_change', 0.21335922181606293), ('mean shift', 0.15829750895500183)]"
2473676566.jpg,spatially_correlated_noise,0.9939092397689819,"[('spatially_correlated_noise', 0.9939092397689819), ('additive_noise_in_color_components', 0.00496690021827817), ('image_denoising', 0.0006061462336219847)]"
2474265369.jpg,change of color saturation,0.7438529133796692,"[('change of color saturation', 0.7438529133796692), ('jpeg2000_compression', 0.19839510321617126), ('sparse_sampling_and_reconstruction', 0.05007917061448097)]"
2475938786.jpg,image_denoising,0.7587143182754517,"[('image_denoising', 0.7587143182754517), ('chromatic_aberrations', 0.23871523141860962), ('quantization_noise', 0.0011679952731356025)]"
2477552466.jpg,additive_noise_in_color_components,0.9419152736663818,"[('additive_noise_in_color_components', 0.9419152736663818), ('spatially_correlated_noise', 0.03312234953045845), ('sparse_sampling_and_reconstruction', 0.012114672921597958)]"
2481588554.jpg,image_denoising,0.8406093716621399,"[('image_denoising', 0.8406093716621399), ('chromatic_aberrations', 0.14884193241596222), ('gaussian_blur', 0.009638074785470963)]"
2489035588.jpg,chromatic_aberrations,0.9665496349334717,"[('chromatic_aberrations', 0.9665496349334717), ('image_denoising', 0.01449943333864212), ('mean shift', 0.00884426012635231)]"
2491353954.jpg,gaussian_blur,0.9699773788452148,"[('gaussian_blur', 0.9699773788452148), ('image_denoising', 0.018139785155653954), ('chromatic_aberrations', 0.0036048945039510727)]"
2492228578.jpg,gaussian_blur,0.9995124340057373,"[('gaussian_blur', 0.9995124340057373), ('image_denoising', 0.000442965334514156), ('chromatic_aberrations', 3.0135386623442173e-05)]"
2495772957.jpg,image_denoising,0.9990457892417908,"[('image_denoising', 0.9990457892417908), ('gaussian_blur', 0.0005728330579586327), ('chromatic_aberrations', 0.0003586595703382045)]"
2496466506.jpg,image_denoising,0.9963529109954834,"[('image_denoising', 0.9963529109954834), ('gaussian_blur', 0.0014625178882852197), ('chromatic_aberrations', 0.0011447587748989463)]"
2501256504.jpg,contrast_change,0.6564245820045471,"[('contrast_change', 0.6564245820045471), ('chromatic_aberrations', 0.12823183834552765), ('jpeg2000_transmission_errors', 0.09165362268686295)]"
2503869220.jpg,gaussian_blur,0.9927636981010437,"[('gaussian_blur', 0.9927636981010437), ('image_denoising', 0.00454329838976264), ('chromatic_aberrations', 0.0024624348152428865)]"
2508139577.jpg,gaussian_blur,0.758561909198761,"[('gaussian_blur', 0.758561909198761), ('image_denoising', 0.2269938588142395), ('chromatic_aberrations', 0.009397545829415321)]"
2517368566.jpg,change of color saturation,0.9991757273674011,"[('change of color saturation', 0.9991757273674011), ('contrast_change', 0.0007040448253974319), ('jpeg_transmission_errors', 5.765125752077438e-05)]"
2519235976.jpg,mean shift,0.4993390738964081,"[('mean shift', 0.4993390738964081), ('gaussian_blur', 0.2748006582260132), ('chromatic_aberrations', 0.18153905868530273)]"
251925288.jpg,chromatic_aberrations,0.997645914554596,"[('chromatic_aberrations', 0.997645914554596), ('image_denoising', 0.0015103957848623395), ('mean shift', 0.0006522620096802711)]"
252435496.jpg,mean shift,0.7694450616836548,"[('mean shift', 0.7694450616836548), ('chromatic_aberrations', 0.07069036364555359), ('contrast_change', 0.06785394996404648)]"
2529798721.jpg,mean shift,0.9266558885574341,"[('mean shift', 0.9266558885574341), ('chromatic_aberrations', 0.03778325393795967), ('contrast_change', 0.03182823583483696)]"
253771260.jpg,gaussian_blur,0.5094106793403625,"[('gaussian_blur', 0.5094106793403625), ('image_denoising', 0.4873339533805847), ('chromatic_aberrations', 0.002768236445263028)]"
2539818768.jpg,mean shift,0.6759498119354248,"[('mean shift', 0.6759498119354248), ('chromatic_aberrations', 0.2862764596939087), ('gaussian_blur', 0.027584990486502647)]"
2540676775.jpg,change of color saturation,0.9994908571243286,"[('change of color saturation', 0.9994908571243286), ('contrast_change', 0.0004889872507192194), ('jpeg_transmission_errors', 1.3293920346768573e-05)]"
2542492471.jpg,chromatic_aberrations,0.9993307590484619,"[('chromatic_aberrations', 0.9993307590484619), ('image_denoising', 0.000369730667443946), ('spatially_correlated_noise', 0.00014103199646342546)]"
2545877303.jpg,image_denoising,0.8425717949867249,"[('image_denoising', 0.8425717949867249), ('quantization_noise', 0.05995028093457222), ('contrast_change', 0.04321881756186485)]"
2549004146.jpg,chromatic_aberrations,0.7930626273155212,"[('chromatic_aberrations', 0.7930626273155212), ('mean shift', 0.14147242903709412), ('image_denoising', 0.0304246973246336)]"
255478501.jpg,spatially_correlated_noise,0.43530917167663574,"[('spatially_correlated_noise', 0.43530917167663574), ('image_denoising', 0.3224341571331024), ('chromatic_aberrations', 0.22600282728672028)]"
2555211479.jpg,chromatic_aberrations,0.998880922794342,"[('chromatic_aberrations', 0.998880922794342), ('mean shift', 0.0006206451798789203), ('quantization_noise', 0.0003404147282708436)]"
255984640.jpg,mean shift,0.969826877117157,"[('mean shift', 0.969826877117157), ('contrast_change', 0.021210376173257828), ('chromatic_aberrations', 0.00756412697955966)]"
255985226.jpg,mean shift,0.7497186064720154,"[('mean shift', 0.7497186064720154), ('chromatic_aberrations', 0.24228635430335999), ('image_denoising', 0.003532411763444543)]"
2562592972.jpg,mean shift,0.8652619123458862,"[('mean shift', 0.8652619123458862), ('multiplicative_gaussian_noise', 0.08422614634037018), ('contrast_change', 0.01591665856540203)]"
2568268182.jpg,chromatic_aberrations,0.6337990164756775,"[('chromatic_aberrations', 0.6337990164756775), ('spatially_correlated_noise', 0.11788380146026611), ('additive_gaussian_noise', 0.10127169638872147)]"
2569774614.jpg,image_denoising,0.9911131262779236,"[('image_denoising', 0.9911131262779236), ('chromatic_aberrations', 0.008223405107855797), ('mean shift', 0.0002881632244680077)]"
257114018.jpg,spatially_correlated_noise,0.3406231701374054,"[('spatially_correlated_noise', 0.3406231701374054), ('jpeg2000_transmission_errors', 0.16803301870822906), ('quantization_noise', 0.11168038845062256)]"
25742613.jpg,image_denoising,0.4617300033569336,"[('image_denoising', 0.4617300033569336), ('chromatic_aberrations', 0.3157433271408081), ('mean shift', 0.17787867784500122)]"
257457837.jpg,chromatic_aberrations,0.7912578582763672,"[('chromatic_aberrations', 0.7912578582763672), ('quantization_noise', 0.14771299064159393), ('mean shift', 0.024431752040982246)]"
258502837.jpg,quantization_noise,0.9969198703765869,"[('quantization_noise', 0.9969198703765869), ('contrast_change', 0.002769904211163521), ('multiplicative_gaussian_noise', 0.00013269913324620575)]"
2585795694.jpg,contrast_change,0.9132272601127625,"[('contrast_change', 0.9132272601127625), ('quantization_noise', 0.04994352534413338), ('image_denoising', 0.016844598576426506)]"
2593384818.jpg,mean shift,0.932773232460022,"[('mean shift', 0.932773232460022), ('multiplicative_gaussian_noise', 0.03981316089630127), ('contrast_change', 0.015024270862340927)]"
2601219815.jpg,contrast_change,0.9294925332069397,"[('contrast_change', 0.9294925332069397), ('mean shift', 0.05483918637037277), ('chromatic_aberrations', 0.012081434018909931)]"
2602273170.jpg,chromatic_aberrations,0.9758299589157104,"[('chromatic_aberrations', 0.9758299589157104), ('image_denoising', 0.013193626888096333), ('mean shift', 0.005106830969452858)]"
2602795550.jpg,chromatic_aberrations,0.9996780157089233,"[('chromatic_aberrations', 0.9996780157089233), ('image_denoising', 0.00030320233781822026), ('spatially_correlated_noise', 6.307232069957536e-06)]"
2614925521.jpg,sparse_sampling_and_reconstruction,0.8217513561248779,"[('sparse_sampling_and_reconstruction', 0.8217513561248779), ('change of color saturation', 0.09481219947338104), ('jpeg_transmission_errors', 0.058174461126327515)]"
2621420457.jpg,mean shift,0.7935953140258789,"[('mean shift', 0.7935953140258789), ('contrast_change', 0.14136502146720886), ('chromatic_aberrations', 0.044652629643678665)]"
2634194915.jpg,image_denoising,0.9922647476196289,"[('image_denoising', 0.9922647476196289), ('gaussian_blur', 0.0056097181513905525), ('jpeg2000_compression', 0.0014871646417304873)]"
26344318.jpg,image_denoising,0.9642861485481262,"[('image_denoising', 0.9642861485481262), ('chromatic_aberrations', 0.03309198096394539), ('gaussian_blur', 0.0024112097453325987)]"
2634922777.jpg,image_denoising,0.9989092350006104,"[('image_denoising', 0.9989092350006104), ('chromatic_aberrations', 0.001043420983478427), ('jpeg2000_compression', 2.2006326616974548e-05)]"
2638753115.jpg,contrast_change,0.993796706199646,"[('contrast_change', 0.993796706199646), ('quantization_noise', 0.003372945822775364), ('chromatic_aberrations', 0.001138000749051571)]"
2640025600.jpg,contrast_change,0.793294370174408,"[('contrast_change', 0.793294370174408), ('quantization_noise', 0.1854303628206253), ('mean shift', 0.006303395610302687)]"
264173063.jpg,gaussian_blur,0.9807468056678772,"[('gaussian_blur', 0.9807468056678772), ('jpeg2000_compression', 0.012998181395232677), ('image_denoising', 0.0055498769506812096)]"
2641860474.jpg,chromatic_aberrations,0.9952238202095032,"[('chromatic_aberrations', 0.9952238202095032), ('image_denoising', 0.003632565261796117), ('quantization_noise', 0.0007732154335826635)]"
2649433967.jpg,jpeg2000_transmission_errors,0.5676428079605103,"[('jpeg2000_transmission_errors', 0.5676428079605103), ('image_denoising', 0.4047412872314453), ('contrast_change', 0.014180688187479973)]"
2650447326.jpg,image_denoising,0.9980168342590332,"[('image_denoising', 0.9980168342590332), ('jpeg2000_transmission_errors', 0.0010821354808285832), ('jpeg2000_compression', 0.0006750662578269839)]"
2656455723.jpg,chromatic_aberrations,0.48322081565856934,"[('chromatic_aberrations', 0.48322081565856934), ('quantization_noise', 0.4749535024166107), ('contrast_change', 0.01904067024588585)]"
2670820241.jpg,mean shift,0.7578119039535522,"[('mean shift', 0.7578119039535522), ('chromatic_aberrations', 0.2387077510356903), ('contrast_change', 0.0017026434652507305)]"
2676808752.jpg,chromatic_aberrations,0.5400283932685852,"[('chromatic_aberrations', 0.5400283932685852), ('mean shift', 0.43105533719062805), ('image_denoising', 0.023500733077526093)]"
2679224314.jpg,chromatic_aberrations,0.9214282035827637,"[('chromatic_aberrations', 0.9214282035827637), ('mean shift', 0.06620466709136963), ('quantization_noise', 0.0068246154114604)]"
2680180441.jpg,mean shift,0.8964951038360596,"[('mean shift', 0.8964951038360596), ('contrast_change', 0.09046938270330429), ('jpeg_transmission_errors', 0.007740879897028208)]"
26842976.jpg,mean shift,0.9605928063392639,"[('mean shift', 0.9605928063392639), ('contrast_change', 0.02499147318303585), ('chromatic_aberrations', 0.013374006375670433)]"
2688943738.jpg,contrast_change,0.9597223997116089,"[('contrast_change', 0.9597223997116089), ('quantization_noise', 0.035260383039712906), ('chromatic_aberrations', 0.0025027068331837654)]"
2688944098.jpg,image_denoising,0.5298266410827637,"[('image_denoising', 0.5298266410827637), ('chromatic_aberrations', 0.2895233631134033), ('quantization_noise', 0.13962674140930176)]"
2690466413.jpg,gaussian_blur,0.9991064667701721,"[('gaussian_blur', 0.9991064667701721), ('image_denoising', 0.0004967005224898458), ('chromatic_aberrations', 0.00022174599871505052)]"
2693336679.jpg,quantization_noise,0.9828277826309204,"[('quantization_noise', 0.9828277826309204), ('chromatic_aberrations', 0.0059700096026062965), ('contrast_change', 0.0030022384598851204)]"
2704811.jpg,contrast_change,0.8721288442611694,"[('contrast_change', 0.8721288442611694), ('jpeg2000_transmission_errors', 0.06951135396957397), ('quantization_noise', 0.03062874637544155)]"
2716631816.jpg,chromatic_aberrations,0.6610834002494812,"[('chromatic_aberrations', 0.6610834002494812), ('image_denoising', 0.32329511642456055), ('quantization_noise', 0.012443839572370052)]"
2718449902.jpg,mean shift,0.9819822311401367,"[('mean shift', 0.9819822311401367), ('chromatic_aberrations', 0.013976148329675198), ('contrast_change', 0.0014846979174762964)]"
2720757001.jpg,contrast_change,0.9263970851898193,"[('contrast_change', 0.9263970851898193), ('quantization_noise', 0.05255185812711716), ('image_denoising', 0.018743842840194702)]"
272411695.jpg,gaussian_blur,0.9919134378433228,"[('gaussian_blur', 0.9919134378433228), ('chromatic_aberrations', 0.004652164410799742), ('image_denoising', 0.0021300024818629026)]"
2725001053.jpg,contrast_change,0.6371952295303345,"[('contrast_change', 0.6371952295303345), ('mean shift', 0.33979693055152893), ('chromatic_aberrations', 0.01465203333646059)]"
2725531293.jpg,mean shift,0.5895977020263672,"[('mean shift', 0.5895977020263672), ('chromatic_aberrations', 0.3797953426837921), ('contrast_change', 0.018519273027777672)]"
2726774995.jpg,gaussian_blur,0.9955040812492371,"[('gaussian_blur', 0.9955040812492371), ('chromatic_aberrations', 0.002709653927013278), ('image_denoising', 0.0012276906054466963)]"
2730274502.jpg,chromatic_aberrations,0.5983697772026062,"[('chromatic_aberrations', 0.5983697772026062), ('mean shift', 0.34398454427719116), ('contrast_change', 0.04633130505681038)]"
2736161037.jpg,mean shift,0.9947082996368408,"[('mean shift', 0.9947082996368408), ('contrast_change', 0.003983861766755581), ('chromatic_aberrations', 0.0007193200872279704)]"
2741854107.jpg,chromatic_aberrations,0.9940063953399658,"[('chromatic_aberrations', 0.9940063953399658), ('mean shift', 0.0053997826762497425), ('quantization_noise', 0.00018671865109354258)]"
2742066850.jpg,contrast_change,0.8175936937332153,"[('contrast_change', 0.8175936937332153), ('gaussian_blur', 0.1774250566959381), ('mean shift', 0.004272226244211197)]"
274223521.jpg,image_denoising,0.990784764289856,"[('image_denoising', 0.990784764289856), ('chromatic_aberrations', 0.008810015395283699), ('additive_noise_in_color_components', 0.00012472234084270895)]"
274390572.jpg,chromatic_aberrations,0.9984982013702393,"[('chromatic_aberrations', 0.9984982013702393), ('image_denoising', 0.0008844081312417984), ('mean shift', 0.0004400140605866909)]"
2748301393.jpg,mean shift,0.9753318428993225,"[('mean shift', 0.9753318428993225), ('contrast_change', 0.019220992922782898), ('multiplicative_gaussian_noise', 0.002541682217270136)]"
2759049308.jpg,contrast_change,0.9295691847801208,"[('contrast_change', 0.9295691847801208), ('quantization_noise', 0.04925479367375374), ('mean shift', 0.019589265808463097)]"
2764211276.jpg,chromatic_aberrations,0.9984779953956604,"[('chromatic_aberrations', 0.9984779953956604), ('image_denoising', 0.0014675421407446265), ('mean shift', 1.4413054486794863e-05)]"
276570133.jpg,change of color saturation,0.9999568462371826,"[('change of color saturation', 0.9999568462371826), ('jpeg_transmission_errors', 2.3503645934397355e-05), ('jpeg_compression', 8.51028107717866e-06)]"
276590560.jpg,chromatic_aberrations,0.7360846996307373,"[('chromatic_aberrations', 0.7360846996307373), ('quantization_noise', 0.18426817655563354), ('image_denoising', 0.06843528896570206)]"
2766412345.jpg,image_denoising,0.3717842698097229,"[('image_denoising', 0.3717842698097229), ('chromatic_aberrations', 0.32458001375198364), ('contrast_change', 0.24710257351398468)]"
2768178889.jpg,contrast_change,0.9209661483764648,"[('contrast_change', 0.9209661483764648), ('mean shift', 0.06446890532970428), ('gaussian_blur', 0.00869139563292265)]"
277244271.jpg,chromatic_aberrations,0.9534595012664795,"[('chromatic_aberrations', 0.9534595012664795), ('quantization_noise', 0.022571612149477005), ('mean shift', 0.012482870370149612)]"
2779185055.jpg,chromatic_aberrations,0.7588188648223877,"[('chromatic_aberrations', 0.7588188648223877), ('mean shift', 0.09582190960645676), ('contrast_change', 0.08093051612377167)]"
278235103.jpg,quantization_noise,0.4704395532608032,"[('quantization_noise', 0.4704395532608032), ('contrast_change', 0.3879348337650299), ('mean shift', 0.06991168111562729)]"
2786566950.jpg,non_eccentricity_pattern_noise,0.9929278492927551,"[('non_eccentricity_pattern_noise', 0.9929278492927551), ('mean shift', 0.0045786453410983086), ('contrast_change', 0.0016035193111747503)]"
280028696.jpg,mean shift,0.9988564252853394,"[('mean shift', 0.9988564252853394), ('contrast_change', 0.0005403959657996893), ('chromatic_aberrations', 0.00036674554576165974)]"
2800893640.jpg,chromatic_aberrations,0.9696329832077026,"[('chromatic_aberrations', 0.9696329832077026), ('mean shift', 0.027734771370887756), ('contrast_change', 0.0015204772353172302)]"
2801033102.jpg,mean shift,0.7679858207702637,"[('mean shift', 0.7679858207702637), ('contrast_change', 0.21995578706264496), ('chromatic_aberrations', 0.009433386847376823)]"
2808063507.jpg,contrast_change,0.8882044553756714,"[('contrast_change', 0.8882044553756714), ('quantization_noise', 0.07028418034315109), ('jpeg2000_transmission_errors', 0.02871096134185791)]"
2808265543.jpg,gaussian_blur,0.9939975738525391,"[('gaussian_blur', 0.9939975738525391), ('chromatic_aberrations', 0.002925247186794877), ('mean shift', 0.0018374238861724734)]"
2809274597.jpg,gaussian_blur,0.9957095384597778,"[('gaussian_blur', 0.9957095384597778), ('image_denoising', 0.003359252354130149), ('chromatic_aberrations', 0.0007277922704815865)]"
2815247737.jpg,jpeg_transmission_errors,0.9977748990058899,"[('jpeg_transmission_errors', 0.9977748990058899), ('sparse_sampling_and_reconstruction', 0.002015146194025874), ('jpeg2000_transmission_errors', 0.00013573268370237201)]"
2819296433.jpg,contrast_change,0.9964983463287354,"[('contrast_change', 0.9964983463287354), ('quantization_noise', 0.003070799633860588), ('mean shift', 0.0002976881805807352)]"
2824487894.jpg,jpeg2000_transmission_errors,0.8395581245422363,"[('jpeg2000_transmission_errors', 0.8395581245422363), ('non_eccentricity_pattern_noise', 0.09868014603853226), ('contrast_change', 0.031099021434783936)]"
2828824744.jpg,jpeg2000_transmission_errors,0.9998145699501038,"[('jpeg2000_transmission_errors', 0.9998145699501038), ('non_eccentricity_pattern_noise', 0.00010935290629277006), ('contrast_change', 2.448538907628972e-05)]"
28311109.jpg,chromatic_aberrations,0.9833152294158936,"[('chromatic_aberrations', 0.9833152294158936), ('image_denoising', 0.016532843932509422), ('mean shift', 6.268879224080592e-05)]"
2835381273.jpg,change of color saturation,0.8642836213111877,"[('change of color saturation', 0.8642836213111877), ('sparse_sampling_and_reconstruction', 0.07758811861276627), ('jpeg_transmission_errors', 0.04483335465192795)]"
2836089223.jpg,contrast_change,0.7392887473106384,"[('contrast_change', 0.7392887473106384), ('mean shift', 0.21119174361228943), ('chromatic_aberrations', 0.04377510026097298)]"
2837843986.jpg,additive_gaussian_noise,0.9474624395370483,"[('additive_gaussian_noise', 0.9474624395370483), ('lossy_compression_of_color_images', 0.019295228645205498), ('spatially_correlated_noise', 0.018267901614308357)]"
2838554535.jpg,contrast_change,0.598865270614624,"[('contrast_change', 0.598865270614624), ('chromatic_aberrations', 0.28332021832466125), ('quantization_noise', 0.08789758384227753)]"
2838590977.jpg,contrast_change,0.957300066947937,"[('contrast_change', 0.957300066947937), ('mean shift', 0.04164961725473404), ('non_eccentricity_pattern_noise', 0.00038628026959486306)]"
2839454152.jpg,chromatic_aberrations,0.9970929622650146,"[('chromatic_aberrations', 0.9970929622650146), ('mean shift', 0.0017336671007797122), ('image_denoising', 0.000498366542160511)]"
2840937282.jpg,image_denoising,0.9966567754745483,"[('image_denoising', 0.9966567754745483), ('jpeg2000_transmission_errors', 0.002310965908691287), ('jpeg2000_compression', 0.0006226903642527759)]"
285149839.jpg,gaussian_blur,0.9998999834060669,"[('gaussian_blur', 0.9998999834060669), ('image_denoising', 5.092218634672463e-05), ('chromatic_aberrations', 2.72824563580798e-05)]"
285183593.jpg,gaussian_blur,0.5587538480758667,"[('gaussian_blur', 0.5587538480758667), ('image_denoising', 0.4387466311454773), ('chromatic_aberrations', 0.0020158509723842144)]"
2856053454.jpg,gaussian_blur,0.5978131294250488,"[('gaussian_blur', 0.5978131294250488), ('chromatic_aberrations', 0.2781168520450592), ('image_denoising', 0.11611350625753403)]"
2858136334.jpg,image_denoising,0.9782151579856873,"[('image_denoising', 0.9782151579856873), ('chromatic_aberrations', 0.02165723778307438), ('jpeg2000_compression', 3.43211941071786e-05)]"
286576891.jpg,contrast_change,0.9968243837356567,"[('contrast_change', 0.9968243837356567), ('jpeg2000_transmission_errors', 0.0017144529847428203), ('quantization_noise', 0.0005911468178965151)]"
2866097268.jpg,mean shift,0.4702123999595642,"[('mean shift', 0.4702123999595642), ('chromatic_aberrations', 0.3660001754760742), ('image_denoising', 0.14560402929782867)]"
2867718050.jpg,spatially_correlated_noise,0.6077486872673035,"[('spatially_correlated_noise', 0.6077486872673035), ('additive_noise_in_color_components', 0.25592201948165894), ('lossy_compression_of_color_images', 0.06162543594837189)]"
2868514181.jpg,quantization_noise,0.9875065088272095,"[('quantization_noise', 0.9875065088272095), ('contrast_change', 0.010060420259833336), ('image_denoising', 0.0009360237163491547)]"
287350518.jpg,additive_gaussian_noise,0.6619510054588318,"[('additive_gaussian_noise', 0.6619510054588318), ('multiplicative_gaussian_noise', 0.1048756018280983), ('spatially_correlated_noise', 0.09436720609664917)]"
2876226509.jpg,chromatic_aberrations,0.8528431057929993,"[('chromatic_aberrations', 0.8528431057929993), ('image_denoising', 0.09888643771409988), ('mean shift', 0.042317479848861694)]"
288113726.jpg,chromatic_aberrations,0.870745837688446,"[('chromatic_aberrations', 0.870745837688446), ('mean shift', 0.1166534274816513), ('image_denoising', 0.009719200432300568)]"
288435225.jpg,lossy_compression_of_color_images,0.9089469909667969,"[('lossy_compression_of_color_images', 0.9089469909667969), ('comfort_noise', 0.08697431534528732), ('spatially_correlated_noise', 0.0014611687511205673)]"
2886173632.jpg,gaussian_blur,0.6177572011947632,"[('gaussian_blur', 0.6177572011947632), ('chromatic_aberrations', 0.25218257308006287), ('image_denoising', 0.12621460855007172)]"
2890317632.jpg,gaussian_blur,0.9990283250808716,"[('gaussian_blur', 0.9990283250808716), ('contrast_change', 0.0007870951667428017), ('sparse_sampling_and_reconstruction', 8.27746553113684e-05)]"
289395722.jpg,chromatic_aberrations,0.996212363243103,"[('chromatic_aberrations', 0.996212363243103), ('mean shift', 0.001988553674891591), ('image_denoising', 0.0015965495258569717)]"
289462174.jpg,gaussian_blur,0.9992758631706238,"[('gaussian_blur', 0.9992758631706238), ('sparse_sampling_and_reconstruction', 0.00039222263148985803), ('jpeg2000_compression', 0.00027576263528317213)]"
2897238920.jpg,jpeg2000_transmission_errors,0.9737528562545776,"[('jpeg2000_transmission_errors', 0.9737528562545776), ('comfort_noise', 0.023065868765115738), ('contrast_change', 0.0027982445899397135)]"
2899446484.jpg,chromatic_aberrations,0.913052499294281,"[('chromatic_aberrations', 0.913052499294281), ('image_denoising', 0.08160599321126938), ('mean shift', 0.004748026840388775)]"
2904337110.jpg,gaussian_blur,0.9985449314117432,"[('gaussian_blur', 0.9985449314117432), ('chromatic_aberrations', 0.0009481376619078219), ('image_denoising', 0.00037957148742862046)]"
2906250648.jpg,contrast_change,0.9049553871154785,"[('contrast_change', 0.9049553871154785), ('mean shift', 0.09066589176654816), ('change of color saturation', 0.0038548894226551056)]"
2907072293.jpg,image_denoising,0.8640497326850891,"[('image_denoising', 0.8640497326850891), ('chromatic_aberrations', 0.06092476099729538), ('mean shift', 0.04365218058228493)]"
2908299910.jpg,mean shift,0.9662128686904907,"[('mean shift', 0.9662128686904907), ('chromatic_aberrations', 0.030830299481749535), ('contrast_change', 0.0017301413463428617)]"
2908654044.jpg,chromatic_aberrations,0.9914548397064209,"[('chromatic_aberrations', 0.9914548397064209), ('image_denoising', 0.006253652740269899), ('mean shift', 0.0008560264832340181)]"
2918475321.jpg,chromatic_aberrations,0.9988328814506531,"[('chromatic_aberrations', 0.9988328814506531), ('image_denoising', 0.0009485630434937775), ('mean shift', 0.0001689818745944649)]"
2920995979.jpg,mean shift,0.4907228648662567,"[('mean shift', 0.4907228648662567), ('chromatic_aberrations', 0.48878780007362366), ('image_denoising', 0.011620949022471905)]"
2933417983.jpg,chromatic_aberrations,0.6043108701705933,"[('chromatic_aberrations', 0.6043108701705933), ('mean shift', 0.24685007333755493), ('image_denoising', 0.13883590698242188)]"
2933544143.jpg,mean shift,0.7945495843887329,"[('mean shift', 0.7945495843887329), ('contrast_change', 0.0932874009013176), ('chromatic_aberrations', 0.07051771134138107)]"
2937429297.jpg,chromatic_aberrations,0.9497723579406738,"[('chromatic_aberrations', 0.9497723579406738), ('mean shift', 0.028793400153517723), ('contrast_change', 0.018472203984856606)]"
2944165349.jpg,gaussian_blur,0.79256272315979,"[('gaussian_blur', 0.79256272315979), ('image_denoising', 0.2052844613790512), ('chromatic_aberrations', 0.0015298337675631046)]"
2946225988.jpg,gaussian_blur,0.5369146466255188,"[('gaussian_blur', 0.5369146466255188), ('mean shift', 0.1695207953453064), ('image_denoising', 0.16920769214630127)]"
2949029930.jpg,contrast_change,0.38076573610305786,"[('contrast_change', 0.38076573610305786), ('mean shift', 0.2522755563259125), ('quantization_noise', 0.12192902714014053)]"
2953741163.jpg,chromatic_aberrations,0.45160168409347534,"[('chromatic_aberrations', 0.45160168409347534), ('image_denoising', 0.44879403710365295), ('quantization_noise', 0.05625641345977783)]"
2954406623.jpg,non_eccentricity_pattern_noise,0.9983882904052734,"[('non_eccentricity_pattern_noise', 0.9983882904052734), ('jpeg_transmission_errors', 0.0009763031848706305), ('impulse_noise', 0.0001680659770499915)]"
2956548148.jpg,image_denoising,0.5854864716529846,"[('image_denoising', 0.5854864716529846), ('chromatic_aberrations', 0.21032695472240448), ('mean shift', 0.09000449627637863)]"
2957895882.jpg,image_denoising,0.7470311522483826,"[('image_denoising', 0.7470311522483826), ('chromatic_aberrations', 0.24868370592594147), ('mean shift', 0.0022913715802133083)]"
2960552821.jpg,image_denoising,0.5017313957214355,"[('image_denoising', 0.5017313957214355), ('chromatic_aberrations', 0.3002781867980957), ('quantization_noise', 0.10662411898374557)]"
296426748.jpg,mean shift,0.6865453720092773,"[('mean shift', 0.6865453720092773), ('chromatic_aberrations', 0.3009651303291321), ('image_denoising', 0.008055245503783226)]"
2964746234.jpg,mean shift,0.6014046669006348,"[('mean shift', 0.6014046669006348), ('chromatic_aberrations', 0.3346981406211853), ('contrast_change', 0.04534213989973068)]"
2971073872.jpg,contrast_change,0.982355535030365,"[('contrast_change', 0.982355535030365), ('mean shift', 0.017370298504829407), ('quantization_noise', 0.0002316811733180657)]"
2973164436.jpg,chromatic_aberrations,0.9100117087364197,"[('chromatic_aberrations', 0.9100117087364197), ('image_denoising', 0.08977138251066208), ('spatially_correlated_noise', 6.317747465800494e-05)]"
2974085281.jpg,chromatic_aberrations,0.8938550353050232,"[('chromatic_aberrations', 0.8938550353050232), ('mean shift', 0.0949907973408699), ('quantization_noise', 0.005953676532953978)]"
2979597587.jpg,non_eccentricity_pattern_noise,0.9988943934440613,"[('non_eccentricity_pattern_noise', 0.9988943934440613), ('contrast_change', 0.0004946787958033383), ('mean shift', 0.00034639021032489836)]"
2985434942.jpg,contrast_change,0.942011833190918,"[('contrast_change', 0.942011833190918), ('jpeg2000_transmission_errors', 0.02144615165889263), ('comfort_noise', 0.015132189728319645)]"
2988609766.jpg,change of color saturation,0.9999284744262695,"[('change of color saturation', 0.9999284744262695), ('mean shift', 2.5786868718569167e-05), ('contrast_change', 1.8482620362192392e-05)]"
2991438895.jpg,chromatic_aberrations,0.9869335889816284,"[('chromatic_aberrations', 0.9869335889816284), ('image_denoising', 0.008724496699869633), ('mean shift', 0.0018359437817707658)]"
299211567.jpg,mean shift,0.8520193696022034,"[('mean shift', 0.8520193696022034), ('chromatic_aberrations', 0.13922157883644104), ('gaussian_blur', 0.0046118274331092834)]"
2998270477.jpg,chromatic_aberrations,0.7208871841430664,"[('chromatic_aberrations', 0.7208871841430664), ('quantization_noise', 0.19795624911785126), ('mean shift', 0.043735578656196594)]"
2999079951.jpg,chromatic_aberrations,0.8799134492874146,"[('chromatic_aberrations', 0.8799134492874146), ('mean shift', 0.1120123416185379), ('image_denoising', 0.006843629293143749)]"
3001984740.jpg,quantization_noise,0.6488202214241028,"[('quantization_noise', 0.6488202214241028), ('image_denoising', 0.32410287857055664), ('contrast_change', 0.015011156909167767)]"
3007216990.jpg,mean shift,0.9243236780166626,"[('mean shift', 0.9243236780166626), ('contrast_change', 0.07491485029459), ('chromatic_aberrations', 0.000203224117285572)]"
3010841196.jpg,chromatic_aberrations,0.999487042427063,"[('chromatic_aberrations', 0.999487042427063), ('quantization_noise', 0.00021250099234748632), ('spatially_correlated_noise', 0.00017090639448724687)]"
3012507882.jpg,non_eccentricity_pattern_noise,0.9882798194885254,"[('non_eccentricity_pattern_noise', 0.9882798194885254), ('contrast_change', 0.007601312827318907), ('quantization_noise', 0.001042367541231215)]"
3015139450.jpg,chromatic_aberrations,0.8646638989448547,"[('chromatic_aberrations', 0.8646638989448547), ('contrast_change', 0.09400022774934769), ('quantization_noise', 0.024219464510679245)]"
3016815898.jpg,image_denoising,0.9785625338554382,"[('image_denoising', 0.9785625338554382), ('gaussian_blur', 0.02003680169582367), ('chromatic_aberrations', 0.0010317041305825114)]"
3017896883.jpg,gaussian_blur,0.9209159016609192,"[('gaussian_blur', 0.9209159016609192), ('mean shift', 0.05479753389954567), ('chromatic_aberrations', 0.014229009859263897)]"
3018181041.jpg,chromatic_aberrations,0.9166179895401001,"[('chromatic_aberrations', 0.9166179895401001), ('image_denoising', 0.053155820816755295), ('quantization_noise', 0.020142165943980217)]"
3020941119.jpg,chromatic_aberrations,0.8798382878303528,"[('chromatic_aberrations', 0.8798382878303528), ('quantization_noise', 0.06579019874334335), ('contrast_change', 0.02626326121389866)]"
3033284037.jpg,chromatic_aberrations,0.9738885760307312,"[('chromatic_aberrations', 0.9738885760307312), ('mean shift', 0.02493966743350029), ('contrast_change', 0.0006696856580674648)]"
3035737878.jpg,mean shift,0.9566900730133057,"[('mean shift', 0.9566900730133057), ('chromatic_aberrations', 0.03967442736029625), ('contrast_change', 0.0011908164015039802)]"
3039024.jpg,mean shift,0.4525389075279236,"[('mean shift', 0.4525389075279236), ('gaussian_blur', 0.43419671058654785), ('contrast_change', 0.09414901584386826)]"
3051112804.jpg,chromatic_aberrations,0.48421475291252136,"[('chromatic_aberrations', 0.48421475291252136), ('mean shift', 0.3314228951931), ('image_denoising', 0.14293141663074493)]"
3051623040.jpg,change of color saturation,0.999968409538269,"[('change of color saturation', 0.999968409538269), ('jpeg_transmission_errors', 1.0815302630362567e-05), ('jpeg_compression', 9.04147145774914e-06)]"
306264588.jpg,contrast_change,0.8561525344848633,"[('contrast_change', 0.8561525344848633), ('change of color saturation', 0.1430242955684662), ('mean shift', 0.0004155786882620305)]"
306315468.jpg,quantization_noise,0.8098297119140625,"[('quantization_noise', 0.8098297119140625), ('contrast_change', 0.18918147683143616), ('jpeg2000_transmission_errors', 0.0003241373342461884)]"
3067436148.jpg,chromatic_aberrations,0.5463171601295471,"[('chromatic_aberrations', 0.5463171601295471), ('mean shift', 0.2698737382888794), ('image_denoising', 0.15442337095737457)]"
3067455040.jpg,contrast_change,0.9327853918075562,"[('contrast_change', 0.9327853918075562), ('mean shift', 0.06591387838125229), ('gaussian_blur', 0.001172503805719316)]"
306909339.jpg,contrast_change,0.9443357586860657,"[('contrast_change', 0.9443357586860657), ('mean shift', 0.049985915422439575), ('change of color saturation', 0.0012063859030604362)]"
3070894795.jpg,image_denoising,0.9882900714874268,"[('image_denoising', 0.9882900714874268), ('chromatic_aberrations', 0.005848160479217768), ('gaussian_blur', 0.0058059245347976685)]"
3071201670.jpg,chromatic_aberrations,0.64300936460495,"[('chromatic_aberrations', 0.64300936460495), ('image_denoising', 0.2908322215080261), ('mean shift', 0.06221659481525421)]"
3073021963.jpg,chromatic_aberrations,0.9800934195518494,"[('chromatic_aberrations', 0.9800934195518494), ('contrast_change', 0.005972220096737146), ('image_denoising', 0.005921151023358107)]"
3075864902.jpg,image_denoising,0.9962288737297058,"[('image_denoising', 0.9962288737297058), ('chromatic_aberrations', 0.003523044753819704), ('jpeg2000_transmission_errors', 0.00011009940499207005)]"
3077228870.jpg,chromatic_aberrations,0.9985923171043396,"[('chromatic_aberrations', 0.9985923171043396), ('image_denoising', 0.0013005114160478115), ('mean shift', 5.724619040847756e-05)]"
3077626117.jpg,chromatic_aberrations,0.992691695690155,"[('chromatic_aberrations', 0.992691695690155), ('image_denoising', 0.006627032067626715), ('quantization_noise', 0.0002024256536969915)]"
3078114304.jpg,spatially_correlated_noise,0.711237907409668,"[('spatially_correlated_noise', 0.711237907409668), ('chromatic_aberrations', 0.27503687143325806), ('additive_noise_in_color_components', 0.010581436567008495)]"
3078217018.jpg,gaussian_blur,0.742699921131134,"[('gaussian_blur', 0.742699921131134), ('jpeg2000_transmission_errors', 0.13276581466197968), ('image_denoising', 0.05512027442455292)]"
3078720945.jpg,quantization_noise,0.8413732051849365,"[('quantization_noise', 0.8413732051849365), ('chromatic_aberrations', 0.149239182472229), ('impulse_noise', 0.0030851440969854593)]"
3084516747.jpg,chromatic_aberrations,0.4963381886482239,"[('chromatic_aberrations', 0.4963381886482239), ('mean shift', 0.22764798998832703), ('contrast_change', 0.10934276878833771)]"
3084860790.jpg,image_denoising,0.6947824358940125,"[('image_denoising', 0.6947824358940125), ('gaussian_blur', 0.3032817542552948), ('chromatic_aberrations', 0.001657225308008492)]"
3086003946.jpg,contrast_change,0.892279326915741,"[('contrast_change', 0.892279326915741), ('chromatic_aberrations', 0.07886756956577301), ('quantization_noise', 0.022527460008859634)]"
3087855667.jpg,mean shift,0.971129298210144,"[('mean shift', 0.971129298210144), ('gaussian_blur', 0.018663207069039345), ('chromatic_aberrations', 0.004175806883722544)]"
3090534929.jpg,image_denoising,0.5958884954452515,"[('image_denoising', 0.5958884954452515), ('chromatic_aberrations', 0.40153104066848755), ('mean shift', 0.0012487820349633694)]"
3091624267.jpg,lossy_compression_of_color_images,0.36662808060646057,"[('lossy_compression_of_color_images', 0.36662808060646057), ('jpeg_transmission_errors', 0.26223891973495483), ('spatially_correlated_noise', 0.1377454400062561)]"
3092999912.jpg,gaussian_blur,0.8379403948783875,"[('gaussian_blur', 0.8379403948783875), ('image_denoising', 0.15468287467956543), ('chromatic_aberrations', 0.004763833712786436)]"
3093374173.jpg,contrast_change,0.31954675912857056,"[('contrast_change', 0.31954675912857056), ('image_denoising', 0.28404468297958374), ('chromatic_aberrations', 0.2599118649959564)]"
3094978642.jpg,chromatic_aberrations,0.9559209942817688,"[('chromatic_aberrations', 0.9559209942817688), ('image_denoising', 0.02869766764342785), ('mean shift', 0.012781953439116478)]"
3107236272.jpg,sparse_sampling_and_reconstruction,0.5888317823410034,"[('sparse_sampling_and_reconstruction', 0.5888317823410034), ('change of color saturation', 0.27424880862236023), ('contrast_change', 0.11573869735002518)]"
3107928091.jpg,image_denoising,0.9803244471549988,"[('image_denoising', 0.9803244471549988), ('chromatic_aberrations', 0.018927855417132378), ('gaussian_blur', 0.00044021339272148907)]"
3111479555.jpg,chromatic_aberrations,0.9526909589767456,"[('chromatic_aberrations', 0.9526909589767456), ('mean shift', 0.04101675748825073), ('image_denoising', 0.0026194255333393812)]"
3112707699.jpg,jpeg_transmission_errors,0.786888837814331,"[('jpeg_transmission_errors', 0.786888837814331), ('sparse_sampling_and_reconstruction', 0.15251022577285767), ('jpeg2000_compression', 0.03507839888334274)]"
3115128591.jpg,chromatic_aberrations,0.9974428415298462,"[('chromatic_aberrations', 0.9974428415298462), ('image_denoising', 0.0012510024243965745), ('mean shift', 0.0007263142033480108)]"
3115284513.jpg,image_denoising,0.9280786514282227,"[('image_denoising', 0.9280786514282227), ('gaussian_blur', 0.07101701200008392), ('chromatic_aberrations', 0.0007444313960149884)]"
3115828038.jpg,chromatic_aberrations,0.9881000518798828,"[('chromatic_aberrations', 0.9881000518798828), ('image_denoising', 0.011752771213650703), ('quantization_noise', 3.6877201637253165e-05)]"
3116503568.jpg,mean shift,0.9920808672904968,"[('mean shift', 0.9920808672904968), ('contrast_change', 0.007612842600792646), ('quantization_noise', 0.00011335018643876538)]"
3117619556.jpg,non_eccentricity_pattern_noise,0.4751676619052887,"[('non_eccentricity_pattern_noise', 0.4751676619052887), ('chromatic_aberrations', 0.2061968892812729), ('gaussian_blur', 0.1482349932193756)]"
311996877.jpg,mean shift,0.9958594441413879,"[('mean shift', 0.9958594441413879), ('contrast_change', 0.004111553076654673), ('chromatic_aberrations', 8.192891073122155e-06)]"
3124199543.jpg,chromatic_aberrations,0.62137770652771,"[('chromatic_aberrations', 0.62137770652771), ('image_denoising', 0.36256030201911926), ('contrast_change', 0.006184772122651339)]"
3129387328.jpg,gaussian_blur,0.9759592413902283,"[('gaussian_blur', 0.9759592413902283), ('image_denoising', 0.012819178402423859), ('chromatic_aberrations', 0.010508322156965733)]"
3130276162.jpg,contrast_change,0.8790761828422546,"[('contrast_change', 0.8790761828422546), ('quantization_noise', 0.10892592370510101), ('spatially_correlated_noise', 0.007833072915673256)]"
3131665013.jpg,gaussian_blur,0.999822199344635,"[('gaussian_blur', 0.999822199344635), ('contrast_change', 6.818882684456185e-05), ('sparse_sampling_and_reconstruction', 4.845763396588154e-05)]"
3132669524.jpg,image_denoising,0.9996862411499023,"[('image_denoising', 0.9996862411499023), ('gaussian_blur', 0.00017949598259292543), ('chromatic_aberrations', 8.328946569235995e-05)]"
3136368482.jpg,mean shift,0.5053327083587646,"[('mean shift', 0.5053327083587646), ('gaussian_blur', 0.4146908223628998), ('chromatic_aberrations', 0.06831985712051392)]"
313650765.jpg,contrast_change,0.9228628277778625,"[('contrast_change', 0.9228628277778625), ('quantization_noise', 0.07146237790584564), ('jpeg2000_transmission_errors', 0.0031129291746765375)]"
3137057232.jpg,contrast_change,0.8429816365242004,"[('contrast_change', 0.8429816365242004), ('mean shift', 0.1404024362564087), ('quantization_noise', 0.008413664065301418)]"
3146477274.jpg,contrast_change,0.8129494786262512,"[('contrast_change', 0.8129494786262512), ('mean shift', 0.1867796629667282), ('quantization_noise', 0.0001568672596476972)]"
3146801905.jpg,mean shift,0.5498334765434265,"[('mean shift', 0.5498334765434265), ('chromatic_aberrations', 0.4078703820705414), ('image_denoising', 0.01564721390604973)]"
3147028593.jpg,mean shift,0.682968020439148,"[('mean shift', 0.682968020439148), ('chromatic_aberrations', 0.3060634434223175), ('gaussian_blur', 0.007008533924818039)]"
3147348702.jpg,contrast_change,0.9796090722084045,"[('contrast_change', 0.9796090722084045), ('quantization_noise', 0.01098210271447897), ('chromatic_aberrations', 0.00586849357932806)]"
3147416579.jpg,contrast_change,0.7554380297660828,"[('contrast_change', 0.7554380297660828), ('quantization_noise', 0.24392618238925934), ('chromatic_aberrations', 0.0001555912458570674)]"
3148698494.jpg,image_denoising,0.5218223929405212,"[('image_denoising', 0.5218223929405212), ('chromatic_aberrations', 0.4694747030735016), ('gaussian_blur', 0.00760879460722208)]"
3149433848.jpg,gaussian_blur,0.998462438583374,"[('gaussian_blur', 0.998462438583374), ('jpeg2000_compression', 0.0006443318561650813), ('image_denoising', 0.0006309991586022079)]"
3157055534.jpg,mean shift,0.9149841666221619,"[('mean shift', 0.9149841666221619), ('chromatic_aberrations', 0.07229859381914139), ('contrast_change', 0.007838292978703976)]"
3157335389.jpg,contrast_change,0.8708543181419373,"[('contrast_change', 0.8708543181419373), ('mean shift', 0.08955489844083786), ('quantization_noise', 0.03132542595267296)]"
3158018696.jpg,mean shift,0.6372987627983093,"[('mean shift', 0.6372987627983093), ('chromatic_aberrations', 0.27507004141807556), ('image_denoising', 0.06972980499267578)]"
3159188052.jpg,change of color saturation,0.9998416900634766,"[('change of color saturation', 0.9998416900634766), ('contrast_change', 0.00011455033381935209), ('mean shift', 2.3857075575506315e-05)]"
3162134277.jpg,gaussian_blur,0.9231833815574646,"[('gaussian_blur', 0.9231833815574646), ('mean shift', 0.034052517265081406), ('contrast_change', 0.0298747755587101)]"
316618516.jpg,mean shift,0.8417251706123352,"[('mean shift', 0.8417251706123352), ('chromatic_aberrations', 0.10984481126070023), ('gaussian_blur', 0.02559562213718891)]"
3166870228.jpg,gaussian_blur,0.9963068962097168,"[('gaussian_blur', 0.9963068962097168), ('image_denoising', 0.0035429848358035088), ('chromatic_aberrations', 6.151276465971023e-05)]"
3169607082.jpg,mean shift,0.8403381109237671,"[('mean shift', 0.8403381109237671), ('chromatic_aberrations', 0.09827306866645813), ('contrast_change', 0.02191624976694584)]"
3171148345.jpg,jpeg2000_transmission_errors,0.4138568639755249,"[('jpeg2000_transmission_errors', 0.4138568639755249), ('contrast_change', 0.2352335900068283), ('gaussian_blur', 0.2088751345872879)]"
3184407773.jpg,quantization_noise,0.9750047922134399,"[('quantization_noise', 0.9750047922134399), ('contrast_change', 0.01679658330976963), ('mean shift', 0.004709525499492884)]"
3187135828.jpg,gaussian_blur,0.9977364540100098,"[('gaussian_blur', 0.9977364540100098), ('image_denoising', 0.0012736639473587275), ('chromatic_aberrations', 0.0005866970168426633)]"
3189407345.jpg,contrast_change,0.9971981048583984,"[('contrast_change', 0.9971981048583984), ('mean shift', 0.0015743215335533023), ('non_eccentricity_pattern_noise', 0.0007832559058442712)]"
3190025525.jpg,gaussian_blur,0.9186726808547974,"[('gaussian_blur', 0.9186726808547974), ('mean shift', 0.07575910538434982), ('contrast_change', 0.003828788409009576)]"
3191275443.jpg,gaussian_blur,0.9998836517333984,"[('gaussian_blur', 0.9998836517333984), ('jpeg2000_compression', 4.661452112486586e-05), ('sparse_sampling_and_reconstruction', 3.384938827366568e-05)]"
3194756721.jpg,mean shift,0.7901788353919983,"[('mean shift', 0.7901788353919983), ('chromatic_aberrations', 0.15506482124328613), ('contrast_change', 0.05153414234519005)]"
3201560837.jpg,image_denoising,0.9896082282066345,"[('image_denoising', 0.9896082282066345), ('gaussian_blur', 0.007252649869769812), ('jpeg2000_transmission_errors', 0.0013791617238894105)]"
3204890107.jpg,gaussian_blur,0.9297078251838684,"[('gaussian_blur', 0.9297078251838684), ('image_denoising', 0.0684470534324646), ('chromatic_aberrations', 0.0015807482413947582)]"
3207613793.jpg,mean shift,0.7098045945167542,"[('mean shift', 0.7098045945167542), ('gaussian_blur', 0.20231196284294128), ('chromatic_aberrations', 0.062464773654937744)]"
3207927028.jpg,contrast_change,0.9993283748626709,"[('contrast_change', 0.9993283748626709), ('mean shift', 0.00029114121571183205), ('quantization_noise', 0.00018213331350125372)]"
3207975884.jpg,non_eccentricity_pattern_noise,0.5961778163909912,"[('non_eccentricity_pattern_noise', 0.5961778163909912), ('contrast_change', 0.39582589268684387), ('mean shift', 0.005497327074408531)]"
3217227849.jpg,change of color saturation,0.9997871518135071,"[('change of color saturation', 0.9997871518135071), ('contrast_change', 0.00018278292554896325), ('jpeg_transmission_errors', 1.5202297618088778e-05)]"
322036819.jpg,mean shift,0.9839116334915161,"[('mean shift', 0.9839116334915161), ('chromatic_aberrations', 0.009843987412750721), ('contrast_change', 0.005199315957725048)]"
3225818665.jpg,chromatic_aberrations,0.7191793918609619,"[('chromatic_aberrations', 0.7191793918609619), ('mean shift', 0.14436578750610352), ('gaussian_blur', 0.10162774473428726)]"
3225993642.jpg,gaussian_blur,0.5729662775993347,"[('gaussian_blur', 0.5729662775993347), ('image_denoising', 0.4258861839771271), ('chromatic_aberrations', 0.0007749039796181023)]"
3228786952.jpg,image_denoising,0.9822903275489807,"[('image_denoising', 0.9822903275489807), ('chromatic_aberrations', 0.014240728691220284), ('mean shift', 0.0017990939086303115)]"
3230415578.jpg,spatially_correlated_noise,0.9962460398674011,"[('spatially_correlated_noise', 0.9962460398674011), ('chromatic_aberrations', 0.001023104996420443), ('quantization_noise', 0.0008143928134813905)]"
323541643.jpg,image_denoising,0.8697034120559692,"[('image_denoising', 0.8697034120559692), ('chromatic_aberrations', 0.12774397432804108), ('quantization_noise', 0.001687270007096231)]"
324339500.jpg,chromatic_aberrations,0.6286803483963013,"[('chromatic_aberrations', 0.6286803483963013), ('gaussian_blur', 0.3463938534259796), ('image_denoising', 0.022685347124934196)]"
3243501762.jpg,chromatic_aberrations,0.9927236437797546,"[('chromatic_aberrations', 0.9927236437797546), ('mean shift', 0.0064326925203204155), ('image_denoising', 0.00045239555765874684)]"
3245550884.jpg,non_eccentricity_pattern_noise,0.9988471269607544,"[('non_eccentricity_pattern_noise', 0.9988471269607544), ('contrast_change', 0.0005715860752388835), ('multiplicative_gaussian_noise', 0.0001660724519751966)]"
3250381402.jpg,change of color saturation,0.9998063445091248,"[('change of color saturation', 0.9998063445091248), ('jpeg_transmission_errors', 0.00010600762470858172), ('contrast_change', 7.984289550222456e-05)]"
3250534214.jpg,change of color saturation,0.9992352724075317,"[('change of color saturation', 0.9992352724075317), ('jpeg_transmission_errors', 0.0004330461088102311), ('contrast_change', 0.00018939361325465143)]"
325203196.jpg,lossy_compression_of_color_images,0.50819331407547,"[('lossy_compression_of_color_images', 0.50819331407547), ('spatially_correlated_noise', 0.39751023054122925), ('additive_noise_in_color_components', 0.0413651242852211)]"
3252078614.jpg,chromatic_aberrations,0.6403002738952637,"[('chromatic_aberrations', 0.6403002738952637), ('image_denoising', 0.1245880275964737), ('mean shift', 0.08804842829704285)]"
325296963.jpg,jpeg2000_transmission_errors,0.41660642623901367,"[('jpeg2000_transmission_errors', 0.41660642623901367), ('mean shift', 0.3162502646446228), ('contrast_change', 0.21702861785888672)]"
3254444597.jpg,image_denoising,0.6254652142524719,"[('image_denoising', 0.6254652142524719), ('gaussian_blur', 0.37150439620018005), ('chromatic_aberrations', 0.002112905727699399)]"
3258713133.jpg,gaussian_blur,0.7368250489234924,"[('gaussian_blur', 0.7368250489234924), ('image_denoising', 0.2319292426109314), ('sparse_sampling_and_reconstruction', 0.026598453521728516)]"
3259283855.jpg,chromatic_aberrations,0.3864971399307251,"[('chromatic_aberrations', 0.3864971399307251), ('gaussian_blur', 0.37333568930625916), ('image_denoising', 0.209022656083107)]"
3260332459.jpg,mean shift,0.8558707237243652,"[('mean shift', 0.8558707237243652), ('contrast_change', 0.1357911229133606), ('chromatic_aberrations', 0.005449092946946621)]"
3260477963.jpg,mean shift,0.8726954460144043,"[('mean shift', 0.8726954460144043), ('chromatic_aberrations', 0.05971949175000191), ('gaussian_blur', 0.0347740538418293)]"
3261536707.jpg,mean shift,0.7631829380989075,"[('mean shift', 0.7631829380989075), ('image_denoising', 0.15120624005794525), ('chromatic_aberrations', 0.06332354247570038)]"
326299244.jpg,image_denoising,0.7096689939498901,"[('image_denoising', 0.7096689939498901), ('chromatic_aberrations', 0.24514558911323547), ('quantization_noise', 0.03679100051522255)]"
3277064835.jpg,mean shift,0.945437490940094,"[('mean shift', 0.945437490940094), ('chromatic_aberrations', 0.0357930064201355), ('contrast_change', 0.012603121809661388)]"
3285723816.jpg,non_eccentricity_pattern_noise,0.5853053331375122,"[('non_eccentricity_pattern_noise', 0.5853053331375122), ('jpeg2000_transmission_errors', 0.13049131631851196), ('jpeg_transmission_errors', 0.10294158011674881)]"
3285865052.jpg,chromatic_aberrations,0.9548289775848389,"[('chromatic_aberrations', 0.9548289775848389), ('mean shift', 0.01661268249154091), ('image_denoising', 0.013049165718257427)]"
3288428899.jpg,gaussian_blur,0.5939191579818726,"[('gaussian_blur', 0.5939191579818726), ('image_denoising', 0.3113819658756256), ('chromatic_aberrations', 0.0931621566414833)]"
3290454927.jpg,gaussian_blur,0.999962568283081,"[('gaussian_blur', 0.999962568283081), ('sparse_sampling_and_reconstruction', 2.465972283971496e-05), ('image_denoising', 4.066291694471147e-06)]"
3295126634.jpg,mean shift,0.6531478762626648,"[('mean shift', 0.6531478762626648), ('additive_gaussian_noise', 0.11550360172986984), ('contrast_change', 0.10514896363019943)]"
3295438012.jpg,image_denoising,0.7413691282272339,"[('image_denoising', 0.7413691282272339), ('chromatic_aberrations', 0.18847979605197906), ('gaussian_blur', 0.06752058118581772)]"
33000255.jpg,chromatic_aberrations,0.9645084738731384,"[('chromatic_aberrations', 0.9645084738731384), ('image_denoising', 0.03523653745651245), ('jpeg2000_transmission_errors', 6.82692916598171e-05)]"
3301567767.jpg,chromatic_aberrations,0.9951157569885254,"[('chromatic_aberrations', 0.9951157569885254), ('image_denoising', 0.0035480151418596506), ('quantization_noise', 0.0010931642027571797)]"
3301587792.jpg,jpeg2000_compression,0.963231086730957,"[('jpeg2000_compression', 0.963231086730957), ('jpeg2000_transmission_errors', 0.022008461877703667), ('gaussian_blur', 0.011293135583400726)]"
3304800536.jpg,mean shift,0.9118441939353943,"[('mean shift', 0.9118441939353943), ('chromatic_aberrations', 0.0826813131570816), ('gaussian_blur', 0.0020851001609116793)]"
3305968848.jpg,spatially_correlated_noise,0.6763501167297363,"[('spatially_correlated_noise', 0.6763501167297363), ('additive_noise_in_color_components', 0.23242242634296417), ('image_denoising', 0.07322041690349579)]"
3308046325.jpg,contrast_change,0.9475553631782532,"[('contrast_change', 0.9475553631782532), ('quantization_noise', 0.05137481912970543), ('jpeg2000_transmission_errors', 0.00034552192664705217)]"
3308341801.jpg,chromatic_aberrations,0.9975497126579285,"[('chromatic_aberrations', 0.9975497126579285), ('spatially_correlated_noise', 0.0010297881672158837), ('quantization_noise', 0.0006286869756877422)]"
3309773235.jpg,mean shift,0.8151492476463318,"[('mean shift', 0.8151492476463318), ('contrast_change', 0.18269746005535126), ('chromatic_aberrations', 0.0013591657625511289)]"
3310204675.jpg,chromatic_aberrations,0.998908519744873,"[('chromatic_aberrations', 0.998908519744873), ('image_denoising', 0.0009567355155013502), ('mean shift', 8.725430961931124e-05)]"
3310575214.jpg,mean shift,0.8242170214653015,"[('mean shift', 0.8242170214653015), ('contrast_change', 0.1524273008108139), ('jpeg2000_transmission_errors', 0.02279513329267502)]"
3312331811.jpg,chromatic_aberrations,0.9402197003364563,"[('chromatic_aberrations', 0.9402197003364563), ('image_denoising', 0.049716681241989136), ('mean shift', 0.00831978116184473)]"
331406867.jpg,mean shift,0.5429973602294922,"[('mean shift', 0.5429973602294922), ('spatially_correlated_noise', 0.21334059536457062), ('contrast_change', 0.0811900645494461)]"
3314904869.jpg,chromatic_aberrations,0.24818848073482513,"[('chromatic_aberrations', 0.24818848073482513), ('image_denoising', 0.241753950715065), ('contrast_change', 0.19834773242473602)]"
3315383233.jpg,chromatic_aberrations,0.9998847246170044,"[('chromatic_aberrations', 0.9998847246170044), ('spatially_correlated_noise', 4.6730208850931376e-05), ('image_denoising', 2.3035297999740578e-05)]"
3317434594.jpg,mean shift,0.5404384732246399,"[('mean shift', 0.5404384732246399), ('chromatic_aberrations', 0.45193085074424744), ('contrast_change', 0.005335032008588314)]"
332288233.jpg,mean shift,0.9992664456367493,"[('mean shift', 0.9992664456367493), ('contrast_change', 0.0006761238910257816), ('chromatic_aberrations', 1.9014141798834316e-05)]"
3323033903.jpg,jpeg_transmission_errors,0.8574066162109375,"[('jpeg_transmission_errors', 0.8574066162109375), ('sparse_sampling_and_reconstruction', 0.08723251521587372), ('change of color saturation', 0.04597095027565956)]"
3324496492.jpg,gaussian_blur,0.974140465259552,"[('gaussian_blur', 0.974140465259552), ('sparse_sampling_and_reconstruction', 0.025197701528668404), ('jpeg2000_compression', 0.0005451005999930203)]"
332883741.jpg,image_denoising,0.8913166522979736,"[('image_denoising', 0.8913166522979736), ('contrast_change', 0.0755900889635086), ('quantization_noise', 0.020097151398658752)]"
3333985138.jpg,sparse_sampling_and_reconstruction,0.9190680384635925,"[('sparse_sampling_and_reconstruction', 0.9190680384635925), ('change of color saturation', 0.034653935581445694), ('jpeg2000_compression', 0.03126561641693115)]"
3341085556.jpg,image_denoising,0.9939100742340088,"[('image_denoising', 0.9939100742340088), ('quantization_noise', 0.004081467166543007), ('chromatic_aberrations', 0.0007087026606313884)]"
3342346685.jpg,change of color saturation,0.9987218976020813,"[('change of color saturation', 0.9987218976020813), ('jpeg2000_compression', 0.00046874082181602716), ('sparse_sampling_and_reconstruction', 0.000452961161499843)]"
3350005307.jpg,chromatic_aberrations,0.981526792049408,"[('chromatic_aberrations', 0.981526792049408), ('image_denoising', 0.018425868824124336), ('quantization_noise', 9.767536539584398e-06)]"
3352596853.jpg,chromatic_aberrations,0.9956755042076111,"[('chromatic_aberrations', 0.9956755042076111), ('image_denoising', 0.004282693844288588), ('mean shift', 1.0364523404859938e-05)]"
3358754066.jpg,mean shift,0.9949846267700195,"[('mean shift', 0.9949846267700195), ('contrast_change', 0.004396052099764347), ('chromatic_aberrations', 0.0005814105388708413)]"
336052627.jpg,contrast_change,0.2870062291622162,"[('contrast_change', 0.2870062291622162), ('mean shift', 0.20201151072978973), ('comfort_noise', 0.17164793610572815)]"
3364722083.jpg,chromatic_aberrations,0.9236449599266052,"[('chromatic_aberrations', 0.9236449599266052), ('image_denoising', 0.07549872994422913), ('mean shift', 0.00023593295190948993)]"
3364868711.jpg,gaussian_blur,0.3650273382663727,"[('gaussian_blur', 0.3650273382663727), ('mean shift', 0.3301534354686737), ('chromatic_aberrations', 0.16910426318645477)]"
3365447434.jpg,mean shift,0.9674016833305359,"[('mean shift', 0.9674016833305359), ('chromatic_aberrations', 0.015059865079820156), ('gaussian_blur', 0.008716173470020294)]"
3365471102.jpg,contrast_change,0.8696542382240295,"[('contrast_change', 0.8696542382240295), ('quantization_noise', 0.052747517824172974), ('mean shift', 0.041708771139383316)]"
3372381586.jpg,chromatic_aberrations,0.5377644300460815,"[('chromatic_aberrations', 0.5377644300460815), ('multiplicative_gaussian_noise', 0.18144279718399048), ('quantization_noise', 0.08909731358289719)]"
3376034906.jpg,image_denoising,0.7604860067367554,"[('image_denoising', 0.7604860067367554), ('chromatic_aberrations', 0.13666000962257385), ('gaussian_blur', 0.09209132939577103)]"
3381345467.jpg,jpeg2000_transmission_errors,0.9667970538139343,"[('jpeg2000_transmission_errors', 0.9667970538139343), ('contrast_change', 0.023466940969228745), ('mean shift', 0.007598506286740303)]"
3381533789.jpg,jpeg2000_transmission_errors,0.9583507776260376,"[('jpeg2000_transmission_errors', 0.9583507776260376), ('comfort_noise', 0.040869180113077164), ('contrast_change', 0.0006288713775575161)]"
3385580051.jpg,color_quantization_with_dithering,0.9695714116096497,"[('color_quantization_with_dithering', 0.9695714116096497), ('change of color saturation', 0.0141135323792696), ('non_eccentricity_pattern_noise', 0.006346488371491432)]"
3386943260.jpg,chromatic_aberrations,0.5988260507583618,"[('chromatic_aberrations', 0.5988260507583618), ('mean shift', 0.3957885503768921), ('image_denoising', 0.0028016334399580956)]"
3388712525.jpg,chromatic_aberrations,0.9661123752593994,"[('chromatic_aberrations', 0.9661123752593994), ('image_denoising', 0.03364599496126175), ('jpeg2000_transmission_errors', 7.087195263011381e-05)]"
338924292.jpg,mean shift,0.9362699389457703,"[('mean shift', 0.9362699389457703), ('chromatic_aberrations', 0.05898195877671242), ('image_denoising', 0.0014495976502075791)]"
3390605400.jpg,multiplicative_gaussian_noise,0.8982715606689453,"[('multiplicative_gaussian_noise', 0.8982715606689453), ('quantization_noise', 0.05631361901760101), ('lossy_compression_of_color_images', 0.029910165816545486)]"
3391217731.jpg,contrast_change,0.6558674573898315,"[('contrast_change', 0.6558674573898315), ('mean shift', 0.2872281074523926), ('quantization_noise', 0.03799411654472351)]"
3396059055.jpg,contrast_change,0.6709367036819458,"[('contrast_change', 0.6709367036819458), ('quantization_noise', 0.17099736630916595), ('non_eccentricity_pattern_noise', 0.07278896868228912)]"
3398709851.jpg,gaussian_blur,0.3428095281124115,"[('gaussian_blur', 0.3428095281124115), ('contrast_change', 0.27923133969306946), ('image_denoising', 0.14933189749717712)]"
3405525198.jpg,mean shift,0.8523719906806946,"[('mean shift', 0.8523719906806946), ('contrast_change', 0.12339501082897186), ('jpeg_transmission_errors', 0.02060205116868019)]"
3416685588.jpg,gaussian_blur,0.9787502288818359,"[('gaussian_blur', 0.9787502288818359), ('image_denoising', 0.021102501079440117), ('chromatic_aberrations', 8.394518954446539e-05)]"
3417613077.jpg,non_eccentricity_pattern_noise,0.47200337052345276,"[('non_eccentricity_pattern_noise', 0.47200337052345276), ('contrast_change', 0.43299204111099243), ('jpeg2000_transmission_errors', 0.043799616396427155)]"
342221498.jpg,contrast_change,0.9163461923599243,"[('contrast_change', 0.9163461923599243), ('quantization_noise', 0.07766619324684143), ('color_quantization_with_dithering', 0.004419324453920126)]"
3426740196.jpg,spatially_correlated_noise,0.7443333864212036,"[('spatially_correlated_noise', 0.7443333864212036), ('additive_noise_in_color_components', 0.14743120968341827), ('chromatic_aberrations', 0.09619005024433136)]"
3431390099.jpg,contrast_change,0.8202425241470337,"[('contrast_change', 0.8202425241470337), ('quantization_noise', 0.17882883548736572), ('jpeg2000_transmission_errors', 0.00028604778344742954)]"
3433315492.jpg,spatially_correlated_noise,0.5828311443328857,"[('spatially_correlated_noise', 0.5828311443328857), ('contrast_change', 0.20434331893920898), ('mean shift', 0.09997186809778214)]"
3434261812.jpg,contrast_change,0.9256021976470947,"[('contrast_change', 0.9256021976470947), ('mean shift', 0.07137712836265564), ('change of color saturation', 0.002902815816923976)]"
3435545140.jpg,spatially_correlated_noise,0.48355257511138916,"[('spatially_correlated_noise', 0.48355257511138916), ('image_denoising', 0.15609028935432434), ('lossy_compression_of_color_images', 0.15222498774528503)]"
3437594883.jpg,gaussian_blur,0.9999412298202515,"[('gaussian_blur', 0.9999412298202515), ('sparse_sampling_and_reconstruction', 2.575065263954457e-05), ('contrast_change', 1.0488755833648611e-05)]"
3438059129.jpg,spatially_correlated_noise,0.98576420545578,"[('spatially_correlated_noise', 0.98576420545578), ('additive_noise_in_color_components', 0.003814886324107647), ('chromatic_aberrations', 0.002578380284830928)]"
3440235836.jpg,chromatic_aberrations,0.9796452522277832,"[('chromatic_aberrations', 0.9796452522277832), ('spatially_correlated_noise', 0.011065141297876835), ('image_denoising', 0.0022365227341651917)]"
3446054675.jpg,mean shift,0.9653928279876709,"[('mean shift', 0.9653928279876709), ('chromatic_aberrations', 0.023412266746163368), ('contrast_change', 0.005307852756232023)]"
3452963187.jpg,mean shift,0.5258675217628479,"[('mean shift', 0.5258675217628479), ('chromatic_aberrations', 0.25030452013015747), ('contrast_change', 0.13120129704475403)]"
3455219027.jpg,image_denoising,0.8116514682769775,"[('image_denoising', 0.8116514682769775), ('chromatic_aberrations', 0.13641908764839172), ('quantization_noise', 0.029730718582868576)]"
3455882031.jpg,contrast_change,0.9768933653831482,"[('contrast_change', 0.9768933653831482), ('mean shift', 0.02239896170794964), ('jpeg2000_transmission_errors', 0.00023262818285729736)]"
3461062752.jpg,chromatic_aberrations,0.760684072971344,"[('chromatic_aberrations', 0.760684072971344), ('mean shift', 0.10090065002441406), ('contrast_change', 0.07479755580425262)]"
3462395913.jpg,gaussian_blur,0.7923645377159119,"[('gaussian_blur', 0.7923645377159119), ('mean shift', 0.07163093239068985), ('chromatic_aberrations', 0.06642726063728333)]"
3464327257.jpg,change of color saturation,0.9584656953811646,"[('change of color saturation', 0.9584656953811646), ('sparse_sampling_and_reconstruction', 0.03748054429888725), ('jpeg2000_compression', 0.001565088052302599)]"
3464988666.jpg,additive_noise_in_color_components,0.9114610552787781,"[('additive_noise_in_color_components', 0.9114610552787781), ('spatially_correlated_noise', 0.05604139342904091), ('chromatic_aberrations', 0.017771504819393158)]"
3465087333.jpg,sparse_sampling_and_reconstruction,0.7819985747337341,"[('sparse_sampling_and_reconstruction', 0.7819985747337341), ('jpeg_transmission_errors', 0.10627635568380356), ('jpeg2000_compression', 0.09707434475421906)]"
346617303.jpg,chromatic_aberrations,0.9491336345672607,"[('chromatic_aberrations', 0.9491336345672607), ('spatially_correlated_noise', 0.0321364589035511), ('image_denoising', 0.00811599288135767)]"
346617779.jpg,chromatic_aberrations,0.8696064352989197,"[('chromatic_aberrations', 0.8696064352989197), ('image_denoising', 0.12640251219272614), ('spatially_correlated_noise', 0.002781654940918088)]"
3469199125.jpg,contrast_change,0.6009712815284729,"[('contrast_change', 0.6009712815284729), ('quantization_noise', 0.3663678765296936), ('jpeg2000_transmission_errors', 0.019304992631077766)]"
34713269.jpg,mean shift,0.8279180526733398,"[('mean shift', 0.8279180526733398), ('contrast_change', 0.11470036953687668), ('chromatic_aberrations', 0.04474012553691864)]"
347162205.jpg,mean shift,0.8337629437446594,"[('mean shift', 0.8337629437446594), ('chromatic_aberrations', 0.16002531349658966), ('contrast_change', 0.0035032511223107576)]"
3475569667.jpg,mean shift,0.45261454582214355,"[('mean shift', 0.45261454582214355), ('gaussian_blur', 0.23729149997234344), ('image_denoising', 0.1973935216665268)]"
3475877294.jpg,gaussian_blur,0.9824410080909729,"[('gaussian_blur', 0.9824410080909729), ('image_denoising', 0.016137557104229927), ('chromatic_aberrations', 0.0007146370480768383)]"
3479727829.jpg,image_denoising,0.9649443030357361,"[('image_denoising', 0.9649443030357361), ('chromatic_aberrations', 0.013869102112948895), ('jpeg2000_transmission_errors', 0.011580700986087322)]"
348162485.jpg,jpeg2000_transmission_errors,0.8693749904632568,"[('jpeg2000_transmission_errors', 0.8693749904632568), ('gaussian_blur', 0.12207643687725067), ('jpeg2000_compression', 0.002066786400973797)]"
3483143101.jpg,gaussian_blur,0.5661768317222595,"[('gaussian_blur', 0.5661768317222595), ('image_denoising', 0.4324595034122467), ('chromatic_aberrations', 0.0007966479170136154)]"
3483459470.jpg,chromatic_aberrations,0.6156905889511108,"[('chromatic_aberrations', 0.6156905889511108), ('color_quantization_with_dithering', 0.31051862239837646), ('quantization_noise', 0.04616633430123329)]"
3483540691.jpg,gaussian_blur,0.9339778423309326,"[('gaussian_blur', 0.9339778423309326), ('image_denoising', 0.056011926382780075), ('chromatic_aberrations', 0.006266311276704073)]"
3490456545.jpg,mean shift,0.9626560807228088,"[('mean shift', 0.9626560807228088), ('contrast_change', 0.037191275507211685), ('non_eccentricity_pattern_noise', 6.289387965807691e-05)]"
3491336743.jpg,jpeg2000_compression,0.9305686950683594,"[('jpeg2000_compression', 0.9305686950683594), ('sparse_sampling_and_reconstruction', 0.06421579420566559), ('change of color saturation', 0.004289452452212572)]"
3492624391.jpg,mean shift,0.7983400821685791,"[('mean shift', 0.7983400821685791), ('contrast_change', 0.1837412714958191), ('chromatic_aberrations', 0.005953012499958277)]"
3494678423.jpg,gaussian_blur,0.9901010990142822,"[('gaussian_blur', 0.9901010990142822), ('sparse_sampling_and_reconstruction', 0.006971500813961029), ('jpeg2000_compression', 0.0008503753342665732)]"
349896134.jpg,contrast_change,0.8218913078308105,"[('contrast_change', 0.8218913078308105), ('mean shift', 0.08793695271015167), ('quantization_noise', 0.07537560909986496)]"
3505627590.jpg,change of color saturation,0.999862551689148,"[('change of color saturation', 0.999862551689148), ('jpeg_transmission_errors', 7.17547518434003e-05), ('jpeg_compression', 2.6347175662522204e-05)]"
3510063780.jpg,contrast_change,0.9769188761711121,"[('contrast_change', 0.9769188761711121), ('mean shift', 0.012895384803414345), ('quantization_noise', 0.004505455493927002)]"
3519364135.jpg,non_eccentricity_pattern_noise,0.45682021975517273,"[('non_eccentricity_pattern_noise', 0.45682021975517273), ('jpeg2000_transmission_errors', 0.2661517262458801), ('contrast_change', 0.12318989634513855)]"
3522690935.jpg,mean shift,0.9881407022476196,"[('mean shift', 0.9881407022476196), ('chromatic_aberrations', 0.006795297842472792), ('contrast_change', 0.0046325987204909325)]"
352331466.jpg,contrast_change,0.6701540946960449,"[('contrast_change', 0.6701540946960449), ('mean shift', 0.27225467562675476), ('quantization_noise', 0.04044467583298683)]"
352602458.jpg,mean shift,0.8648484349250793,"[('mean shift', 0.8648484349250793), ('chromatic_aberrations', 0.1295534372329712), ('image_denoising', 0.002522602677345276)]"
352744670.jpg,image_denoising,0.9897691011428833,"[('image_denoising', 0.9897691011428833), ('contrast_change', 0.0036573782563209534), ('gaussian_blur', 0.0034868456423282623)]"
35311267.jpg,change of color saturation,0.9790211915969849,"[('change of color saturation', 0.9790211915969849), ('contrast_change', 0.016804363578557968), ('sparse_sampling_and_reconstruction', 0.0035948229487985373)]"
3536025260.jpg,mean shift,0.9823838472366333,"[('mean shift', 0.9823838472366333), ('chromatic_aberrations', 0.01510639674961567), ('contrast_change', 0.0012862657895311713)]"
3537044665.jpg,contrast_change,0.9847015142440796,"[('contrast_change', 0.9847015142440796), ('mean shift', 0.010918358340859413), ('quantization_noise', 0.0036993944086134434)]"
3538380259.jpg,non_eccentricity_pattern_noise,0.9930303692817688,"[('non_eccentricity_pattern_noise', 0.9930303692817688), ('contrast_change', 0.004195006098598242), ('quantization_noise', 0.0005553487571887672)]"
354153075.jpg,mean shift,0.568531334400177,"[('mean shift', 0.568531334400177), ('chromatic_aberrations', 0.24606508016586304), ('quantization_noise', 0.09800225496292114)]"
3542002438.jpg,mean shift,0.8469786643981934,"[('mean shift', 0.8469786643981934), ('chromatic_aberrations', 0.0702546238899231), ('contrast_change', 0.06952911615371704)]"
3545702131.jpg,chromatic_aberrations,0.9989655017852783,"[('chromatic_aberrations', 0.9989655017852783), ('image_denoising', 0.0009938530856743455), ('mean shift', 1.000450265564723e-05)]"
3548223665.jpg,mean shift,0.7552403211593628,"[('mean shift', 0.7552403211593628), ('chromatic_aberrations', 0.12616872787475586), ('contrast_change', 0.1069990023970604)]"
3549424661.jpg,mean shift,0.9865742325782776,"[('mean shift', 0.9865742325782776), ('contrast_change', 0.013335390016436577), ('non_eccentricity_pattern_noise', 5.1686256483662874e-05)]"
3558351395.jpg,contrast_change,0.5373402833938599,"[('contrast_change', 0.5373402833938599), ('mean shift', 0.3408975601196289), ('sparse_sampling_and_reconstruction', 0.04847557470202446)]"
3560022258.jpg,mean shift,0.5293896198272705,"[('mean shift', 0.5293896198272705), ('contrast_change', 0.32908186316490173), ('chromatic_aberrations', 0.13195081055164337)]"
357452255.jpg,chromatic_aberrations,0.6343839764595032,"[('chromatic_aberrations', 0.6343839764595032), ('mean shift', 0.29857394099235535), ('image_denoising', 0.03611350432038307)]"
357641600.jpg,chromatic_aberrations,0.9984835982322693,"[('chromatic_aberrations', 0.9984835982322693), ('image_denoising', 0.0014316957676783204), ('mean shift', 4.758778231916949e-05)]"
3577744786.jpg,chromatic_aberrations,0.8754761815071106,"[('chromatic_aberrations', 0.8754761815071106), ('mean shift', 0.11055045574903488), ('image_denoising', 0.0119660384953022)]"
3579701723.jpg,chromatic_aberrations,0.9930686950683594,"[('chromatic_aberrations', 0.9930686950683594), ('mean shift', 0.003750499337911606), ('image_denoising', 0.0017997219692915678)]"
358433606.jpg,image_denoising,0.47366970777511597,"[('image_denoising', 0.47366970777511597), ('chromatic_aberrations', 0.43965762853622437), ('gaussian_blur', 0.07042808830738068)]"
358438532.jpg,gaussian_blur,0.8696010112762451,"[('gaussian_blur', 0.8696010112762451), ('image_denoising', 0.12072495371103287), ('mean shift', 0.006271593738347292)]"
3585032307.jpg,color_quantization_with_dithering,0.6541277170181274,"[('color_quantization_with_dithering', 0.6541277170181274), ('contrast_change', 0.30775466561317444), ('masked_noise', 0.014900412410497665)]"
3585744087.jpg,mean shift,0.9936374425888062,"[('mean shift', 0.9936374425888062), ('chromatic_aberrations', 0.0045793792232871056), ('gaussian_blur', 0.0008181403973139822)]"
3587337138.jpg,image_denoising,0.7739051580429077,"[('image_denoising', 0.7739051580429077), ('chromatic_aberrations', 0.22496561706066132), ('gaussian_blur', 0.0007790627423673868)]"
3591617396.jpg,chromatic_aberrations,0.9369057416915894,"[('chromatic_aberrations', 0.9369057416915894), ('image_denoising', 0.06294222176074982), ('spatially_correlated_noise', 4.1077251808019355e-05)]"
3600948934.jpg,change of color saturation,0.9998098015785217,"[('change of color saturation', 0.9998098015785217), ('jpeg_transmission_errors', 9.144745126832277e-05), ('contrast_change', 8.485265425406396e-05)]"
3603046487.jpg,contrast_change,0.8020357489585876,"[('contrast_change', 0.8020357489585876), ('mean shift', 0.1820024847984314), ('quantization_noise', 0.009360700845718384)]"
3612174577.jpg,mean shift,0.916261613368988,"[('mean shift', 0.916261613368988), ('chromatic_aberrations', 0.07602909952402115), ('contrast_change', 0.0037799146957695484)]"
361252644.jpg,image_denoising,0.9839194416999817,"[('image_denoising', 0.9839194416999817), ('quantization_noise', 0.00959964469075203), ('chromatic_aberrations', 0.0036655766889452934)]"
3615562.jpg,additive_noise_in_color_components,0.8954879641532898,"[('additive_noise_in_color_components', 0.8954879641532898), ('spatially_correlated_noise', 0.10369085520505905), ('image_denoising', 0.00030333033646456897)]"
362016009.jpg,chromatic_aberrations,0.9994511008262634,"[('chromatic_aberrations', 0.9994511008262634), ('image_denoising', 0.00024578371085226536), ('spatially_correlated_noise', 8.36883918964304e-05)]"
3620726.jpg,chromatic_aberrations,0.5830922722816467,"[('chromatic_aberrations', 0.5830922722816467), ('mean shift', 0.3907894492149353), ('image_denoising', 0.01280236802995205)]"
3632417985.jpg,jpeg2000_compression,0.8619994521141052,"[('jpeg2000_compression', 0.8619994521141052), ('jpeg_compression', 0.12071022391319275), ('comfort_noise', 0.01498876977711916)]"
3637251050.jpg,jpeg2000_transmission_errors,0.7567960619926453,"[('jpeg2000_transmission_errors', 0.7567960619926453), ('color_quantization_with_dithering', 0.17084459960460663), ('jpeg_transmission_errors', 0.05239732190966606)]"
3639490630.jpg,mean shift,0.8672499060630798,"[('mean shift', 0.8672499060630798), ('contrast_change', 0.13222965598106384), ('change of color saturation', 0.0004798924783244729)]"
3641084203.jpg,image_denoising,0.9891023635864258,"[('image_denoising', 0.9891023635864258), ('chromatic_aberrations', 0.004479448776692152), ('jpeg2000_compression', 0.003919811919331551)]"
3645413545.jpg,gaussian_blur,0.5159698128700256,"[('gaussian_blur', 0.5159698128700256), ('mean shift', 0.45849090814590454), ('chromatic_aberrations', 0.01833834871649742)]"
3655930326.jpg,contrast_change,0.4992462396621704,"[('contrast_change', 0.4992462396621704), ('mean shift', 0.49034854769706726), ('quantization_noise', 0.002627482870593667)]"
3661422978.jpg,chromatic_aberrations,0.9424116611480713,"[('chromatic_aberrations', 0.9424116611480713), ('image_denoising', 0.04142715781927109), ('spatially_correlated_noise', 0.01396544836461544)]"
3662491369.jpg,chromatic_aberrations,0.7499304413795471,"[('chromatic_aberrations', 0.7499304413795471), ('mean shift', 0.14072324335575104), ('image_denoising', 0.06154131144285202)]"
3662558151.jpg,jpeg2000_transmission_errors,0.8360064029693604,"[('jpeg2000_transmission_errors', 0.8360064029693604), ('contrast_change', 0.15409107506275177), ('mean shift', 0.005994392558932304)]"
3669066809.jpg,change of color saturation,0.9999377727508545,"[('change of color saturation', 0.9999377727508545), ('jpeg_transmission_errors', 4.1422488720854744e-05), ('mean shift', 4.465688107302412e-06)]"
3670445078.jpg,chromatic_aberrations,0.6829604506492615,"[('chromatic_aberrations', 0.6829604506492615), ('image_denoising', 0.1878490149974823), ('gaussian_blur', 0.07407747954130173)]"
3670448728.jpg,chromatic_aberrations,0.9802046418190002,"[('chromatic_aberrations', 0.9802046418190002), ('image_denoising', 0.011483799666166306), ('mean shift', 0.004420625511556864)]"
3673502264.jpg,mean shift,0.8989714980125427,"[('mean shift', 0.8989714980125427), ('contrast_change', 0.09423395991325378), ('quantization_noise', 0.003892076900228858)]"
3675002443.jpg,chromatic_aberrations,0.9991745352745056,"[('chromatic_aberrations', 0.9991745352745056), ('mean shift', 0.0005386054399423301), ('image_denoising', 0.0001894195011118427)]"
3680743288.jpg,jpeg2000_transmission_errors,0.617687463760376,"[('jpeg2000_transmission_errors', 0.617687463760376), ('contrast_change', 0.1706334501504898), ('non_eccentricity_pattern_noise', 0.11717788875102997)]"
3686287517.jpg,contrast_change,0.642065703868866,"[('contrast_change', 0.642065703868866), ('quantization_noise', 0.34531667828559875), ('mean shift', 0.008156836032867432)]"
3689872234.jpg,chromatic_aberrations,0.9940677881240845,"[('chromatic_aberrations', 0.9940677881240845), ('image_denoising', 0.0026822490617632866), ('spatially_correlated_noise', 0.0014110662741586566)]"
3693087386.jpg,chromatic_aberrations,0.4559645652770996,"[('chromatic_aberrations', 0.4559645652770996), ('mean shift', 0.17892229557037354), ('spatially_correlated_noise', 0.14875563979148865)]"
369451183.jpg,quantization_noise,0.9935879707336426,"[('quantization_noise', 0.9935879707336426), ('contrast_change', 0.005991804413497448), ('chromatic_aberrations', 0.0002898403618019074)]"
3698386210.jpg,chromatic_aberrations,0.8606425523757935,"[('chromatic_aberrations', 0.8606425523757935), ('spatially_correlated_noise', 0.13568595051765442), ('image_denoising', 0.0020503553096204996)]"
3704662776.jpg,contrast_change,0.9938836693763733,"[('contrast_change', 0.9938836693763733), ('quantization_noise', 0.0022144722752273083), ('additive_gaussian_noise', 0.0011228128569200635)]"
3705884386.jpg,chromatic_aberrations,0.9782657027244568,"[('chromatic_aberrations', 0.9782657027244568), ('image_denoising', 0.01281263493001461), ('mean shift', 0.00847050454467535)]"
3706984010.jpg,spatially_correlated_noise,0.9969586133956909,"[('spatially_correlated_noise', 0.9969586133956909), ('image_denoising', 0.001372313010506332), ('chromatic_aberrations', 0.0009420025162398815)]"
3707755654.jpg,contrast_change,0.48197129368782043,"[('contrast_change', 0.48197129368782043), ('quantization_noise', 0.24976569414138794), ('non_eccentricity_pattern_noise', 0.24553099274635315)]"
3711772310.jpg,change of color saturation,0.9999593496322632,"[('change of color saturation', 0.9999593496322632), ('jpeg_transmission_errors', 1.642537426960189e-05), ('jpeg_compression', 1.1984830962319393e-05)]"
3712529193.jpg,mean shift,0.8162280917167664,"[('mean shift', 0.8162280917167664), ('gaussian_blur', 0.07606946676969528), ('chromatic_aberrations', 0.06144404411315918)]"
3713010621.jpg,mean shift,0.8854202628135681,"[('mean shift', 0.8854202628135681), ('contrast_change', 0.08036245405673981), ('chromatic_aberrations', 0.0206676684319973)]"
3714832332.jpg,non_eccentricity_pattern_noise,0.9169433116912842,"[('non_eccentricity_pattern_noise', 0.9169433116912842), ('contrast_change', 0.027601677924394608), ('mean shift', 0.025118950754404068)]"
3715014568.jpg,change of color saturation,0.981665313243866,"[('change of color saturation', 0.981665313243866), ('mean shift', 0.011342969723045826), ('contrast_change', 0.003992013167589903)]"
3716186057.jpg,gaussian_blur,0.9999440908432007,"[('gaussian_blur', 0.9999440908432007), ('image_denoising', 2.2068426915211603e-05), ('mean shift', 1.696158324193675e-05)]"
3721179887.jpg,contrast_change,0.8378366231918335,"[('contrast_change', 0.8378366231918335), ('quantization_noise', 0.14451716840267181), ('chromatic_aberrations', 0.015279856510460377)]"
3722409963.jpg,chromatic_aberrations,0.9536490440368652,"[('chromatic_aberrations', 0.9536490440368652), ('image_denoising', 0.04210370033979416), ('gaussian_blur', 0.003158786566928029)]"
3725954413.jpg,contrast_change,0.8044456243515015,"[('contrast_change', 0.8044456243515015), ('mean shift', 0.1308952122926712), ('chromatic_aberrations', 0.035337816923856735)]"
372866056.jpg,chromatic_aberrations,0.5466700196266174,"[('chromatic_aberrations', 0.5466700196266174), ('image_denoising', 0.2603492736816406), ('gaussian_blur', 0.11499829590320587)]"
3729465678.jpg,contrast_change,0.5624290704727173,"[('contrast_change', 0.5624290704727173), ('mean shift', 0.21832142770290375), ('quantization_noise', 0.21230560541152954)]"
3734378087.jpg,contrast_change,0.981549859046936,"[('contrast_change', 0.981549859046936), ('quantization_noise', 0.006920685525983572), ('mean shift', 0.005815606564283371)]"
3736336896.jpg,chromatic_aberrations,0.47743502259254456,"[('chromatic_aberrations', 0.47743502259254456), ('quantization_noise', 0.23515740036964417), ('spatially_correlated_noise', 0.13222463428974152)]"
3736358849.jpg,image_denoising,0.8415371179580688,"[('image_denoising', 0.8415371179580688), ('chromatic_aberrations', 0.1582651138305664), ('mean shift', 3.994029248133302e-05)]"
3736418288.jpg,contrast_change,0.8368851542472839,"[('contrast_change', 0.8368851542472839), ('color_quantization_with_dithering', 0.07636971771717072), ('jpeg2000_transmission_errors', 0.03458361327648163)]"
3737792738.jpg,gaussian_blur,0.5745357275009155,"[('gaussian_blur', 0.5745357275009155), ('mean shift', 0.4045506715774536), ('contrast_change', 0.013792687095701694)]"
3740923361.jpg,contrast_change,0.9404468536376953,"[('contrast_change', 0.9404468536376953), ('quantization_noise', 0.057411741465330124), ('mean shift', 0.0013682643184438348)]"
3749654443.jpg,contrast_change,0.6113669276237488,"[('contrast_change', 0.6113669276237488), ('comfort_noise', 0.2139895111322403), ('mean shift', 0.1697523295879364)]"
3750653207.jpg,image_denoising,0.5516824722290039,"[('image_denoising', 0.5516824722290039), ('gaussian_blur', 0.4412100613117218), ('chromatic_aberrations', 0.003748668823391199)]"
3750920837.jpg,chromatic_aberrations,0.99886155128479,"[('chromatic_aberrations', 0.99886155128479), ('mean shift', 0.0007693293737247586), ('image_denoising', 0.00024400178517680615)]"
3753143338.jpg,image_denoising,0.9546282887458801,"[('image_denoising', 0.9546282887458801), ('gaussian_blur', 0.03479648381471634), ('chromatic_aberrations', 0.01013623271137476)]"
375446021.jpg,change of color saturation,0.9998444318771362,"[('change of color saturation', 0.9998444318771362), ('contrast_change', 0.00013427995145320892), ('mean shift', 9.972669431590475e-06)]"
3754491822.jpg,chromatic_aberrations,0.9984449744224548,"[('chromatic_aberrations', 0.9984449744224548), ('image_denoising', 0.0013933173613622785), ('mean shift', 0.00010145085252588615)]"
3754591467.jpg,chromatic_aberrations,0.741288423538208,"[('chromatic_aberrations', 0.741288423538208), ('quantization_noise', 0.24679654836654663), ('image_denoising', 0.010907753370702267)]"
3758636614.jpg,quantization_noise,0.2978299558162689,"[('quantization_noise', 0.2978299558162689), ('chromatic_aberrations', 0.2648322880268097), ('non_eccentricity_pattern_noise', 0.23924583196640015)]"
3759443485.jpg,mean shift,0.8172945380210876,"[('mean shift', 0.8172945380210876), ('contrast_change', 0.15214663743972778), ('jpeg2000_transmission_errors', 0.01959613338112831)]"
3759763464.jpg,change of color saturation,0.9998323917388916,"[('change of color saturation', 0.9998323917388916), ('contrast_change', 8.736449672142044e-05), ('jpeg_transmission_errors', 5.477897866512649e-05)]"
3766742048.jpg,chromatic_aberrations,0.9977668523788452,"[('chromatic_aberrations', 0.9977668523788452), ('image_denoising', 0.0009969559032469988), ('gaussian_blur', 0.0006058196886442602)]"
3767341492.jpg,contrast_change,0.9918264150619507,"[('contrast_change', 0.9918264150619507), ('quantization_noise', 0.007403950672596693), ('chromatic_aberrations', 0.00042259725159965456)]"
3768070080.jpg,mean shift,0.9398137927055359,"[('mean shift', 0.9398137927055359), ('image_denoising', 0.018094565719366074), ('chromatic_aberrations', 0.013825795613229275)]"
377273746.jpg,contrast_change,0.6585884094238281,"[('contrast_change', 0.6585884094238281), ('chromatic_aberrations', 0.23027200996875763), ('mean shift', 0.070894755423069)]"
3775591333.jpg,gaussian_blur,0.5672935843467712,"[('gaussian_blur', 0.5672935843467712), ('chromatic_aberrations', 0.35235869884490967), ('mean shift', 0.05655699223279953)]"
3782183827.jpg,non_eccentricity_pattern_noise,0.9928856492042542,"[('non_eccentricity_pattern_noise', 0.9928856492042542), ('contrast_change', 0.0031775187235325575), ('mean shift', 0.002545872237533331)]"
3783312451.jpg,image_denoising,0.5966766476631165,"[('image_denoising', 0.5966766476631165), ('gaussian_blur', 0.4025881886482239), ('jpeg2000_compression', 0.0002884742571040988)]"
3791999774.jpg,image_denoising,0.4701935350894928,"[('image_denoising', 0.4701935350894928), ('gaussian_blur', 0.3732140362262726), ('chromatic_aberrations', 0.07942459732294083)]"
37951657.jpg,contrast_change,0.930732786655426,"[('contrast_change', 0.930732786655426), ('jpeg2000_transmission_errors', 0.055796533823013306), ('quantization_noise', 0.007268181070685387)]"
3806051518.jpg,chromatic_aberrations,0.8919204473495483,"[('chromatic_aberrations', 0.8919204473495483), ('image_denoising', 0.1065535619854927), ('mean shift', 0.00046456934069283307)]"
3810011859.jpg,quantization_noise,0.9984737038612366,"[('quantization_noise', 0.9984737038612366), ('contrast_change', 0.0012504837941378355), ('image_denoising', 7.942219963297248e-05)]"
3815063597.jpg,non_eccentricity_pattern_noise,0.4725199043750763,"[('non_eccentricity_pattern_noise', 0.4725199043750763), ('jpeg2000_transmission_errors', 0.31200045347213745), ('contrast_change', 0.12406852096319199)]"
3820650799.jpg,gaussian_blur,0.9101771116256714,"[('gaussian_blur', 0.9101771116256714), ('image_denoising', 0.06380102783441544), ('sparse_sampling_and_reconstruction', 0.011930190026760101)]"
3822506826.jpg,image_denoising,0.9900083541870117,"[('image_denoising', 0.9900083541870117), ('contrast_change', 0.0031289716716855764), ('chromatic_aberrations', 0.0021287875715643167)]"
3824485636.jpg,chromatic_aberrations,0.7332000136375427,"[('chromatic_aberrations', 0.7332000136375427), ('contrast_change', 0.12216271460056305), ('image_denoising', 0.08895204216241837)]"
382774042.jpg,chromatic_aberrations,0.9666604399681091,"[('chromatic_aberrations', 0.9666604399681091), ('image_denoising', 0.020461760461330414), ('mean shift', 0.007368907798081636)]"
3838001890.jpg,chromatic_aberrations,0.361301988363266,"[('chromatic_aberrations', 0.361301988363266), ('mean shift', 0.33686405420303345), ('non_eccentricity_pattern_noise', 0.1431047022342682)]"
3841233055.jpg,mean shift,0.9190676212310791,"[('mean shift', 0.9190676212310791), ('contrast_change', 0.08003126829862595), ('change of color saturation', 0.0006134943687357008)]"
3841509426.jpg,chromatic_aberrations,0.9979246854782104,"[('chromatic_aberrations', 0.9979246854782104), ('image_denoising', 0.0014584966702386737), ('mean shift', 0.00042081522406078875)]"
3847915749.jpg,chromatic_aberrations,0.3237641453742981,"[('chromatic_aberrations', 0.3237641453742981), ('mean shift', 0.257853627204895), ('additive_noise_in_color_components', 0.17968040704727173)]"
3847965007.jpg,mean shift,0.9134406447410583,"[('mean shift', 0.9134406447410583), ('contrast_change', 0.034048840403556824), ('quantization_noise', 0.025180425494909286)]"
3850577376.jpg,change of color saturation,0.9951299428939819,"[('change of color saturation', 0.9951299428939819), ('jpeg_transmission_errors', 0.004752635955810547), ('mean shift', 4.6717676013940945e-05)]"
3854279335.jpg,gaussian_blur,0.9997914433479309,"[('gaussian_blur', 0.9997914433479309), ('image_denoising', 0.00016417722508776933), ('jpeg2000_compression', 2.1646452296408825e-05)]"
3860848792.jpg,contrast_change,0.9029794931411743,"[('contrast_change', 0.9029794931411743), ('quantization_noise', 0.06827373057603836), ('mean shift', 0.022857487201690674)]"
3861673008.jpg,gaussian_blur,0.9996674060821533,"[('gaussian_blur', 0.9996674060821533), ('sparse_sampling_and_reconstruction', 0.00026119855465367436), ('contrast_change', 6.123164348537102e-05)]"
3867705645.jpg,additive_noise_in_color_components,0.4184877276420593,"[('additive_noise_in_color_components', 0.4184877276420593), ('jpeg2000_transmission_errors', 0.3838435709476471), ('jpeg_transmission_errors', 0.12836343050003052)]"
387003357.jpg,spatially_correlated_noise,0.7668890357017517,"[('spatially_correlated_noise', 0.7668890357017517), ('mean shift', 0.08918812870979309), ('multiplicative_gaussian_noise', 0.037522487342357635)]"
3872509611.jpg,mean shift,0.859491765499115,"[('mean shift', 0.859491765499115), ('chromatic_aberrations', 0.13456033170223236), ('contrast_change', 0.0032842420041561127)]"
3874382715.jpg,mean shift,0.9564878344535828,"[('mean shift', 0.9564878344535828), ('contrast_change', 0.043410345911979675), ('non_eccentricity_pattern_noise', 4.067197733093053e-05)]"
3880140639.jpg,image_denoising,0.293769896030426,"[('image_denoising', 0.293769896030426), ('mean shift', 0.2865862250328064), ('gaussian_blur', 0.2791607081890106)]"
3880718005.jpg,jpeg_transmission_errors,0.3478034734725952,"[('jpeg_transmission_errors', 0.3478034734725952), ('mean shift', 0.16361938416957855), ('chromatic_aberrations', 0.1455715447664261)]"
3886757277.jpg,mean shift,0.7701061367988586,"[('mean shift', 0.7701061367988586), ('contrast_change', 0.19891434907913208), ('quantization_noise', 0.015959326177835464)]"
3888454309.jpg,gaussian_blur,0.578706681728363,"[('gaussian_blur', 0.578706681728363), ('image_denoising', 0.3900623321533203), ('chromatic_aberrations', 0.027073971927165985)]"
3895663827.jpg,mean shift,0.5826835036277771,"[('mean shift', 0.5826835036277771), ('contrast_change', 0.15548153221607208), ('chromatic_aberrations', 0.1336456686258316)]"
3896434582.jpg,chromatic_aberrations,0.987148106098175,"[('chromatic_aberrations', 0.987148106098175), ('image_denoising', 0.00672305840998888), ('quantization_noise', 0.005086033139377832)]"
3898078585.jpg,image_denoising,0.5410252809524536,"[('image_denoising', 0.5410252809524536), ('chromatic_aberrations', 0.45480671525001526), ('jpeg2000_transmission_errors', 0.002609848976135254)]"
3900966844.jpg,gaussian_blur,0.9857593774795532,"[('gaussian_blur', 0.9857593774795532), ('image_denoising', 0.012429540045559406), ('chromatic_aberrations', 0.0015064248582348228)]"
3902626347.jpg,mean shift,0.6290247440338135,"[('mean shift', 0.6290247440338135), ('image_denoising', 0.12342803180217743), ('chromatic_aberrations', 0.09989838302135468)]"
3903483278.jpg,change of color saturation,0.865028440952301,"[('change of color saturation', 0.865028440952301), ('mean shift', 0.08319666981697083), ('contrast_change', 0.050591789186000824)]"
3904942577.jpg,image_denoising,0.9982635378837585,"[('image_denoising', 0.9982635378837585), ('chromatic_aberrations', 0.00163964182138443), ('jpeg2000_compression', 2.4036749891820364e-05)]"
3905518312.jpg,mean shift,0.7866377830505371,"[('mean shift', 0.7866377830505371), ('chromatic_aberrations', 0.2076508104801178), ('image_denoising', 0.003175437683239579)]"
3908866899.jpg,spatially_correlated_noise,0.9989363551139832,"[('spatially_correlated_noise', 0.9989363551139832), ('chromatic_aberrations', 0.0007337601273320615), ('additive_gaussian_noise', 0.00018072275270242244)]"
3910973897.jpg,contrast_change,0.8876762390136719,"[('contrast_change', 0.8876762390136719), ('chromatic_aberrations', 0.04799433797597885), ('mean shift', 0.03703147545456886)]"
3916637949.jpg,contrast_change,0.48069608211517334,"[('contrast_change', 0.48069608211517334), ('quantization_noise', 0.26593613624572754), ('chromatic_aberrations', 0.22260147333145142)]"
3917849504.jpg,jpeg2000_transmission_errors,0.9954906105995178,"[('jpeg2000_transmission_errors', 0.9954906105995178), ('comfort_noise', 0.003596017137169838), ('contrast_change', 0.0007331615197472274)]"
3918838221.jpg,image_denoising,0.5103873610496521,"[('image_denoising', 0.5103873610496521), ('gaussian_blur', 0.4637027382850647), ('chromatic_aberrations', 0.015959061682224274)]"
392103652.jpg,quantization_noise,0.8184603452682495,"[('quantization_noise', 0.8184603452682495), ('color_quantization_with_dithering', 0.06086619198322296), ('contrast_change', 0.05599307641386986)]"
392179845.jpg,chromatic_aberrations,0.985602080821991,"[('chromatic_aberrations', 0.985602080821991), ('image_denoising', 0.014212531968951225), ('quantization_noise', 7.067828119033948e-05)]"
3923233289.jpg,image_denoising,0.9999294281005859,"[('image_denoising', 0.9999294281005859), ('chromatic_aberrations', 4.005146911367774e-05), ('quantization_noise', 9.450654943066183e-06)]"
392558137.jpg,quantization_noise,0.9857257604598999,"[('quantization_noise', 0.9857257604598999), ('contrast_change', 0.013801999390125275), ('image_denoising', 0.00022156375052873045)]"
3930941584.jpg,quantization_noise,0.7018055319786072,"[('quantization_noise', 0.7018055319786072), ('contrast_change', 0.08966007828712463), ('mean shift', 0.08185987919569016)]"
3932684731.jpg,image_denoising,0.9745454788208008,"[('image_denoising', 0.9745454788208008), ('chromatic_aberrations', 0.021732620894908905), ('jpeg2000_transmission_errors', 0.0015528172953054309)]"
3932785686.jpg,jpeg_transmission_errors,0.9908344745635986,"[('jpeg_transmission_errors', 0.9908344745635986), ('jpeg2000_transmission_errors', 0.0036535682156682014), ('additive_gaussian_noise', 0.0018973206169903278)]"
3935177366.jpg,mean shift,0.9782506823539734,"[('mean shift', 0.9782506823539734), ('contrast_change', 0.010004028677940369), ('chromatic_aberrations', 0.00887689646333456)]"
3939043948.jpg,chromatic_aberrations,0.9958437085151672,"[('chromatic_aberrations', 0.9958437085151672), ('image_denoising', 0.0039605069905519485), ('mean shift', 8.16839310573414e-05)]"
3940105265.jpg,change of color saturation,0.9997279047966003,"[('change of color saturation', 0.9997279047966003), ('color_quantization_with_dithering', 0.0001386082440149039), ('jpeg_transmission_errors', 7.846242078812793e-05)]"
3940357186.jpg,chromatic_aberrations,0.8073511719703674,"[('chromatic_aberrations', 0.8073511719703674), ('mean shift', 0.09665598720312119), ('image_denoising', 0.0783543512225151)]"
3940847938.jpg,mean shift,0.9108627438545227,"[('mean shift', 0.9108627438545227), ('contrast_change', 0.04848603531718254), ('chromatic_aberrations', 0.03531802073121071)]"
3943080167.jpg,gaussian_blur,0.9996722936630249,"[('gaussian_blur', 0.9996722936630249), ('image_denoising', 0.0002573853707872331), ('sparse_sampling_and_reconstruction', 3.076258872170001e-05)]"
3948522988.jpg,change of color saturation,0.999776303768158,"[('change of color saturation', 0.999776303768158), ('contrast_change', 0.00016209547175094485), ('jpeg_transmission_errors', 5.203834007261321e-05)]"
395036065.jpg,non_eccentricity_pattern_noise,0.9905480742454529,"[('non_eccentricity_pattern_noise', 0.9905480742454529), ('local_block-wise_distortions', 0.005994773935526609), ('jpeg_transmission_errors', 0.0007907744729891419)]"
395147567.jpg,image_denoising,0.6432706117630005,"[('image_denoising', 0.6432706117630005), ('gaussian_blur', 0.16645103693008423), ('chromatic_aberrations', 0.11217444390058517)]"
3956832242.jpg,image_denoising,0.9914641976356506,"[('image_denoising', 0.9914641976356506), ('gaussian_blur', 0.005204644985496998), ('chromatic_aberrations', 0.003098360961303115)]"
3957754780.jpg,contrast_change,0.9562847018241882,"[('contrast_change', 0.9562847018241882), ('non_eccentricity_pattern_noise', 0.02002020925283432), ('mean shift', 0.011397254653275013)]"
3962058482.jpg,chromatic_aberrations,0.8229981660842896,"[('chromatic_aberrations', 0.8229981660842896), ('gaussian_blur', 0.07778406143188477), ('image_denoising', 0.06284765899181366)]"
396505725.jpg,image_denoising,0.9716460704803467,"[('image_denoising', 0.9716460704803467), ('chromatic_aberrations', 0.024779463186860085), ('quantization_noise', 0.0020867264829576015)]"
3969622447.jpg,contrast_change,0.9522735476493835,"[('contrast_change', 0.9522735476493835), ('quantization_noise', 0.023128343746066093), ('mean shift', 0.012461227364838123)]"
3971662930.jpg,contrast_change,0.8473942875862122,"[('contrast_change', 0.8473942875862122), ('jpeg2000_transmission_errors', 0.09741033613681793), ('quantization_noise', 0.04356525093317032)]"
3973001148.jpg,comfort_noise,0.9993821382522583,"[('comfort_noise', 0.9993821382522583), ('jpeg2000_compression', 0.00031340145505964756), ('image_denoising', 0.0001267933548660949)]"
3973813247.jpg,mean shift,0.4993418753147125,"[('mean shift', 0.4993418753147125), ('chromatic_aberrations', 0.44531458616256714), ('contrast_change', 0.046096812933683395)]"
3980401611.jpg,contrast_change,0.9275697469711304,"[('contrast_change', 0.9275697469711304), ('image_denoising', 0.03363407403230667), ('quantization_noise', 0.022703072056174278)]"
3984248064.jpg,chromatic_aberrations,0.9996840953826904,"[('chromatic_aberrations', 0.9996840953826904), ('image_denoising', 0.00014013396867085248), ('mean shift', 0.00010553803440416232)]"
3985027264.jpg,mean shift,0.9384779930114746,"[('mean shift', 0.9384779930114746), ('chromatic_aberrations', 0.05556727945804596), ('contrast_change', 0.0038763771299272776)]"
398551269.jpg,jpeg2000_transmission_errors,0.8647810816764832,"[('jpeg2000_transmission_errors', 0.8647810816764832), ('non_eccentricity_pattern_noise', 0.03855599835515022), ('spatially_correlated_noise', 0.027721509337425232)]"
3992677101.jpg,contrast_change,0.9808314442634583,"[('contrast_change', 0.9808314442634583), ('jpeg2000_transmission_errors', 0.011578845791518688), ('quantization_noise', 0.0025315354578197002)]"
3993808694.jpg,impulse_noise,0.7998676300048828,"[('impulse_noise', 0.7998676300048828), ('jpeg_compression', 0.11593612283468246), ('quantization_noise', 0.030567863956093788)]"
3994759840.jpg,contrast_change,0.9956023693084717,"[('contrast_change', 0.9956023693084717), ('quantization_noise', 0.0032712088432163), ('jpeg2000_transmission_errors', 0.0003884478937834501)]"
4001539544.jpg,chromatic_aberrations,0.9893961548805237,"[('chromatic_aberrations', 0.9893961548805237), ('image_denoising', 0.010443106293678284), ('quantization_noise', 8.390786388190463e-05)]"
4003392015.jpg,mean shift,0.5149201154708862,"[('mean shift', 0.5149201154708862), ('contrast_change', 0.3077050745487213), ('spatially_correlated_noise', 0.112677201628685)]"
4004417944.jpg,image_denoising,0.47235211730003357,"[('image_denoising', 0.47235211730003357), ('gaussian_blur', 0.23985141515731812), ('chromatic_aberrations', 0.18778416514396667)]"
4005164524.jpg,contrast_change,0.9327747821807861,"[('contrast_change', 0.9327747821807861), ('mean shift', 0.016684772446751595), ('jpeg2000_transmission_errors', 0.013193248771131039)]"
4014803633.jpg,chromatic_aberrations,0.6020328998565674,"[('chromatic_aberrations', 0.6020328998565674), ('image_denoising', 0.36278069019317627), ('gaussian_blur', 0.01876021921634674)]"
4016051317.jpg,mean shift,0.9966629147529602,"[('mean shift', 0.9966629147529602), ('contrast_change', 0.002263428410515189), ('quantization_noise', 0.00031839602161198854)]"
4017312321.jpg,gaussian_blur,0.9957006573677063,"[('gaussian_blur', 0.9957006573677063), ('jpeg2000_compression', 0.0037617292255163193), ('sparse_sampling_and_reconstruction', 0.00041942953248508275)]"
4018879156.jpg,contrast_change,0.829624354839325,"[('contrast_change', 0.829624354839325), ('quantization_noise', 0.09030380100011826), ('mean shift', 0.061913926154375076)]"
4023100592.jpg,chromatic_aberrations,0.9448912143707275,"[('chromatic_aberrations', 0.9448912143707275), ('quantization_noise', 0.049240242689847946), ('image_denoising', 0.003001351607963443)]"
4033495510.jpg,gaussian_blur,0.9232269525527954,"[('gaussian_blur', 0.9232269525527954), ('image_denoising', 0.06055834889411926), ('chromatic_aberrations', 0.00516714621335268)]"
4034220859.jpg,contrast_change,0.7730680704116821,"[('contrast_change', 0.7730680704116821), ('mean shift', 0.1709926426410675), ('non_eccentricity_pattern_noise', 0.027756815776228905)]"
4034550282.jpg,additive_gaussian_noise,0.9469498991966248,"[('additive_gaussian_noise', 0.9469498991966248), ('spatially_correlated_noise', 0.02607925981283188), ('contrast_change', 0.011609112843871117)]"
4035961068.jpg,change of color saturation,0.9999796152114868,"[('change of color saturation', 0.9999796152114868), ('contrast_change', 6.8654699134640396e-06), ('jpeg_transmission_errors', 6.69726068736054e-06)]"
4037056912.jpg,non_eccentricity_pattern_noise,0.9848922491073608,"[('non_eccentricity_pattern_noise', 0.9848922491073608), ('contrast_change', 0.01053660549223423), ('impulse_noise', 0.0015855474630370736)]"
4037555676.jpg,chromatic_aberrations,0.466365784406662,"[('chromatic_aberrations', 0.466365784406662), ('image_denoising', 0.4336163103580475), ('mean shift', 0.08675874769687653)]"
403993453.jpg,chromatic_aberrations,0.8528973460197449,"[('chromatic_aberrations', 0.8528973460197449), ('image_denoising', 0.14620815217494965), ('quantization_noise', 0.0005340759526006877)]"
4040650709.jpg,gaussian_blur,0.9018486142158508,"[('gaussian_blur', 0.9018486142158508), ('mean shift', 0.05897781252861023), ('chromatic_aberrations', 0.019431160762906075)]"
4042188530.jpg,mean shift,0.7351957559585571,"[('mean shift', 0.7351957559585571), ('chromatic_aberrations', 0.10705812275409698), ('gaussian_blur', 0.09660893678665161)]"
4042245241.jpg,contrast_change,0.5350027680397034,"[('contrast_change', 0.5350027680397034), ('quantization_noise', 0.46432071924209595), ('color_quantization_with_dithering', 0.0002199867885792628)]"
4042306910.jpg,mean shift,0.9927722811698914,"[('mean shift', 0.9927722811698914), ('contrast_change', 0.00558397127315402), ('chromatic_aberrations', 0.0009114217828027904)]"
4042433513.jpg,contrast_change,0.9756006002426147,"[('contrast_change', 0.9756006002426147), ('quantization_noise', 0.020280824974179268), ('color_quantization_with_dithering', 0.0033089059870690107)]"
4042572733.jpg,gaussian_blur,0.9764770865440369,"[('gaussian_blur', 0.9764770865440369), ('mean shift', 0.01244417019188404), ('image_denoising', 0.008395166136324406)]"
4042987026.jpg,mean shift,0.9205145835876465,"[('mean shift', 0.9205145835876465), ('chromatic_aberrations', 0.07309330999851227), ('image_denoising', 0.0022087744437158108)]"
4046637583.jpg,gaussian_blur,0.9998248219490051,"[('gaussian_blur', 0.9998248219490051), ('image_denoising', 8.587128104409203e-05), ('chromatic_aberrations', 6.938130536582321e-05)]"
4046716515.jpg,change of color saturation,0.9999570846557617,"[('change of color saturation', 0.9999570846557617), ('jpeg_compression', 1.8802364138537087e-05), ('jpeg_transmission_errors', 1.1162374903506134e-05)]"
4049047636.jpg,mean shift,0.9918932914733887,"[('mean shift', 0.9918932914733887), ('chromatic_aberrations', 0.006595253944396973), ('gaussian_blur', 0.0008341548964381218)]"
4062759482.jpg,chromatic_aberrations,0.6658397912979126,"[('chromatic_aberrations', 0.6658397912979126), ('mean shift', 0.327597051858902), ('image_denoising', 0.0043005263432860374)]"
4067961238.jpg,contrast_change,0.9179043173789978,"[('contrast_change', 0.9179043173789978), ('multiplicative_gaussian_noise', 0.03943263366818428), ('comfort_noise', 0.01692473143339157)]"
4068780416.jpg,mean shift,0.9977105855941772,"[('mean shift', 0.9977105855941772), ('chromatic_aberrations', 0.0014082088600844145), ('contrast_change', 0.0006607749965041876)]"
4075989770.jpg,change of color saturation,0.9477527737617493,"[('change of color saturation', 0.9477527737617493), ('sparse_sampling_and_reconstruction', 0.02591954730451107), ('jpeg2000_compression', 0.023381398990750313)]"
4078925567.jpg,mean shift,0.9968515038490295,"[('mean shift', 0.9968515038490295), ('contrast_change', 0.002293654950335622), ('chromatic_aberrations', 0.0005789382266812027)]"
4079839829.jpg,mean shift,0.8343231081962585,"[('mean shift', 0.8343231081962585), ('contrast_change', 0.1406402885913849), ('chromatic_aberrations', 0.005279663018882275)]"
4080245276.jpg,mean shift,0.8526397943496704,"[('mean shift', 0.8526397943496704), ('chromatic_aberrations', 0.14207831025123596), ('image_denoising', 0.002195082139223814)]"
4081025902.jpg,chromatic_aberrations,0.9678844213485718,"[('chromatic_aberrations', 0.9678844213485718), ('image_denoising', 0.029663491994142532), ('quantization_noise', 0.0013566373381763697)]"
4086204414.jpg,quantization_noise,0.42069539427757263,"[('quantization_noise', 0.42069539427757263), ('chromatic_aberrations', 0.4170208275318146), ('image_denoising', 0.09782633185386658)]"
4091583861.jpg,lossy_compression_of_color_images,0.6237019896507263,"[('lossy_compression_of_color_images', 0.6237019896507263), ('spatially_correlated_noise', 0.23199890553951263), ('additive_gaussian_noise', 0.07493612915277481)]"
409233389.jpg,quantization_noise,0.8280906677246094,"[('quantization_noise', 0.8280906677246094), ('chromatic_aberrations', 0.15944352746009827), ('contrast_change', 0.00487973727285862)]"
409280416.jpg,chromatic_aberrations,0.9841467142105103,"[('chromatic_aberrations', 0.9841467142105103), ('mean shift', 0.013364821672439575), ('image_denoising', 0.0017286475049331784)]"
409446076.jpg,mean shift,0.8856374025344849,"[('mean shift', 0.8856374025344849), ('contrast_change', 0.09448834508657455), ('chromatic_aberrations', 0.008539904840290546)]"
4094774604.jpg,mean shift,0.8733857274055481,"[('mean shift', 0.8733857274055481), ('chromatic_aberrations', 0.12478642910718918), ('contrast_change', 0.0006104347994551063)]"
4094850958.jpg,chromatic_aberrations,0.9435413479804993,"[('chromatic_aberrations', 0.9435413479804993), ('gaussian_blur', 0.026081182062625885), ('mean shift', 0.02557121403515339)]"
4095383312.jpg,chromatic_aberrations,0.9996740818023682,"[('chromatic_aberrations', 0.9996740818023682), ('image_denoising', 0.00026232615346089005), ('mean shift', 2.7892656362382695e-05)]"
409597917.jpg,mean shift,0.6969258785247803,"[('mean shift', 0.6969258785247803), ('chromatic_aberrations', 0.2998109757900238), ('contrast_change', 0.001365942065604031)]"
4099198318.jpg,mean shift,0.9663830399513245,"[('mean shift', 0.9663830399513245), ('multiplicative_gaussian_noise', 0.019731996580958366), ('chromatic_aberrations', 0.006577037274837494)]"
4100096331.jpg,image_denoising,0.8834125399589539,"[('image_denoising', 0.8834125399589539), ('chromatic_aberrations', 0.10575443506240845), ('gaussian_blur', 0.010366728529334068)]"
4100631766.jpg,contrast_change,0.8155251145362854,"[('contrast_change', 0.8155251145362854), ('chromatic_aberrations', 0.12286172062158585), ('mean shift', 0.049783576279878616)]"
4103115026.jpg,chromatic_aberrations,0.5961266160011292,"[('chromatic_aberrations', 0.5961266160011292), ('image_denoising', 0.27493757009506226), ('mean shift', 0.0681566596031189)]"
411090819.jpg,chromatic_aberrations,0.9576576352119446,"[('chromatic_aberrations', 0.9576576352119446), ('quantization_noise', 0.021217403933405876), ('image_denoising', 0.016679935157299042)]"
4113685341.jpg,image_denoising,0.6147205233573914,"[('image_denoising', 0.6147205233573914), ('gaussian_blur', 0.37987297773361206), ('jpeg2000_compression', 0.004284370224922895)]"
412289790.jpg,mean shift,0.9488702416419983,"[('mean shift', 0.9488702416419983), ('image_denoising', 0.022029345855116844), ('gaussian_blur', 0.011463742703199387)]"
4124391067.jpg,chromatic_aberrations,0.4129981994628906,"[('chromatic_aberrations', 0.4129981994628906), ('image_denoising', 0.3549990653991699), ('gaussian_blur', 0.22498811781406403)]"
4124667437.jpg,image_denoising,0.8424040079116821,"[('image_denoising', 0.8424040079116821), ('comfort_noise', 0.13037948310375214), ('jpeg2000_transmission_errors', 0.01489035040140152)]"
4126410943.jpg,contrast_change,0.9301450252532959,"[('contrast_change', 0.9301450252532959), ('mean shift', 0.05004038289189339), ('quantization_noise', 0.009778850711882114)]"
4127400247.jpg,gaussian_blur,0.8423706889152527,"[('gaussian_blur', 0.8423706889152527), ('sparse_sampling_and_reconstruction', 0.1520724594593048), ('contrast_change', 0.003223862498998642)]"
4137012282.jpg,change of color saturation,0.9392791390419006,"[('change of color saturation', 0.9392791390419006), ('jpeg2000_compression', 0.04183634743094444), ('sparse_sampling_and_reconstruction', 0.01712549664080143)]"
4146534497.jpg,contrast_change,0.9980613589286804,"[('contrast_change', 0.9980613589286804), ('quantization_noise', 0.0009563709609210491), ('jpeg2000_transmission_errors', 0.0004482347867451608)]"
4149460224.jpg,chromatic_aberrations,0.9991602897644043,"[('chromatic_aberrations', 0.9991602897644043), ('image_denoising', 0.0007609917083755136), ('mean shift', 4.538045686786063e-05)]"
415283727.jpg,quantization_noise,0.6142448782920837,"[('quantization_noise', 0.6142448782920837), ('contrast_change', 0.36890631914138794), ('jpeg2000_transmission_errors', 0.011283349245786667)]"
415663858.jpg,gaussian_blur,0.9237044453620911,"[('gaussian_blur', 0.9237044453620911), ('mean shift', 0.035911038517951965), ('chromatic_aberrations', 0.015364485792815685)]"
4157689684.jpg,chromatic_aberrations,0.9521640539169312,"[('chromatic_aberrations', 0.9521640539169312), ('image_denoising', 0.03230314329266548), ('contrast_change', 0.007602775003761053)]"
4163479239.jpg,mean shift,0.506077766418457,"[('mean shift', 0.506077766418457), ('chromatic_aberrations', 0.4812968075275421), ('image_denoising', 0.008584556169807911)]"
416573735.jpg,contrast_change,0.9955283999443054,"[('contrast_change', 0.9955283999443054), ('quantization_noise', 0.0040813954547047615), ('jpeg2000_transmission_errors', 0.00022039521718397737)]"
4167190092.jpg,chromatic_aberrations,0.7589882612228394,"[('chromatic_aberrations', 0.7589882612228394), ('image_denoising', 0.2383517324924469), ('gaussian_blur', 0.0016114686150103807)]"
4167198294.jpg,mean shift,0.6765454411506653,"[('mean shift', 0.6765454411506653), ('multiplicative_gaussian_noise', 0.12027706950902939), ('spatially_correlated_noise', 0.08157170563936234)]"
4167927417.jpg,gaussian_blur,0.9996155500411987,"[('gaussian_blur', 0.9996155500411987), ('sparse_sampling_and_reconstruction', 0.0003517889999784529), ('contrast_change', 1.2568915735755581e-05)]"
416910261.jpg,chromatic_aberrations,0.9997301697731018,"[('chromatic_aberrations', 0.9997301697731018), ('image_denoising', 0.00014362898946274072), ('spatially_correlated_noise', 7.849516259739175e-05)]"
4169643886.jpg,chromatic_aberrations,0.9997935891151428,"[('chromatic_aberrations', 0.9997935891151428), ('image_denoising', 0.00010349811054766178), ('mean shift', 6.787663005525246e-05)]"
4172609703.jpg,gaussian_blur,0.9967015385627747,"[('gaussian_blur', 0.9967015385627747), ('sparse_sampling_and_reconstruction', 0.0016036159358918667), ('image_denoising', 0.0010324394097551703)]"
4174901273.jpg,mean shift,0.5232811570167542,"[('mean shift', 0.5232811570167542), ('chromatic_aberrations', 0.4113507568836212), ('contrast_change', 0.062210485339164734)]"
4175024777.jpg,contrast_change,0.9513733386993408,"[('contrast_change', 0.9513733386993408), ('jpeg_transmission_errors', 0.02951526828110218), ('change of color saturation', 0.011455272324383259)]"
4176378029.jpg,image_denoising,0.978014349937439,"[('image_denoising', 0.978014349937439), ('chromatic_aberrations', 0.021791638806462288), ('gaussian_blur', 0.00013103536912240088)]"
4178406108.jpg,jpeg2000_compression,0.5713686347007751,"[('jpeg2000_compression', 0.5713686347007751), ('sparse_sampling_and_reconstruction', 0.26272594928741455), ('jpeg_transmission_errors', 0.11375772207975388)]"
4178432884.jpg,mean shift,0.8157995939254761,"[('mean shift', 0.8157995939254761), ('contrast_change', 0.09743703901767731), ('color_quantization_with_dithering', 0.08554546535015106)]"
4182412787.jpg,chromatic_aberrations,0.6210744380950928,"[('chromatic_aberrations', 0.6210744380950928), ('gaussian_blur', 0.32216817140579224), ('image_denoising', 0.03424046188592911)]"
4182428810.jpg,image_denoising,0.9220009446144104,"[('image_denoising', 0.9220009446144104), ('chromatic_aberrations', 0.07564939558506012), ('gaussian_blur', 0.001943708979524672)]"
4187182991.jpg,quantization_noise,0.659784197807312,"[('quantization_noise', 0.659784197807312), ('contrast_change', 0.3330951929092407), ('additive_gaussian_noise', 0.00284927012398839)]"
4190943330.jpg,mean shift,0.9437259435653687,"[('mean shift', 0.9437259435653687), ('chromatic_aberrations', 0.0439898855984211), ('image_denoising', 0.005115318577736616)]"
4191882783.jpg,change of color saturation,0.999984622001648,"[('change of color saturation', 0.999984622001648), ('jpeg_transmission_errors', 6.3449956542172e-06), ('contrast_change', 4.9224063332076184e-06)]"
4193794378.jpg,chromatic_aberrations,0.9989187717437744,"[('chromatic_aberrations', 0.9989187717437744), ('image_denoising', 0.00043562744394876063), ('mean shift', 0.00016054320440161973)]"
4195632386.jpg,quantization_noise,0.5054041743278503,"[('quantization_noise', 0.5054041743278503), ('contrast_change', 0.3462880551815033), ('chromatic_aberrations', 0.13185261189937592)]"
4196316000.jpg,jpeg2000_compression,0.7953120470046997,"[('jpeg2000_compression', 0.7953120470046997), ('sparse_sampling_and_reconstruction', 0.09086746722459793), ('image_denoising', 0.043053194880485535)]"
4198235482.jpg,change of color saturation,0.9986932873725891,"[('change of color saturation', 0.9986932873725891), ('jpeg_transmission_errors', 0.0005811785813421011), ('contrast_change', 0.00028845443739555776)]"
4202847613.jpg,jpeg_transmission_errors,0.6378846168518066,"[('jpeg_transmission_errors', 0.6378846168518066), ('sparse_sampling_and_reconstruction', 0.14328895509243011), ('mean shift', 0.06916971504688263)]"
4204561283.jpg,gaussian_blur,0.8672113418579102,"[('gaussian_blur', 0.8672113418579102), ('image_denoising', 0.10325915366411209), ('chromatic_aberrations', 0.025547530502080917)]"
4206004485.jpg,gaussian_blur,0.4449169337749481,"[('gaussian_blur', 0.4449169337749481), ('image_denoising', 0.1708441525697708), ('mean shift', 0.10680995881557465)]"
4206098907.jpg,image_denoising,0.6162362694740295,"[('image_denoising', 0.6162362694740295), ('jpeg2000_transmission_errors', 0.3760092854499817), ('chromatic_aberrations', 0.002356564160436392)]"
4210559322.jpg,image_denoising,0.9601437449455261,"[('image_denoising', 0.9601437449455261), ('chromatic_aberrations', 0.020404230803251266), ('gaussian_blur', 0.019003523513674736)]"
4213334951.jpg,gaussian_blur,0.9985525012016296,"[('gaussian_blur', 0.9985525012016296), ('sparse_sampling_and_reconstruction', 0.0013291342183947563), ('image_denoising', 7.309691136470065e-05)]"
4213592284.jpg,contrast_change,0.8435153961181641,"[('contrast_change', 0.8435153961181641), ('mean shift', 0.15511804819107056), ('quantization_noise', 0.0006222065421752632)]"
4214561622.jpg,change of color saturation,0.9998040795326233,"[('change of color saturation', 0.9998040795326233), ('contrast_change', 0.00015368055028375238), ('jpeg_transmission_errors', 2.1771005776827224e-05)]"
4215055375.jpg,gaussian_blur,0.9974109530448914,"[('gaussian_blur', 0.9974109530448914), ('mean shift', 0.0013036365853622556), ('image_denoising', 0.0007127763237804174)]"
4216117221.jpg,mean shift,0.7924267053604126,"[('mean shift', 0.7924267053604126), ('chromatic_aberrations', 0.12379305809736252), ('image_denoising', 0.06732334941625595)]"
4217228822.jpg,contrast_change,0.6238503456115723,"[('contrast_change', 0.6238503456115723), ('mean shift', 0.22640585899353027), ('gaussian_blur', 0.054769255220890045)]"
4232014784.jpg,chromatic_aberrations,0.9997738003730774,"[('chromatic_aberrations', 0.9997738003730774), ('image_denoising', 0.00012164755025878549), ('quantization_noise', 4.5242202759254724e-05)]"
4232963375.jpg,additive_noise_in_color_components,0.3180343210697174,"[('additive_noise_in_color_components', 0.3180343210697174), ('additive_gaussian_noise', 0.3003321588039398), ('spatially_correlated_noise', 0.1292409896850586)]"
4236329723.jpg,chromatic_aberrations,0.9463316202163696,"[('chromatic_aberrations', 0.9463316202163696), ('mean shift', 0.042667366564273834), ('image_denoising', 0.0062302700243890285)]"
4239274380.jpg,chromatic_aberrations,0.9771718382835388,"[('chromatic_aberrations', 0.9771718382835388), ('image_denoising', 0.022345734760165215), ('quantization_noise', 0.00019034546858165413)]"
4241084648.jpg,image_denoising,0.9250468611717224,"[('image_denoising', 0.9250468611717224), ('chromatic_aberrations', 0.06441356241703033), ('gaussian_blur', 0.010155906900763512)]"
4246091470.jpg,contrast_change,0.7374348640441895,"[('contrast_change', 0.7374348640441895), ('mean shift', 0.23672635853290558), ('change of color saturation', 0.017593897879123688)]"
4246970583.jpg,gaussian_blur,0.9904324412345886,"[('gaussian_blur', 0.9904324412345886), ('image_denoising', 0.005045805126428604), ('mean shift', 0.003537424374371767)]"
4247073360.jpg,gaussian_blur,0.9244959354400635,"[('gaussian_blur', 0.9244959354400635), ('image_denoising', 0.07336322218179703), ('jpeg2000_compression', 0.0015207738615572453)]"
4248616737.jpg,gaussian_blur,0.9984436631202698,"[('gaussian_blur', 0.9984436631202698), ('image_denoising', 0.001449297764338553), ('chromatic_aberrations', 7.601975812576711e-05)]"
4250403356.jpg,mean shift,0.9630944132804871,"[('mean shift', 0.9630944132804871), ('chromatic_aberrations', 0.025270188227295876), ('spatially_correlated_noise', 0.0038345027714967728)]"
4254945684.jpg,chromatic_aberrations,0.9991686344146729,"[('chromatic_aberrations', 0.9991686344146729), ('image_denoising', 0.0006701632519252598), ('mean shift', 0.00011542220454430208)]"
4256128407.jpg,spatially_correlated_noise,0.5757274627685547,"[('spatially_correlated_noise', 0.5757274627685547), ('mean shift', 0.3025456964969635), ('contrast_change', 0.04220930486917496)]"
4257293580.jpg,change of color saturation,0.999005138874054,"[('change of color saturation', 0.999005138874054), ('sparse_sampling_and_reconstruction', 0.0006812294013798237), ('contrast_change', 0.00021463715529534966)]"
425916994.jpg,gaussian_blur,0.6579602956771851,"[('gaussian_blur', 0.6579602956771851), ('image_denoising', 0.33909374475479126), ('jpeg2000_compression', 0.0019246358424425125)]"
4259335567.jpg,jpeg_transmission_errors,0.9997337460517883,"[('jpeg_transmission_errors', 0.9997337460517883), ('sparse_sampling_and_reconstruction', 0.0001540561206638813), ('jpeg_compression', 6.321877299342304e-05)]"
4261186099.jpg,chromatic_aberrations,0.9864217042922974,"[('chromatic_aberrations', 0.9864217042922974), ('image_denoising', 0.01002313382923603), ('mean shift', 0.003292601788416505)]"
426656293.jpg,mean shift,0.5195726752281189,"[('mean shift', 0.5195726752281189), ('chromatic_aberrations', 0.40954622626304626), ('image_denoising', 0.057291388511657715)]"
4270305165.jpg,mean shift,0.928486704826355,"[('mean shift', 0.928486704826355), ('chromatic_aberrations', 0.0656220093369484), ('contrast_change', 0.0040637110359966755)]"
4270574025.jpg,contrast_change,0.5947391390800476,"[('contrast_change', 0.5947391390800476), ('image_denoising', 0.20362728834152222), ('chromatic_aberrations', 0.1071808934211731)]"
427196028.jpg,gaussian_blur,0.9981264472007751,"[('gaussian_blur', 0.9981264472007751), ('image_denoising', 0.0013724087039008737), ('mean shift', 0.000345546257449314)]"
4277299546.jpg,comfort_noise,0.9060077667236328,"[('comfort_noise', 0.9060077667236328), ('jpeg2000_transmission_errors', 0.08240393549203873), ('image_denoising', 0.008494559675455093)]"
4278181256.jpg,non_eccentricity_pattern_noise,0.5126522183418274,"[('non_eccentricity_pattern_noise', 0.5126522183418274), ('contrast_change', 0.4645533859729767), ('quantization_noise', 0.005700203590095043)]"
4281871655.jpg,chromatic_aberrations,0.9715225100517273,"[('chromatic_aberrations', 0.9715225100517273), ('mean shift', 0.02205667831003666), ('image_denoising', 0.0034143314696848392)]"
4285776519.jpg,gaussian_blur,0.9815493226051331,"[('gaussian_blur', 0.9815493226051331), ('mean shift', 0.009863029234111309), ('image_denoising', 0.006403691601008177)]"
4286953087.jpg,image_denoising,0.761631190776825,"[('image_denoising', 0.761631190776825), ('chromatic_aberrations', 0.08584725111722946), ('jpeg2000_transmission_errors', 0.08091764897108078)]"
4289036535.jpg,chromatic_aberrations,0.9724581837654114,"[('chromatic_aberrations', 0.9724581837654114), ('image_denoising', 0.026818925514817238), ('gaussian_blur', 0.0004464936500880867)]"
4290975910.jpg,image_denoising,0.9912631511688232,"[('image_denoising', 0.9912631511688232), ('gaussian_blur', 0.004991285968571901), ('chromatic_aberrations', 0.003053542459383607)]"
4293785816.jpg,mean shift,0.998993456363678,"[('mean shift', 0.998993456363678), ('contrast_change', 0.000583910383284092), ('chromatic_aberrations', 0.0003659384383354336)]"
4294746447.jpg,contrast_change,0.985395073890686,"[('contrast_change', 0.985395073890686), ('quantization_noise', 0.013726785778999329), ('mean shift', 0.0005403464892879128)]"
4295279371.jpg,contrast_change,0.9860564470291138,"[('contrast_change', 0.9860564470291138), ('quantization_noise', 0.011953840032219887), ('color_quantization_with_dithering', 0.0009621182107366621)]"
4295525241.jpg,jpeg_transmission_errors,0.6541668772697449,"[('jpeg_transmission_errors', 0.6541668772697449), ('contrast_change', 0.09064622968435287), ('additive_noise_in_color_components', 0.06382928788661957)]"
4296403133.jpg,chromatic_aberrations,0.9996861219406128,"[('chromatic_aberrations', 0.9996861219406128), ('spatially_correlated_noise', 9.783058339962736e-05), ('mean shift', 6.369801849359646e-05)]"
4297219009.jpg,mean shift,0.8047153353691101,"[('mean shift', 0.8047153353691101), ('chromatic_aberrations', 0.16709260642528534), ('gaussian_blur', 0.022587521001696587)]"
4297818651.jpg,contrast_change,0.39596885442733765,"[('contrast_change', 0.39596885442733765), ('change of color saturation', 0.3154887855052948), ('sparse_sampling_and_reconstruction', 0.28216302394866943)]"
4299216840.jpg,image_denoising,0.9953590035438538,"[('image_denoising', 0.9953590035438538), ('chromatic_aberrations', 0.002881295746192336), ('gaussian_blur', 0.0011590037029236555)]"
4300400521.jpg,chromatic_aberrations,0.5257715582847595,"[('chromatic_aberrations', 0.5257715582847595), ('mean shift', 0.45308223366737366), ('image_denoising', 0.017023446038365364)]"
4302524395.jpg,chromatic_aberrations,0.9971016049385071,"[('chromatic_aberrations', 0.9971016049385071), ('mean shift', 0.0014483846025541425), ('image_denoising', 0.0008907271549105644)]"
4306124216.jpg,quantization_noise,0.8174537420272827,"[('quantization_noise', 0.8174537420272827), ('chromatic_aberrations', 0.15727970004081726), ('spatially_correlated_noise', 0.019498225301504135)]"
4315078660.jpg,change of color saturation,0.4112640917301178,"[('change of color saturation', 0.4112640917301178), ('color_quantization_with_dithering', 0.25557464361190796), ('jpeg2000_transmission_errors', 0.11786078661680222)]"
4319921272.jpg,image_denoising,0.8950003981590271,"[('image_denoising', 0.8950003981590271), ('mean shift', 0.06020943447947502), ('chromatic_aberrations', 0.029114028438925743)]"
4324997197.jpg,change of color saturation,0.9999064207077026,"[('change of color saturation', 0.9999064207077026), ('jpeg_transmission_errors', 7.281732541741803e-05), ('jpeg2000_transmission_errors', 6.538807610922959e-06)]"
4333231936.jpg,jpeg_transmission_errors,0.9846328496932983,"[('jpeg_transmission_errors', 0.9846328496932983), ('jpeg2000_transmission_errors', 0.012547759339213371), ('sparse_sampling_and_reconstruction', 0.0013639298267662525)]"
4333476367.jpg,quantization_noise,0.9552135467529297,"[('quantization_noise', 0.9552135467529297), ('contrast_change', 0.044639624655246735), ('chromatic_aberrations', 3.682293026940897e-05)]"
4335495125.jpg,mean shift,0.9966926574707031,"[('mean shift', 0.9966926574707031), ('contrast_change', 0.003201094688847661), ('gaussian_blur', 5.764768138760701e-05)]"
433731087.jpg,chromatic_aberrations,0.9543084502220154,"[('chromatic_aberrations', 0.9543084502220154), ('image_denoising', 0.03827414661645889), ('mean shift', 0.006211002357304096)]"
434108213.jpg,non_eccentricity_pattern_noise,0.4913005530834198,"[('non_eccentricity_pattern_noise', 0.4913005530834198), ('spatially_correlated_noise', 0.15651237964630127), ('contrast_change', 0.14585387706756592)]"
4343304474.jpg,contrast_change,0.9694772958755493,"[('contrast_change', 0.9694772958755493), ('quantization_noise', 0.027193162590265274), ('jpeg2000_transmission_errors', 0.0015502754831686616)]"
434815119.jpg,image_denoising,0.9779189229011536,"[('image_denoising', 0.9779189229011536), ('chromatic_aberrations', 0.021984612569212914), ('jpeg2000_compression', 5.8946894569089636e-05)]"
4353430545.jpg,chromatic_aberrations,0.995658278465271,"[('chromatic_aberrations', 0.995658278465271), ('image_denoising', 0.00418064696714282), ('mean shift', 0.00010028826363850385)]"
4353485101.jpg,mean shift,0.9726961851119995,"[('mean shift', 0.9726961851119995), ('multiplicative_gaussian_noise', 0.014444387517869473), ('contrast_change', 0.005667375400662422)]"
4353658003.jpg,chromatic_aberrations,0.5618836879730225,"[('chromatic_aberrations', 0.5618836879730225), ('quantization_noise', 0.21002697944641113), ('contrast_change', 0.1375904381275177)]"
4359967769.jpg,contrast_change,0.9517442584037781,"[('contrast_change', 0.9517442584037781), ('quantization_noise', 0.04477354884147644), ('chromatic_aberrations', 0.0010451085399836302)]"
4360105019.jpg,mean shift,0.9338895678520203,"[('mean shift', 0.9338895678520203), ('chromatic_aberrations', 0.05831393226981163), ('contrast_change', 0.004149749409407377)]"
4360974596.jpg,contrast_change,0.977238118648529,"[('contrast_change', 0.977238118648529), ('mean shift', 0.01789749413728714), ('quantization_noise', 0.003253732807934284)]"
4370988573.jpg,gaussian_blur,0.9771103858947754,"[('gaussian_blur', 0.9771103858947754), ('image_denoising', 0.02201390638947487), ('jpeg2000_compression', 0.0006250804290175438)]"
4371356797.jpg,contrast_change,0.9116816520690918,"[('contrast_change', 0.9116816520690918), ('jpeg2000_transmission_errors', 0.03345789015293121), ('chromatic_aberrations', 0.01990332640707493)]"
4372249937.jpg,chromatic_aberrations,0.9981915354728699,"[('chromatic_aberrations', 0.9981915354728699), ('mean shift', 0.001455889898352325), ('image_denoising', 0.00011435908527346328)]"
43749901.jpg,mean shift,0.5365506410598755,"[('mean shift', 0.5365506410598755), ('jpeg2000_transmission_errors', 0.15945196151733398), ('contrast_change', 0.09808093309402466)]"
4376625237.jpg,quantization_noise,0.8726758360862732,"[('quantization_noise', 0.8726758360862732), ('chromatic_aberrations', 0.07460413873195648), ('contrast_change', 0.03288031369447708)]"
4376675146.jpg,quantization_noise,0.7716115117073059,"[('quantization_noise', 0.7716115117073059), ('contrast_change', 0.21664293110370636), ('chromatic_aberrations', 0.006940689869225025)]"
4383247323.jpg,jpeg2000_transmission_errors,0.6096084117889404,"[('jpeg2000_transmission_errors', 0.6096084117889404), ('change of color saturation', 0.19409719109535217), ('color_quantization_with_dithering', 0.19274592399597168)]"
4384734404.jpg,contrast_change,0.4776974022388458,"[('contrast_change', 0.4776974022388458), ('quantization_noise', 0.4361950159072876), ('additive_noise_in_color_components', 0.032947275787591934)]"
4388983100.jpg,chromatic_aberrations,0.9649162888526917,"[('chromatic_aberrations', 0.9649162888526917), ('image_denoising', 0.03083394467830658), ('mean shift', 0.0036840736865997314)]"
4389836139.jpg,mean shift,0.9421030282974243,"[('mean shift', 0.9421030282974243), ('gaussian_blur', 0.03844967857003212), ('chromatic_aberrations', 0.00680748512968421)]"
4391005979.jpg,jpeg2000_transmission_errors,0.9697369933128357,"[('jpeg2000_transmission_errors', 0.9697369933128357), ('contrast_change', 0.023342639207839966), ('comfort_noise', 0.00573577219620347)]"
439745674.jpg,image_denoising,0.9838249683380127,"[('image_denoising', 0.9838249683380127), ('jpeg2000_transmission_errors', 0.009129627607762814), ('comfort_noise', 0.0029077520594000816)]"
44009500.jpg,chromatic_aberrations,0.8370630145072937,"[('chromatic_aberrations', 0.8370630145072937), ('image_denoising', 0.15451721847057343), ('mean shift', 0.003846131032332778)]"
4401185827.jpg,mean shift,0.562862753868103,"[('mean shift', 0.562862753868103), ('chromatic_aberrations', 0.43494683504104614), ('image_denoising', 0.0007451980491168797)]"
4404389524.jpg,chromatic_aberrations,0.9870540499687195,"[('chromatic_aberrations', 0.9870540499687195), ('image_denoising', 0.012770382687449455), ('mean shift', 8.86855777935125e-05)]"
4405802084.jpg,chromatic_aberrations,0.955794632434845,"[('chromatic_aberrations', 0.955794632434845), ('mean shift', 0.024269627407193184), ('image_denoising', 0.01833271235227585)]"
4409503429.jpg,gaussian_blur,0.9998893737792969,"[('gaussian_blur', 0.9998893737792969), ('sparse_sampling_and_reconstruction', 6.299484084593132e-05), ('image_denoising', 2.53549478657078e-05)]"
4410900135.jpg,contrast_change,0.9065343141555786,"[('contrast_change', 0.9065343141555786), ('chromatic_aberrations', 0.033211104571819305), ('quantization_noise', 0.032615210860967636)]"
4410907563.jpg,change of color saturation,0.999987006187439,"[('change of color saturation', 0.999987006187439), ('jpeg_transmission_errors', 8.783204066276085e-06), ('contrast_change', 1.9135868569719605e-06)]"
4411055719.jpg,chromatic_aberrations,0.7612831592559814,"[('chromatic_aberrations', 0.7612831592559814), ('mean shift', 0.10034546256065369), ('contrast_change', 0.06293413788080215)]"
441241455.jpg,mean shift,0.5306521058082581,"[('mean shift', 0.5306521058082581), ('chromatic_aberrations', 0.46386709809303284), ('gaussian_blur', 0.0021032339427620173)]"
4420983663.jpg,chromatic_aberrations,0.9828503131866455,"[('chromatic_aberrations', 0.9828503131866455), ('mean shift', 0.01357310265302658), ('image_denoising', 0.0026080419775098562)]"
4423100872.jpg,image_denoising,0.8316071033477783,"[('image_denoising', 0.8316071033477783), ('chromatic_aberrations', 0.10422377288341522), ('gaussian_blur', 0.05999130755662918)]"
4423525827.jpg,image_denoising,0.9948430061340332,"[('image_denoising', 0.9948430061340332), ('chromatic_aberrations', 0.0036020020488649607), ('gaussian_blur', 0.0014223292237147689)]"
4430662019.jpg,chromatic_aberrations,0.912876546382904,"[('chromatic_aberrations', 0.912876546382904), ('image_denoising', 0.08339740335941315), ('mean shift', 0.002311140764504671)]"
4432333136.jpg,chromatic_aberrations,0.9841374158859253,"[('chromatic_aberrations', 0.9841374158859253), ('image_denoising', 0.010713270865380764), ('mean shift', 0.0037795647513121367)]"
4443705808.jpg,chromatic_aberrations,0.8429991006851196,"[('chromatic_aberrations', 0.8429991006851196), ('image_denoising', 0.152913898229599), ('quantization_noise', 0.0032160028349608183)]"
4446289911.jpg,chromatic_aberrations,0.8537517786026001,"[('chromatic_aberrations', 0.8537517786026001), ('image_denoising', 0.12838371098041534), ('mean shift', 0.01078215055167675)]"
4447897373.jpg,image_denoising,0.9992741942405701,"[('image_denoising', 0.9992741942405701), ('chromatic_aberrations', 0.0003573541762307286), ('jpeg2000_transmission_errors', 7.489379640901461e-05)]"
4458877862.jpg,contrast_change,0.7315196394920349,"[('contrast_change', 0.7315196394920349), ('mean shift', 0.264975905418396), ('quantization_noise', 0.0026460906956344843)]"
4462477090.jpg,image_denoising,0.5403608679771423,"[('image_denoising', 0.5403608679771423), ('gaussian_blur', 0.45140573382377625), ('jpeg2000_transmission_errors', 0.0030204295180737972)]"
4463196857.jpg,chromatic_aberrations,0.9494970440864563,"[('chromatic_aberrations', 0.9494970440864563), ('image_denoising', 0.017024194821715355), ('mean shift', 0.013902236707508564)]"
446796521.jpg,change of color saturation,0.995210587978363,"[('change of color saturation', 0.995210587978363), ('jpeg_transmission_errors', 0.0015492804814130068), ('mean shift', 0.0010289093479514122)]"
4478081768.jpg,chromatic_aberrations,0.9997304081916809,"[('chromatic_aberrations', 0.9997304081916809), ('quantization_noise', 0.00016921406495384872), ('image_denoising', 3.705142080434598e-05)]"
4483151821.jpg,spatially_correlated_noise,0.7189731597900391,"[('spatially_correlated_noise', 0.7189731597900391), ('multiplicative_gaussian_noise', 0.11675228923559189), ('additive_gaussian_noise', 0.09184323996305466)]"
4488104431.jpg,chromatic_aberrations,0.9809860587120056,"[('chromatic_aberrations', 0.9809860587120056), ('mean shift', 0.011746745556592941), ('image_denoising', 0.0035534193739295006)]"
4488491323.jpg,change of color saturation,0.9998773336410522,"[('change of color saturation', 0.9998773336410522), ('contrast_change', 7.130599260563031e-05), ('mean shift', 3.6264475056668743e-05)]"
4495910719.jpg,image_denoising,0.9885076284408569,"[('image_denoising', 0.9885076284408569), ('gaussian_blur', 0.009186729788780212), ('jpeg2000_compression', 0.0011165811447426677)]"
4496338663.jpg,change of color saturation,0.9999501705169678,"[('change of color saturation', 0.9999501705169678), ('jpeg_transmission_errors', 2.0489240341703407e-05), ('jpeg_compression', 1.6019703252823092e-05)]"
4499122119.jpg,jpeg2000_transmission_errors,0.43275225162506104,"[('jpeg2000_transmission_errors', 0.43275225162506104), ('contrast_change', 0.23890092968940735), ('comfort_noise', 0.13167841732501984)]"
45015821.jpg,quantization_noise,0.5567925572395325,"[('quantization_noise', 0.5567925572395325), ('contrast_change', 0.37764719128608704), ('jpeg2000_transmission_errors', 0.03449082374572754)]"
4501585211.jpg,gaussian_blur,0.968538761138916,"[('gaussian_blur', 0.968538761138916), ('mean shift', 0.023056602105498314), ('chromatic_aberrations', 0.004694964271038771)]"
4502409601.jpg,gaussian_blur,0.8878803849220276,"[('gaussian_blur', 0.8878803849220276), ('mean shift', 0.058513518422842026), ('contrast_change', 0.052885428071022034)]"
450338979.jpg,additive_gaussian_noise,0.6620016098022461,"[('additive_gaussian_noise', 0.6620016098022461), ('spatially_correlated_noise', 0.2917317748069763), ('jpeg_transmission_errors', 0.021981671452522278)]"
4504786016.jpg,chromatic_aberrations,0.6536996960639954,"[('chromatic_aberrations', 0.6536996960639954), ('mean shift', 0.34061360359191895), ('contrast_change', 0.0020209932699799538)]"
450789020.jpg,change of color saturation,0.9989346861839294,"[('change of color saturation', 0.9989346861839294), ('non_eccentricity_pattern_noise', 0.00032998042297549546), ('jpeg_transmission_errors', 0.00026606747996993363)]"
4512110934.jpg,mean shift,0.9762376546859741,"[('mean shift', 0.9762376546859741), ('contrast_change', 0.023614557459950447), ('chromatic_aberrations', 6.091858813306317e-05)]"
4513142635.jpg,mean shift,0.9091632962226868,"[('mean shift', 0.9091632962226868), ('chromatic_aberrations', 0.05940260738134384), ('contrast_change', 0.017656736075878143)]"
4515954109.jpg,gaussian_blur,0.9959040284156799,"[('gaussian_blur', 0.9959040284156799), ('image_denoising', 0.004017042461782694), ('chromatic_aberrations', 3.882129385601729e-05)]"
4518358107.jpg,chromatic_aberrations,0.8325903415679932,"[('chromatic_aberrations', 0.8325903415679932), ('jpeg2000_transmission_errors', 0.06698589771986008), ('contrast_change', 0.05848556384444237)]"
4518414673.jpg,quantization_noise,0.9623231291770935,"[('quantization_noise', 0.9623231291770935), ('contrast_change', 0.014186911284923553), ('image_denoising', 0.013107203878462315)]"
4521235979.jpg,mean shift,0.7357930541038513,"[('mean shift', 0.7357930541038513), ('gaussian_blur', 0.18948465585708618), ('contrast_change', 0.073427714407444)]"
4525681285.jpg,contrast_change,0.9877923130989075,"[('contrast_change', 0.9877923130989075), ('quantization_noise', 0.011824444867670536), ('jpeg2000_transmission_errors', 0.00014082684356253594)]"
452671189.jpg,gaussian_blur,0.9555392265319824,"[('gaussian_blur', 0.9555392265319824), ('image_denoising', 0.03416832163929939), ('chromatic_aberrations', 0.009246638044714928)]"
4529654985.jpg,chromatic_aberrations,0.4589804708957672,"[('chromatic_aberrations', 0.4589804708957672), ('image_denoising', 0.1916971653699875), ('mean shift', 0.18262241780757904)]"
45323583.jpg,chromatic_aberrations,0.5563100576400757,"[('chromatic_aberrations', 0.5563100576400757), ('image_denoising', 0.30193042755126953), ('mean shift', 0.07395574450492859)]"
4532664267.jpg,change of color saturation,0.9936016201972961,"[('change of color saturation', 0.9936016201972961), ('jpeg_transmission_errors', 0.0035753557458519936), ('jpeg_compression', 0.0026728285010904074)]"
4533734353.jpg,contrast_change,0.7354483604431152,"[('contrast_change', 0.7354483604431152), ('chromatic_aberrations', 0.1299877017736435), ('mean shift', 0.10507392138242722)]"
4538412115.jpg,image_denoising,0.9948164820671082,"[('image_denoising', 0.9948164820671082), ('jpeg2000_transmission_errors', 0.003499215003103018), ('comfort_noise', 0.0007405016222037375)]"
4538779976.jpg,chromatic_aberrations,0.5422499179840088,"[('chromatic_aberrations', 0.5422499179840088), ('quantization_noise', 0.4405703842639923), ('image_denoising', 0.011766168288886547)]"
4539567531.jpg,chromatic_aberrations,0.988086462020874,"[('chromatic_aberrations', 0.988086462020874), ('mean shift', 0.003719808766618371), ('spatially_correlated_noise', 0.003656186396256089)]"
4540896523.jpg,mean shift,0.9619506597518921,"[('mean shift', 0.9619506597518921), ('contrast_change', 0.03444879502058029), ('chromatic_aberrations', 0.0026918319053947926)]"
4541090785.jpg,chromatic_aberrations,0.6490640044212341,"[('chromatic_aberrations', 0.6490640044212341), ('mean shift', 0.24658113718032837), ('image_denoising', 0.09559407085180283)]"
4542866851.jpg,change of color saturation,0.9698324203491211,"[('change of color saturation', 0.9698324203491211), ('sparse_sampling_and_reconstruction', 0.01750459522008896), ('jpeg2000_compression', 0.007853476330637932)]"
4545054058.jpg,gaussian_blur,0.9877598881721497,"[('gaussian_blur', 0.9877598881721497), ('image_denoising', 0.007602159399539232), ('chromatic_aberrations', 0.004248552955687046)]"
4555534725.jpg,image_denoising,0.9278171062469482,"[('image_denoising', 0.9278171062469482), ('gaussian_blur', 0.07032427191734314), ('chromatic_aberrations', 0.0015050617512315512)]"
4562682674.jpg,gaussian_blur,0.9613995552062988,"[('gaussian_blur', 0.9613995552062988), ('image_denoising', 0.03301903232932091), ('jpeg2000_compression', 0.002579302992671728)]"
4567215412.jpg,contrast_change,0.9993877410888672,"[('contrast_change', 0.9993877410888672), ('mean shift', 0.00041521474486216903), ('quantization_noise', 0.00012872766819782555)]"
4570337647.jpg,image_denoising,0.5677651762962341,"[('image_denoising', 0.5677651762962341), ('contrast_change', 0.3850211501121521), ('quantization_noise', 0.030794817954301834)]"
4573303796.jpg,change of color saturation,0.9820292592048645,"[('change of color saturation', 0.9820292592048645), ('mean shift', 0.010282449424266815), ('contrast_change', 0.005545003339648247)]"
457397602.jpg,contrast_change,0.683598518371582,"[('contrast_change', 0.683598518371582), ('mean shift', 0.2500397861003876), ('quantization_noise', 0.05618930608034134)]"
4574265376.jpg,quantization_noise,0.5167254209518433,"[('quantization_noise', 0.5167254209518433), ('image_denoising', 0.47979167103767395), ('chromatic_aberrations', 0.0017230930970981717)]"
4578965343.jpg,image_denoising,0.9528013467788696,"[('image_denoising', 0.9528013467788696), ('gaussian_blur', 0.022708116099238396), ('chromatic_aberrations', 0.01822001300752163)]"
4580698398.jpg,mean shift,0.9979400038719177,"[('mean shift', 0.9979400038719177), ('contrast_change', 0.001229852787218988), ('chromatic_aberrations', 0.0003328151360619813)]"
4585233162.jpg,change of color saturation,0.9999266862869263,"[('change of color saturation', 0.9999266862869263), ('sparse_sampling_and_reconstruction', 2.2583055397262797e-05), ('jpeg_transmission_errors', 1.8726455891737714e-05)]"
4589538888.jpg,comfort_noise,0.6847256422042847,"[('comfort_noise', 0.6847256422042847), ('jpeg2000_transmission_errors', 0.22294433414936066), ('contrast_change', 0.08405423909425735)]"
45917867.jpg,mean shift,0.6573911309242249,"[('mean shift', 0.6573911309242249), ('chromatic_aberrations', 0.19599653780460358), ('image_denoising', 0.05906408280134201)]"
4599648667.jpg,contrast_change,0.8567328453063965,"[('contrast_change', 0.8567328453063965), ('non_eccentricity_pattern_noise', 0.08049307018518448), ('mean shift', 0.03206869959831238)]"
460148364.jpg,image_denoising,0.5065090656280518,"[('image_denoising', 0.5065090656280518), ('quantization_noise', 0.4502612054347992), ('contrast_change', 0.018051397055387497)]"
4601884206.jpg,quantization_noise,0.8961373567581177,"[('quantization_noise', 0.8961373567581177), ('contrast_change', 0.10169780999422073), ('comfort_noise', 0.0013650152832269669)]"
4602499723.jpg,change of color saturation,0.9131523966789246,"[('change of color saturation', 0.9131523966789246), ('jpeg2000_transmission_errors', 0.07930908352136612), ('color_quantization_with_dithering', 0.004640004597604275)]"
4602555754.jpg,quantization_noise,0.46790990233421326,"[('quantization_noise', 0.46790990233421326), ('contrast_change', 0.4084691107273102), ('image_denoising', 0.08156593143939972)]"
4603966605.jpg,contrast_change,0.9652581810951233,"[('contrast_change', 0.9652581810951233), ('quantization_noise', 0.023509757593274117), ('spatially_correlated_noise', 0.0047254301607608795)]"
4605755313.jpg,change of color saturation,0.9996787309646606,"[('change of color saturation', 0.9996787309646606), ('color_quantization_with_dithering', 0.0001526419655419886), ('jpeg_transmission_errors', 8.351504220627248e-05)]"
460737356.jpg,jpeg_transmission_errors,0.9460719227790833,"[('jpeg_transmission_errors', 0.9460719227790833), ('comfort_noise', 0.05194498226046562), ('lossy_compression_of_color_images', 0.0005569912609644234)]"
4610304834.jpg,mean shift,0.8511509895324707,"[('mean shift', 0.8511509895324707), ('jpeg2000_transmission_errors', 0.0633406937122345), ('contrast_change', 0.05462414398789406)]"
461078499.jpg,chromatic_aberrations,0.36326906085014343,"[('chromatic_aberrations', 0.36326906085014343), ('gaussian_blur', 0.3508930802345276), ('mean shift', 0.2704286575317383)]"
4611753437.jpg,mean shift,0.8678002953529358,"[('mean shift', 0.8678002953529358), ('contrast_change', 0.06864102184772491), ('chromatic_aberrations', 0.025055566802620888)]"
461213420.jpg,spatially_correlated_noise,0.539217472076416,"[('spatially_correlated_noise', 0.539217472076416), ('image_denoising', 0.4126209318637848), ('additive_noise_in_color_components', 0.03856147453188896)]"
4614592470.jpg,image_denoising,0.9123324751853943,"[('image_denoising', 0.9123324751853943), ('chromatic_aberrations', 0.03971228003501892), ('mean shift', 0.0387321338057518)]"
4615199637.jpg,chromatic_aberrations,0.9870888590812683,"[('chromatic_aberrations', 0.9870888590812683), ('image_denoising', 0.006177606526762247), ('mean shift', 0.004388523753732443)]"
4617163865.jpg,gaussian_blur,0.41501715779304504,"[('gaussian_blur', 0.41501715779304504), ('mean shift', 0.33814164996147156), ('chromatic_aberrations', 0.18614958226680756)]"
4617747913.jpg,mean shift,0.745600163936615,"[('mean shift', 0.745600163936615), ('change of color saturation', 0.16929443180561066), ('contrast_change', 0.08078475296497345)]"
4625855199.jpg,change of color saturation,0.9997312426567078,"[('change of color saturation', 0.9997312426567078), ('contrast_change', 0.00020839225908275694), ('mean shift', 2.2304997401079163e-05)]"
4625946312.jpg,image_denoising,0.9871760010719299,"[('image_denoising', 0.9871760010719299), ('gaussian_blur', 0.008412228897213936), ('chromatic_aberrations', 0.0029355050064623356)]"
4626592042.jpg,mean shift,0.440791517496109,"[('mean shift', 0.440791517496109), ('contrast_change', 0.2821747958660126), ('chromatic_aberrations', 0.20265692472457886)]"
4629048299.jpg,contrast_change,0.9586016535758972,"[('contrast_change', 0.9586016535758972), ('mean shift', 0.020601313561201096), ('quantization_noise', 0.02038535475730896)]"
4631127472.jpg,image_denoising,0.9877762794494629,"[('image_denoising', 0.9877762794494629), ('gaussian_blur', 0.008352496661245823), ('mean shift', 0.0021714018657803535)]"
4631601517.jpg,jpeg_transmission_errors,0.6439039707183838,"[('jpeg_transmission_errors', 0.6439039707183838), ('jpeg2000_transmission_errors', 0.27999669313430786), ('comfort_noise', 0.07099480926990509)]"
4633306112.jpg,contrast_change,0.4683935046195984,"[('contrast_change', 0.4683935046195984), ('spatially_correlated_noise', 0.2644209563732147), ('jpeg2000_transmission_errors', 0.06528516113758087)]"
463426919.jpg,chromatic_aberrations,0.740425705909729,"[('chromatic_aberrations', 0.740425705909729), ('mean shift', 0.21504926681518555), ('image_denoising', 0.03480634093284607)]"
4637538714.jpg,mean shift,0.8522549271583557,"[('mean shift', 0.8522549271583557), ('chromatic_aberrations', 0.1348547339439392), ('gaussian_blur', 0.006296400912106037)]"
4639008494.jpg,contrast_change,0.7645787596702576,"[('contrast_change', 0.7645787596702576), ('comfort_noise', 0.11039293557405472), ('non_eccentricity_pattern_noise', 0.09713904559612274)]"
464118000.jpg,image_denoising,0.7232872843742371,"[('image_denoising', 0.7232872843742371), ('gaussian_blur', 0.21764720976352692), ('jpeg2000_transmission_errors', 0.042486418038606644)]"
4651317050.jpg,mean shift,0.9522951245307922,"[('mean shift', 0.9522951245307922), ('chromatic_aberrations', 0.04086369276046753), ('contrast_change', 0.0064394352957606316)]"
4658471909.jpg,contrast_change,0.8190412521362305,"[('contrast_change', 0.8190412521362305), ('mean shift', 0.1734824776649475), ('change of color saturation', 0.006327351555228233)]"
4659357736.jpg,mean shift,0.997119665145874,"[('mean shift', 0.997119665145874), ('contrast_change', 0.0016205180436372757), ('chromatic_aberrations', 0.0008901849505491555)]"
46667675.jpg,change of color saturation,0.999984622001648,"[('change of color saturation', 0.999984622001648), ('jpeg_transmission_errors', 6.32380397291854e-06), ('contrast_change', 4.358960268291412e-06)]"
4669146975.jpg,chromatic_aberrations,0.5920683741569519,"[('chromatic_aberrations', 0.5920683741569519), ('spatially_correlated_noise', 0.15196527540683746), ('image_denoising', 0.12335984408855438)]"
4671409819.jpg,quantization_noise,0.7154513001441956,"[('quantization_noise', 0.7154513001441956), ('non_eccentricity_pattern_noise', 0.13736727833747864), ('local_block-wise_distortions', 0.0343339666724205)]"
4676525770.jpg,change of color saturation,0.9545512795448303,"[('change of color saturation', 0.9545512795448303), ('contrast_change', 0.014928409829735756), ('impulse_noise', 0.011547316797077656)]"
46766983.jpg,mean shift,0.865688681602478,"[('mean shift', 0.865688681602478), ('contrast_change', 0.07111212611198425), ('multiplicative_gaussian_noise', 0.05180251970887184)]"
4676944717.jpg,mean shift,0.9606742858886719,"[('mean shift', 0.9606742858886719), ('contrast_change', 0.03121965564787388), ('gaussian_blur', 0.004392544273287058)]"
4682349014.jpg,image_denoising,0.8638863563537598,"[('image_denoising', 0.8638863563537598), ('gaussian_blur', 0.08270662277936935), ('contrast_change', 0.028440918773412704)]"
4682743182.jpg,chromatic_aberrations,0.9996538162231445,"[('chromatic_aberrations', 0.9996538162231445), ('mean shift', 0.0001244749000761658), ('quantization_noise', 0.00010832919360836968)]"
468574107.jpg,chromatic_aberrations,0.9991753697395325,"[('chromatic_aberrations', 0.9991753697395325), ('image_denoising', 0.0005413914332166314), ('quantization_noise', 0.00012550297833513469)]"
4689159899.jpg,chromatic_aberrations,0.9662332534790039,"[('chromatic_aberrations', 0.9662332534790039), ('image_denoising', 0.03335091099143028), ('mean shift', 0.0003019025316461921)]"
4689181626.jpg,contrast_change,0.4797699749469757,"[('contrast_change', 0.4797699749469757), ('mean shift', 0.3312230110168457), ('quantization_noise', 0.11578655242919922)]"
4691973869.jpg,chromatic_aberrations,0.9996080994606018,"[('chromatic_aberrations', 0.9996080994606018), ('image_denoising', 0.00019613097538240254), ('quantization_noise', 0.00015917317068669945)]"
4698449914.jpg,non_eccentricity_pattern_noise,0.9966315627098083,"[('non_eccentricity_pattern_noise', 0.9966315627098083), ('mean shift', 0.001581756747327745), ('contrast_change', 0.001461081556044519)]"
470258883.jpg,gaussian_blur,0.9945024251937866,"[('gaussian_blur', 0.9945024251937866), ('jpeg2000_transmission_errors', 0.0018268022686243057), ('mean shift', 0.0011706451186910272)]"
4702824874.jpg,mean shift,0.9120210409164429,"[('mean shift', 0.9120210409164429), ('chromatic_aberrations', 0.086603082716465), ('contrast_change', 0.0008638229919597507)]"
4704859608.jpg,gaussian_blur,0.7421090006828308,"[('gaussian_blur', 0.7421090006828308), ('mean shift', 0.14390963315963745), ('contrast_change', 0.05007366091012955)]"
4706726398.jpg,image_denoising,0.7860788106918335,"[('image_denoising', 0.7860788106918335), ('contrast_change', 0.12916097044944763), ('comfort_noise', 0.03273627907037735)]"
4711939216.jpg,contrast_change,0.6224216818809509,"[('contrast_change', 0.6224216818809509), ('mean shift', 0.3683492839336395), ('gaussian_blur', 0.004851887468248606)]"
4719295519.jpg,contrast_change,0.9314466118812561,"[('contrast_change', 0.9314466118812561), ('quantization_noise', 0.06785924732685089), ('mean shift', 0.0002868747978936881)]"
4719558314.jpg,chromatic_aberrations,0.9994158744812012,"[('chromatic_aberrations', 0.9994158744812012), ('image_denoising', 0.000560946820769459), ('spatially_correlated_noise', 6.556032076332485e-06)]"
4726274782.jpg,chromatic_aberrations,0.935226321220398,"[('chromatic_aberrations', 0.935226321220398), ('image_denoising', 0.049710486084222794), ('mean shift', 0.013339384458959103)]"
4728646090.jpg,mean shift,0.9487023949623108,"[('mean shift', 0.9487023949623108), ('contrast_change', 0.05100376158952713), ('jpeg_transmission_errors', 9.443631279282272e-05)]"
4730781966.jpg,image_denoising,0.4347357451915741,"[('image_denoising', 0.4347357451915741), ('jpeg2000_compression', 0.42154660820961), ('gaussian_blur', 0.11682281643152237)]"
4731319039.jpg,chromatic_aberrations,0.9897229671478271,"[('chromatic_aberrations', 0.9897229671478271), ('image_denoising', 0.008751320652663708), ('spatially_correlated_noise', 0.0014454690972343087)]"
473881316.jpg,multiplicative_gaussian_noise,0.48634037375450134,"[('multiplicative_gaussian_noise', 0.48634037375450134), ('spatially_correlated_noise', 0.4012187719345093), ('image_denoising', 0.05435624718666077)]"
4738960229.jpg,mean shift,0.9991506338119507,"[('mean shift', 0.9991506338119507), ('contrast_change', 0.0006774754147045314), ('gaussian_blur', 9.072227112483233e-05)]"
4743492963.jpg,contrast_change,0.885702908039093,"[('contrast_change', 0.885702908039093), ('mean shift', 0.05489262565970421), ('jpeg2000_transmission_errors', 0.037001561373472214)]"
4748697171.jpg,chromatic_aberrations,0.5008952021598816,"[('chromatic_aberrations', 0.5008952021598816), ('image_denoising', 0.4957323372364044), ('jpeg2000_transmission_errors', 0.0017165994504466653)]"
4757384229.jpg,contrast_change,0.5418355464935303,"[('contrast_change', 0.5418355464935303), ('non_eccentricity_pattern_noise', 0.38823023438453674), ('quantization_noise', 0.056123461574316025)]"
475853335.jpg,chromatic_aberrations,0.9337497353553772,"[('chromatic_aberrations', 0.9337497353553772), ('image_denoising', 0.06371455639600754), ('mean shift', 0.0015388457104563713)]"
4767640691.jpg,image_denoising,0.6058938503265381,"[('image_denoising', 0.6058938503265381), ('gaussian_blur', 0.3047929108142853), ('chromatic_aberrations', 0.08560928702354431)]"
4769301151.jpg,mean shift,0.8772780299186707,"[('mean shift', 0.8772780299186707), ('chromatic_aberrations', 0.10802952200174332), ('contrast_change', 0.009852643124759197)]"
477928479.jpg,jpeg2000_transmission_errors,0.9574887752532959,"[('jpeg2000_transmission_errors', 0.9574887752532959), ('contrast_change', 0.04153408110141754), ('quantization_noise', 0.0004425341612659395)]"
4786690796.jpg,contrast_change,0.7902722358703613,"[('contrast_change', 0.7902722358703613), ('mean shift', 0.1977008432149887), ('non_eccentricity_pattern_noise', 0.010677841491997242)]"
4804146129.jpg,chromatic_aberrations,0.6376153826713562,"[('chromatic_aberrations', 0.6376153826713562), ('mean shift', 0.3237716555595398), ('spatially_correlated_noise', 0.013153946958482265)]"
4806036650.jpg,jpeg_compression,0.8887029886245728,"[('jpeg_compression', 0.8887029886245728), ('quantization_noise', 0.09987321496009827), ('change of color saturation', 0.0072477879002690315)]"
480626798.jpg,spatially_correlated_noise,0.9721298813819885,"[('spatially_correlated_noise', 0.9721298813819885), ('chromatic_aberrations', 0.01895288936793804), ('additive_noise_in_color_components', 0.008319547399878502)]"
4819833644.jpg,gaussian_blur,0.999819815158844,"[('gaussian_blur', 0.999819815158844), ('contrast_change', 8.522811549482867e-05), ('sparse_sampling_and_reconstruction', 3.371970524312928e-05)]"
4819847439.jpg,chromatic_aberrations,0.9969168901443481,"[('chromatic_aberrations', 0.9969168901443481), ('image_denoising', 0.00300481915473938), ('local_block-wise_distortions', 1.8753889889921993e-05)]"
4826544292.jpg,chromatic_aberrations,0.8934773802757263,"[('chromatic_aberrations', 0.8934773802757263), ('image_denoising', 0.05879141390323639), ('mean shift', 0.040757954120635986)]"
4828138245.jpg,non_eccentricity_pattern_noise,0.9618391394615173,"[('non_eccentricity_pattern_noise', 0.9618391394615173), ('contrast_change', 0.02431376837193966), ('jpeg2000_transmission_errors', 0.005733442958444357)]"
4831070004.jpg,chromatic_aberrations,0.7834694981575012,"[('chromatic_aberrations', 0.7834694981575012), ('spatially_correlated_noise', 0.12866884469985962), ('lossy_compression_of_color_images', 0.04113829880952835)]"
483164670.jpg,contrast_change,0.47083884477615356,"[('contrast_change', 0.47083884477615356), ('comfort_noise', 0.4186951816082001), ('mean shift', 0.044175487011671066)]"
4845803922.jpg,multiplicative_gaussian_noise,0.34883224964141846,"[('multiplicative_gaussian_noise', 0.34883224964141846), ('contrast_change', 0.3263128697872162), ('quantization_noise', 0.24713551998138428)]"
4845997437.jpg,jpeg2000_transmission_errors,0.9577136635780334,"[('jpeg2000_transmission_errors', 0.9577136635780334), ('contrast_change', 0.03953520208597183), ('comfort_noise', 0.001606667647138238)]"
484860366.jpg,image_denoising,0.998038113117218,"[('image_denoising', 0.998038113117218), ('gaussian_blur', 0.0016020784387364984), ('chromatic_aberrations', 0.00025176603230647743)]"
4850291252.jpg,color_quantization_with_dithering,0.9710527062416077,"[('color_quantization_with_dithering', 0.9710527062416077), ('contrast_change', 0.018389418721199036), ('mean shift', 0.005120261572301388)]"
4851066149.jpg,chromatic_aberrations,0.917523205280304,"[('chromatic_aberrations', 0.917523205280304), ('image_denoising', 0.04802970588207245), ('mean shift', 0.022699810564517975)]"
4854909641.jpg,jpeg2000_transmission_errors,0.9988032579421997,"[('jpeg2000_transmission_errors', 0.9988032579421997), ('color_quantization_with_dithering', 0.0010916118044406176), ('comfort_noise', 3.784068758250214e-05)]"
4855511701.jpg,chromatic_aberrations,0.5443556904792786,"[('chromatic_aberrations', 0.5443556904792786), ('image_denoising', 0.27724170684814453), ('contrast_change', 0.10808536410331726)]"
4858031538.jpg,jpeg2000_transmission_errors,0.22240644693374634,"[('jpeg2000_transmission_errors', 0.22240644693374634), ('mean shift', 0.2071828544139862), ('spatially_correlated_noise', 0.14240913093090057)]"
4858527470.jpg,color_quantization_with_dithering,0.7981265187263489,"[('color_quantization_with_dithering', 0.7981265187263489), ('mean shift', 0.05832846835255623), ('contrast_change', 0.056840673089027405)]"
486068453.jpg,chromatic_aberrations,0.9663302898406982,"[('chromatic_aberrations', 0.9663302898406982), ('image_denoising', 0.03303702175617218), ('mean shift', 0.00018099125009030104)]"
4863093063.jpg,image_denoising,0.5626519918441772,"[('image_denoising', 0.5626519918441772), ('gaussian_blur', 0.19854319095611572), ('contrast_change', 0.16569899022579193)]"
4867994945.jpg,image_denoising,0.9746740460395813,"[('image_denoising', 0.9746740460395813), ('gaussian_blur', 0.02382046915590763), ('jpeg2000_compression', 0.0012973598204553127)]"
4868558209.jpg,mean shift,0.8709263801574707,"[('mean shift', 0.8709263801574707), ('chromatic_aberrations', 0.12490229308605194), ('contrast_change', 0.0036132114473730326)]"
4872116932.jpg,mean shift,0.7760524749755859,"[('mean shift', 0.7760524749755859), ('gaussian_blur', 0.18939495086669922), ('contrast_change', 0.0313236303627491)]"
487860600.jpg,gaussian_blur,0.3911869525909424,"[('gaussian_blur', 0.3911869525909424), ('mean shift', 0.37135830521583557), ('chromatic_aberrations', 0.1994430124759674)]"
4882465125.jpg,gaussian_blur,0.565062940120697,"[('gaussian_blur', 0.565062940120697), ('jpeg2000_transmission_errors', 0.36308392882347107), ('image_denoising', 0.043833207339048386)]"
4883939911.jpg,image_denoising,0.9114733934402466,"[('image_denoising', 0.9114733934402466), ('chromatic_aberrations', 0.07641789317131042), ('gaussian_blur', 0.0045191701501607895)]"
4886277173.jpg,image_denoising,0.925947368144989,"[('image_denoising', 0.925947368144989), ('gaussian_blur', 0.07052476704120636), ('chromatic_aberrations', 0.003269748529419303)]"
4900565313.jpg,chromatic_aberrations,0.9922783374786377,"[('chromatic_aberrations', 0.9922783374786377), ('quantization_noise', 0.006195506080985069), ('mean shift', 0.0007302105659618974)]"
4901671249.jpg,chromatic_aberrations,0.9336169362068176,"[('chromatic_aberrations', 0.9336169362068176), ('image_denoising', 0.05144277215003967), ('gaussian_blur', 0.01386069506406784)]"
4902504109.jpg,chromatic_aberrations,0.6425228714942932,"[('chromatic_aberrations', 0.6425228714942932), ('image_denoising', 0.22680003941059113), ('jpeg2000_transmission_errors', 0.12273264676332474)]"
4903418699.jpg,mean shift,0.5001392364501953,"[('mean shift', 0.5001392364501953), ('contrast_change', 0.49230241775512695), ('change of color saturation', 0.00452272268012166)]"
4905609957.jpg,contrast_change,0.9871934056282043,"[('contrast_change', 0.9871934056282043), ('jpeg2000_transmission_errors', 0.00604624580591917), ('spatially_correlated_noise', 0.0020414693281054497)]"
4908270930.jpg,contrast_change,0.9150120615959167,"[('contrast_change', 0.9150120615959167), ('quantization_noise', 0.08040108531713486), ('additive_noise_in_color_components', 0.0008971082861535251)]"
4908441792.jpg,comfort_noise,0.7439818978309631,"[('comfort_noise', 0.7439818978309631), ('lossy_compression_of_color_images', 0.2347121387720108), ('contrast_change', 0.006941213738173246)]"
4910377121.jpg,gaussian_blur,0.9045842885971069,"[('gaussian_blur', 0.9045842885971069), ('contrast_change', 0.040396541357040405), ('mean shift', 0.027187051251530647)]"
491839128.jpg,mean shift,0.6447006464004517,"[('mean shift', 0.6447006464004517), ('chromatic_aberrations', 0.3433573246002197), ('image_denoising', 0.006038603372871876)]"
4920401436.jpg,mean shift,0.8008226752281189,"[('mean shift', 0.8008226752281189), ('chromatic_aberrations', 0.19620007276535034), ('gaussian_blur', 0.001411460223607719)]"
4922516594.jpg,chromatic_aberrations,0.5567275881767273,"[('chromatic_aberrations', 0.5567275881767273), ('mean shift', 0.35480520129203796), ('contrast_change', 0.056019555777311325)]"
4922860865.jpg,gaussian_blur,0.9988127946853638,"[('gaussian_blur', 0.9988127946853638), ('mean shift', 0.0007617354276590049), ('contrast_change', 0.0001945949043147266)]"
4931966065.jpg,image_denoising,0.9541466236114502,"[('image_denoising', 0.9541466236114502), ('chromatic_aberrations', 0.03428689390420914), ('gaussian_blur', 0.009039499796926975)]"
4932950485.jpg,mean shift,0.9707489609718323,"[('mean shift', 0.9707489609718323), ('chromatic_aberrations', 0.024702368304133415), ('gaussian_blur', 0.0019031496485695243)]"
4933863195.jpg,contrast_change,0.8099044561386108,"[('contrast_change', 0.8099044561386108), ('non_eccentricity_pattern_noise', 0.11957608163356781), ('multiplicative_gaussian_noise', 0.03735603764653206)]"
4938188075.jpg,chromatic_aberrations,0.7609008550643921,"[('chromatic_aberrations', 0.7609008550643921), ('mean shift', 0.17601290345191956), ('image_denoising', 0.03572549298405647)]"
494236256.jpg,gaussian_blur,0.9810230135917664,"[('gaussian_blur', 0.9810230135917664), ('image_denoising', 0.01032958272844553), ('chromatic_aberrations', 0.008488710038363934)]"
4947244.jpg,contrast_change,0.7431596517562866,"[('contrast_change', 0.7431596517562866), ('mean shift', 0.13152311742305756), ('image_denoising', 0.08640509098768234)]"
4950276392.jpg,mean shift,0.9992792010307312,"[('mean shift', 0.9992792010307312), ('contrast_change', 0.0006850054487586021), ('gaussian_blur', 1.4936878869775683e-05)]"
4953282690.jpg,chromatic_aberrations,0.9208701848983765,"[('chromatic_aberrations', 0.9208701848983765), ('quantization_noise', 0.038669899106025696), ('image_denoising', 0.034819889813661575)]"
4954209731.jpg,jpeg2000_transmission_errors,0.5308541059494019,"[('jpeg2000_transmission_errors', 0.5308541059494019), ('contrast_change', 0.38431575894355774), ('jpeg_transmission_errors', 0.05349058285355568)]"
4960025889.jpg,contrast_change,0.9971545934677124,"[('contrast_change', 0.9971545934677124), ('mean shift', 0.001386886346153915), ('jpeg2000_transmission_errors', 0.0006527227815240622)]"
4960147659.jpg,contrast_change,0.6793815493583679,"[('contrast_change', 0.6793815493583679), ('quantization_noise', 0.31401270627975464), ('jpeg2000_transmission_errors', 0.004585385788232088)]"
496109303.jpg,gaussian_blur,0.8962591290473938,"[('gaussian_blur', 0.8962591290473938), ('image_denoising', 0.04969947040081024), ('chromatic_aberrations', 0.04681747779250145)]"
496162577.jpg,quantization_noise,0.8486220836639404,"[('quantization_noise', 0.8486220836639404), ('contrast_change', 0.14927567541599274), ('jpeg2000_transmission_errors', 0.0006773603381589055)]"
4962117985.jpg,chromatic_aberrations,0.7880216836929321,"[('chromatic_aberrations', 0.7880216836929321), ('image_denoising', 0.09482930600643158), ('mean shift', 0.05583438277244568)]"
4965455693.jpg,image_denoising,0.9918592572212219,"[('image_denoising', 0.9918592572212219), ('chromatic_aberrations', 0.00796948280185461), ('quantization_noise', 9.482436144025996e-05)]"
4965802871.jpg,chromatic_aberrations,0.9745302200317383,"[('chromatic_aberrations', 0.9745302200317383), ('mean shift', 0.021303819492459297), ('image_denoising', 0.003430403070524335)]"
4972615412.jpg,image_denoising,0.36076849699020386,"[('image_denoising', 0.36076849699020386), ('chromatic_aberrations', 0.3366382122039795), ('gaussian_blur', 0.23911985754966736)]"
4978032841.jpg,mean shift,0.9952378273010254,"[('mean shift', 0.9952378273010254), ('chromatic_aberrations', 0.002261037938296795), ('contrast_change', 0.0011777397012338042)]"
4980829250.jpg,contrast_change,0.6561935544013977,"[('contrast_change', 0.6561935544013977), ('quantization_noise', 0.3419795632362366), ('color_quantization_with_dithering', 0.0007333059329539537)]"
498265046.jpg,chromatic_aberrations,0.9561867117881775,"[('chromatic_aberrations', 0.9561867117881775), ('image_denoising', 0.035609256476163864), ('mean shift', 0.007246982306241989)]"
4984086049.jpg,sparse_sampling_and_reconstruction,0.897635817527771,"[('sparse_sampling_and_reconstruction', 0.897635817527771), ('jpeg2000_compression', 0.1022477000951767), ('gaussian_blur', 7.806905341567472e-05)]"
4986510349.jpg,spatially_correlated_noise,0.8255559206008911,"[('spatially_correlated_noise', 0.8255559206008911), ('additive_gaussian_noise', 0.06997675448656082), ('quantization_noise', 0.05410483106970787)]"
4986682017.jpg,spatially_correlated_noise,0.3730711340904236,"[('spatially_correlated_noise', 0.3730711340904236), ('contrast_change', 0.23999376595020294), ('lossy_compression_of_color_images', 0.0980498194694519)]"
4987191446.jpg,spatially_correlated_noise,0.7853150367736816,"[('spatially_correlated_noise', 0.7853150367736816), ('jpeg_transmission_errors', 0.15410928428173065), ('additive_gaussian_noise', 0.03818615525960922)]"
4987318624.jpg,contrast_change,0.5006754398345947,"[('contrast_change', 0.5006754398345947), ('non_eccentricity_pattern_noise', 0.19665740430355072), ('spatially_correlated_noise', 0.14370384812355042)]"
4999850616.jpg,quantization_noise,0.9791011810302734,"[('quantization_noise', 0.9791011810302734), ('chromatic_aberrations', 0.018659546971321106), ('contrast_change', 0.001588962972164154)]"
5001626870.jpg,mean shift,0.4200226664543152,"[('mean shift', 0.4200226664543152), ('jpeg_transmission_errors', 0.17520804703235626), ('contrast_change', 0.15206149220466614)]"
5001719293.jpg,gaussian_blur,0.9844453930854797,"[('gaussian_blur', 0.9844453930854797), ('image_denoising', 0.015377053990960121), ('jpeg2000_compression', 7.386005745502189e-05)]"
5001805928.jpg,contrast_change,0.7215562462806702,"[('contrast_change', 0.7215562462806702), ('mean shift', 0.24936994910240173), ('change of color saturation', 0.015230775810778141)]"
5016657118.jpg,change of color saturation,0.999887228012085,"[('change of color saturation', 0.999887228012085), ('jpeg_transmission_errors', 3.206375549780205e-05), ('sparse_sampling_and_reconstruction', 2.5673274649307132e-05)]"
501669092.jpg,mean shift,0.9309975504875183,"[('mean shift', 0.9309975504875183), ('gaussian_blur', 0.05771231651306152), ('contrast_change', 0.010470881126821041)]"
5016823142.jpg,mean shift,0.9965067505836487,"[('mean shift', 0.9965067505836487), ('contrast_change', 0.0034645190462470055), ('gaussian_blur', 7.63660227676155e-06)]"
5018846919.jpg,mean shift,0.8909819722175598,"[('mean shift', 0.8909819722175598), ('chromatic_aberrations', 0.10550318658351898), ('contrast_change', 0.002885140012949705)]"
502416007.jpg,gaussian_blur,0.9994667172431946,"[('gaussian_blur', 0.9994667172431946), ('image_denoising', 0.0004061842046212405), ('sparse_sampling_and_reconstruction', 4.9593396397540346e-05)]"
5028374263.jpg,chromatic_aberrations,0.9493439197540283,"[('chromatic_aberrations', 0.9493439197540283), ('contrast_change', 0.02822309173643589), ('image_denoising', 0.014958768151700497)]"
5028389463.jpg,non_eccentricity_pattern_noise,0.9974040389060974,"[('non_eccentricity_pattern_noise', 0.9974040389060974), ('contrast_change', 0.0006401121499948204), ('jpeg_transmission_errors', 0.000523839786183089)]"
5032381168.jpg,image_denoising,0.8250577449798584,"[('image_denoising', 0.8250577449798584), ('chromatic_aberrations', 0.11934960633516312), ('gaussian_blur', 0.02566780149936676)]"
5032946224.jpg,spatially_correlated_noise,0.8461623191833496,"[('spatially_correlated_noise', 0.8461623191833496), ('additive_gaussian_noise', 0.12707477807998657), ('quantization_noise', 0.009302890859544277)]"
5036806312.jpg,gaussian_blur,0.9716362357139587,"[('gaussian_blur', 0.9716362357139587), ('mean shift', 0.01986202411353588), ('contrast_change', 0.0038016722537577152)]"
5040119968.jpg,gaussian_blur,0.7716231346130371,"[('gaussian_blur', 0.7716231346130371), ('chromatic_aberrations', 0.1482221484184265), ('image_denoising', 0.0731654092669487)]"
5040853192.jpg,mean shift,0.5685138702392578,"[('mean shift', 0.5685138702392578), ('gaussian_blur', 0.2813977599143982), ('chromatic_aberrations', 0.08892913162708282)]"
5041593593.jpg,image_denoising,0.7267457842826843,"[('image_denoising', 0.7267457842826843), ('chromatic_aberrations', 0.2465239316225052), ('contrast_change', 0.01618480682373047)]"
5043851130.jpg,chromatic_aberrations,0.5786241292953491,"[('chromatic_aberrations', 0.5786241292953491), ('quantization_noise', 0.41066592931747437), ('mean shift', 0.003918461035937071)]"
5055213857.jpg,mean shift,0.5722748041152954,"[('mean shift', 0.5722748041152954), ('contrast_change', 0.1792709082365036), ('chromatic_aberrations', 0.17209693789482117)]"
5062026548.jpg,change of color saturation,0.9999808073043823,"[('change of color saturation', 0.9999808073043823), ('contrast_change', 7.9226192610804e-06), ('jpeg_transmission_errors', 6.884991307742894e-06)]"
5062110567.jpg,mean shift,0.9811900854110718,"[('mean shift', 0.9811900854110718), ('contrast_change', 0.011590206064283848), ('chromatic_aberrations', 0.004984994884580374)]"
5064418031.jpg,chromatic_aberrations,0.9943218231201172,"[('chromatic_aberrations', 0.9943218231201172), ('quantization_noise', 0.003720696549862623), ('spatially_correlated_noise', 0.0009301843820139766)]"
5064823395.jpg,contrast_change,0.9992832541465759,"[('contrast_change', 0.9992832541465759), ('quantization_noise', 0.000303775945212692), ('jpeg2000_transmission_errors', 0.00013359394506551325)]"
5067206886.jpg,image_denoising,0.9999399185180664,"[('image_denoising', 0.9999399185180664), ('quantization_noise', 3.1494462746195495e-05), ('jpeg2000_compression', 9.907847015711013e-06)]"
5069309990.jpg,additive_noise_in_color_components,0.9759384989738464,"[('additive_noise_in_color_components', 0.9759384989738464), ('jpeg2000_transmission_errors', 0.00965040922164917), ('spatially_correlated_noise', 0.00869519729167223)]"
5073919092.jpg,mean shift,0.5820918083190918,"[('mean shift', 0.5820918083190918), ('contrast_change', 0.22931185364723206), ('chromatic_aberrations', 0.16012036800384521)]"
5077869968.jpg,contrast_change,0.24100865423679352,"[('contrast_change', 0.24100865423679352), ('chromatic_aberrations', 0.23929713666439056), ('mean shift', 0.19732551276683807)]"
5081374671.jpg,image_denoising,0.9974241256713867,"[('image_denoising', 0.9974241256713867), ('jpeg2000_compression', 0.002117514843121171), ('comfort_noise', 0.00020645771292038262)]"
5082552221.jpg,gaussian_blur,0.9998592138290405,"[('gaussian_blur', 0.9998592138290405), ('image_denoising', 0.00012019839778076857), ('chromatic_aberrations', 6.954675427550683e-06)]"
5083763203.jpg,gaussian_blur,0.8963765501976013,"[('gaussian_blur', 0.8963765501976013), ('image_denoising', 0.10294874757528305), ('chromatic_aberrations', 0.0003783364954870194)]"
5090174589.jpg,chromatic_aberrations,0.9996675252914429,"[('chromatic_aberrations', 0.9996675252914429), ('image_denoising', 0.00016195190255530179), ('spatially_correlated_noise', 7.319137512240559e-05)]"
5091924028.jpg,mean shift,0.9870114326477051,"[('mean shift', 0.9870114326477051), ('chromatic_aberrations', 0.008535352535545826), ('gaussian_blur', 0.003339424030855298)]"
5092945872.jpg,image_denoising,0.9035463333129883,"[('image_denoising', 0.9035463333129883), ('gaussian_blur', 0.04846767708659172), ('mean shift', 0.017441170290112495)]"
5095808820.jpg,chromatic_aberrations,0.8230679631233215,"[('chromatic_aberrations', 0.8230679631233215), ('mean shift', 0.11049983650445938), ('contrast_change', 0.030722863972187042)]"
5098218882.jpg,chromatic_aberrations,0.9995026588439941,"[('chromatic_aberrations', 0.9995026588439941), ('image_denoising', 0.00023031207092572004), ('quantization_noise', 0.0002063143765553832)]"
5098219464.jpg,gaussian_blur,0.9876118302345276,"[('gaussian_blur', 0.9876118302345276), ('image_denoising', 0.011782041750848293), ('jpeg2000_compression', 0.00022560286743100733)]"
5101108569.jpg,chromatic_aberrations,0.8706549406051636,"[('chromatic_aberrations', 0.8706549406051636), ('image_denoising', 0.10264038294553757), ('mean shift', 0.023473935201764107)]"
5103528737.jpg,contrast_change,0.5357146859169006,"[('contrast_change', 0.5357146859169006), ('chromatic_aberrations', 0.21600064635276794), ('quantization_noise', 0.14161978662014008)]"
5105331099.jpg,mean shift,0.6912683844566345,"[('mean shift', 0.6912683844566345), ('chromatic_aberrations', 0.251319020986557), ('contrast_change', 0.05533277615904808)]"
5119374431.jpg,mean shift,0.6289263963699341,"[('mean shift', 0.6289263963699341), ('chromatic_aberrations', 0.18003779649734497), ('gaussian_blur', 0.12519538402557373)]"
5119867805.jpg,mean shift,0.9959945678710938,"[('mean shift', 0.9959945678710938), ('contrast_change', 0.003688592230901122), ('gaussian_blur', 0.00025970436399802566)]"
5120849681.jpg,image_denoising,0.7108854055404663,"[('image_denoising', 0.7108854055404663), ('chromatic_aberrations', 0.2571026086807251), ('mean shift', 0.024714378640055656)]"
5121229620.jpg,spatially_correlated_noise,0.5918768048286438,"[('spatially_correlated_noise', 0.5918768048286438), ('contrast_change', 0.34681886434555054), ('chromatic_aberrations', 0.016536960378289223)]"
5125486524.jpg,chromatic_aberrations,0.9793576002120972,"[('chromatic_aberrations', 0.9793576002120972), ('image_denoising', 0.020165808498859406), ('mean shift', 0.00029176013777032495)]"
5129080312.jpg,quantization_noise,0.6873025894165039,"[('quantization_noise', 0.6873025894165039), ('contrast_change', 0.31224167346954346), ('chromatic_aberrations', 8.43399393488653e-05)]"
5129172.jpg,chromatic_aberrations,0.46385130286216736,"[('chromatic_aberrations', 0.46385130286216736), ('image_denoising', 0.27791598439216614), ('gaussian_blur', 0.19429510831832886)]"
5132091056.jpg,chromatic_aberrations,0.9518065452575684,"[('chromatic_aberrations', 0.9518065452575684), ('image_denoising', 0.03909515589475632), ('contrast_change', 0.0036204031202942133)]"
5133576528.jpg,mean shift,0.7713027596473694,"[('mean shift', 0.7713027596473694), ('chromatic_aberrations', 0.213229238986969), ('image_denoising', 0.009810050018131733)]"
5135908583.jpg,gaussian_blur,0.9293760061264038,"[('gaussian_blur', 0.9293760061264038), ('sparse_sampling_and_reconstruction', 0.06508714705705643), ('contrast_change', 0.005220720078796148)]"
5135958105.jpg,change of color saturation,0.9998871088027954,"[('change of color saturation', 0.9998871088027954), ('jpeg_transmission_errors', 4.355283817858435e-05), ('color_quantization_with_dithering', 3.015735092048999e-05)]"
5137221601.jpg,mean shift,0.549201488494873,"[('mean shift', 0.549201488494873), ('contrast_change', 0.44381967186927795), ('chromatic_aberrations', 0.005587067920714617)]"
5137971670.jpg,image_denoising,0.9629327654838562,"[('image_denoising', 0.9629327654838562), ('chromatic_aberrations', 0.02916613221168518), ('gaussian_blur', 0.00613353680819273)]"
5138308179.jpg,chromatic_aberrations,0.9975720047950745,"[('chromatic_aberrations', 0.9975720047950745), ('image_denoising', 0.001781537663191557), ('quantization_noise', 0.00030377908842638135)]"
5140426630.jpg,spatially_correlated_noise,0.9119248390197754,"[('spatially_correlated_noise', 0.9119248390197754), ('additive_noise_in_color_components', 0.08406919986009598), ('chromatic_aberrations', 0.0022856092546135187)]"
5142063764.jpg,chromatic_aberrations,0.9611812829971313,"[('chromatic_aberrations', 0.9611812829971313), ('image_denoising', 0.03814821317791939), ('spatially_correlated_noise', 0.0005193876568228006)]"
5142391146.jpg,chromatic_aberrations,0.9864511489868164,"[('chromatic_aberrations', 0.9864511489868164), ('quantization_noise', 0.012598691508173943), ('contrast_change', 0.0002630561066325754)]"
51433626.jpg,gaussian_blur,0.9134812355041504,"[('gaussian_blur', 0.9134812355041504), ('image_denoising', 0.08556436747312546), ('chromatic_aberrations', 0.000474663422210142)]"
5144117619.jpg,chromatic_aberrations,0.9767751097679138,"[('chromatic_aberrations', 0.9767751097679138), ('image_denoising', 0.02279779501259327), ('gaussian_blur', 0.0003631910076364875)]"
5146611755.jpg,mean shift,0.5338963866233826,"[('mean shift', 0.5338963866233826), ('contrast_change', 0.4620376229286194), ('chromatic_aberrations', 0.0019973323214799166)]"
5150554440.jpg,change of color saturation,0.45219889283180237,"[('change of color saturation', 0.45219889283180237), ('mean shift', 0.4066116213798523), ('contrast_change', 0.12471378594636917)]"
5150999709.jpg,image_denoising,0.8909328579902649,"[('image_denoising', 0.8909328579902649), ('quantization_noise', 0.10119589418172836), ('multiplicative_gaussian_noise', 0.004156369250267744)]"
5156974621.jpg,change of color saturation,0.8182811737060547,"[('change of color saturation', 0.8182811737060547), ('jpeg2000_compression', 0.11657114326953888), ('sparse_sampling_and_reconstruction', 0.05715164914727211)]"
5158846580.jpg,contrast_change,0.8789787888526917,"[('contrast_change', 0.8789787888526917), ('quantization_noise', 0.03212691843509674), ('mean shift', 0.029590586200356483)]"
5162032167.jpg,change of color saturation,0.9984924793243408,"[('change of color saturation', 0.9984924793243408), ('jpeg_transmission_errors', 0.0014423343818634748), ('sparse_sampling_and_reconstruction', 1.315476492891321e-05)]"
5170784567.jpg,contrast_change,0.8936701416969299,"[('contrast_change', 0.8936701416969299), ('quantization_noise', 0.05789889767765999), ('jpeg2000_transmission_errors', 0.029255451634526253)]"
5172112194.jpg,chromatic_aberrations,0.9579253792762756,"[('chromatic_aberrations', 0.9579253792762756), ('mean shift', 0.02408941648900509), ('image_denoising', 0.01664310321211815)]"
5172565267.jpg,chromatic_aberrations,0.6000005602836609,"[('chromatic_aberrations', 0.6000005602836609), ('mean shift', 0.24830880761146545), ('contrast_change', 0.07250776141881943)]"
5174677992.jpg,image_denoising,0.9579878449440002,"[('image_denoising', 0.9579878449440002), ('chromatic_aberrations', 0.017186827957630157), ('gaussian_blur', 0.01657521165907383)]"
5177150402.jpg,change of color saturation,0.9999833106994629,"[('change of color saturation', 0.9999833106994629), ('jpeg_transmission_errors', 8.098824764601886e-06), ('contrast_change', 3.6598833048628876e-06)]"
5183838812.jpg,chromatic_aberrations,0.9995754361152649,"[('chromatic_aberrations', 0.9995754361152649), ('image_denoising', 0.00035102470428682864), ('quantization_noise', 3.429146090638824e-05)]"
5184701000.jpg,jpeg_transmission_errors,0.9902012944221497,"[('jpeg_transmission_errors', 0.9902012944221497), ('spatially_correlated_noise', 0.003781065111979842), ('sparse_sampling_and_reconstruction', 0.0024177106097340584)]"
5186117445.jpg,image_denoising,0.8846611976623535,"[('image_denoising', 0.8846611976623535), ('spatially_correlated_noise', 0.040694545954465866), ('chromatic_aberrations', 0.021876422688364983)]"
5186392915.jpg,gaussian_blur,0.8369715809822083,"[('gaussian_blur', 0.8369715809822083), ('sparse_sampling_and_reconstruction', 0.0710056945681572), ('chromatic_aberrations', 0.04176623746752739)]"
518876891.jpg,chromatic_aberrations,0.5854372978210449,"[('chromatic_aberrations', 0.5854372978210449), ('mean shift', 0.3796032965183258), ('image_denoising', 0.03096463344991207)]"
5189469288.jpg,chromatic_aberrations,0.8707536458969116,"[('chromatic_aberrations', 0.8707536458969116), ('image_denoising', 0.07498452067375183), ('quantization_noise', 0.047106027603149414)]"
5191833722.jpg,chromatic_aberrations,0.5267136096954346,"[('chromatic_aberrations', 0.5267136096954346), ('image_denoising', 0.4655000865459442), ('jpeg2000_compression', 0.00672486238181591)]"
5192516842.jpg,non_eccentricity_pattern_noise,0.49734342098236084,"[('non_eccentricity_pattern_noise', 0.49734342098236084), ('change of color saturation', 0.47510141134262085), ('mean shift', 0.012175732292234898)]"
5193876375.jpg,chromatic_aberrations,0.7145569920539856,"[('chromatic_aberrations', 0.7145569920539856), ('mean shift', 0.19556766748428345), ('contrast_change', 0.0751163512468338)]"
5197869977.jpg,mean shift,0.5549755096435547,"[('mean shift', 0.5549755096435547), ('chromatic_aberrations', 0.4134184718132019), ('image_denoising', 0.027081545442342758)]"
5199036142.jpg,mean shift,0.9922696352005005,"[('mean shift', 0.9922696352005005), ('chromatic_aberrations', 0.006841734983026981), ('contrast_change', 0.0005066932644695044)]"
5200584536.jpg,contrast_change,0.9394949078559875,"[('contrast_change', 0.9394949078559875), ('mean shift', 0.056357383728027344), ('chromatic_aberrations', 0.0034465447533875704)]"
5204782737.jpg,image_denoising,0.8334307670593262,"[('image_denoising', 0.8334307670593262), ('chromatic_aberrations', 0.16458700597286224), ('gaussian_blur', 0.0016137241618707776)]"
5205821036.jpg,mean shift,0.7887789607048035,"[('mean shift', 0.7887789607048035), ('gaussian_blur', 0.19360539317131042), ('contrast_change', 0.013073514215648174)]"
5206995557.jpg,image_denoising,0.4435272216796875,"[('image_denoising', 0.4435272216796875), ('jpeg2000_transmission_errors', 0.4152555763721466), ('quantization_noise', 0.08133657276630402)]"
5209944633.jpg,chromatic_aberrations,0.9639095664024353,"[('chromatic_aberrations', 0.9639095664024353), ('mean shift', 0.023691460490226746), ('contrast_change', 0.005813616793602705)]"
5211888253.jpg,image_denoising,0.9994888305664062,"[('image_denoising', 0.9994888305664062), ('quantization_noise', 0.0001815247378544882), ('chromatic_aberrations', 0.0001613161584828049)]"
5212354067.jpg,image_denoising,0.8645581603050232,"[('image_denoising', 0.8645581603050232), ('chromatic_aberrations', 0.13480819761753082), ('mean shift', 0.00019251521734986454)]"
5213032846.jpg,image_denoising,0.9843990802764893,"[('image_denoising', 0.9843990802764893), ('chromatic_aberrations', 0.014135144650936127), ('gaussian_blur', 0.0011894111521542072)]"
5217550500.jpg,chromatic_aberrations,0.9972696900367737,"[('chromatic_aberrations', 0.9972696900367737), ('image_denoising', 0.0021093874238431454), ('quantization_noise', 0.000374644179828465)]"
5219524859.jpg,gaussian_blur,0.9806762933731079,"[('gaussian_blur', 0.9806762933731079), ('image_denoising', 0.01229408010840416), ('chromatic_aberrations', 0.005546723958104849)]"
5219577819.jpg,change of color saturation,0.9979293346405029,"[('change of color saturation', 0.9979293346405029), ('jpeg_transmission_errors', 0.0012391462223604321), ('contrast_change', 0.0007731860387139022)]"
5221875216.jpg,image_denoising,0.5948998928070068,"[('image_denoising', 0.5948998928070068), ('chromatic_aberrations', 0.3974154591560364), ('gaussian_blur', 0.007371346466243267)]"
5222301193.jpg,image_denoising,0.9360741376876831,"[('image_denoising', 0.9360741376876831), ('mean shift', 0.03082307241857052), ('chromatic_aberrations', 0.01889774203300476)]"
5224316825.jpg,gaussian_blur,0.9568343758583069,"[('gaussian_blur', 0.9568343758583069), ('jpeg2000_compression', 0.028333527967333794), ('sparse_sampling_and_reconstruction', 0.004802997224032879)]"
5224440098.jpg,change of color saturation,0.9999134540557861,"[('change of color saturation', 0.9999134540557861), ('contrast_change', 7.428669778164476e-05), ('jpeg_transmission_errors', 5.377150500862626e-06)]"
5226685642.jpg,mean shift,0.9255331158638,"[('mean shift', 0.9255331158638), ('contrast_change', 0.06288047879934311), ('chromatic_aberrations', 0.010933931916952133)]"
5227846365.jpg,gaussian_blur,0.46002280712127686,"[('gaussian_blur', 0.46002280712127686), ('chromatic_aberrations', 0.45688602328300476), ('image_denoising', 0.044093526899814606)]"
5230623311.jpg,chromatic_aberrations,0.9995902180671692,"[('chromatic_aberrations', 0.9995902180671692), ('image_denoising', 0.0003051781968679279), ('quantization_noise', 5.946450983174145e-05)]"
5231173987.jpg,chromatic_aberrations,0.9988477230072021,"[('chromatic_aberrations', 0.9988477230072021), ('image_denoising', 0.001086430624127388), ('quantization_noise', 2.9856546461815014e-05)]"
5231773522.jpg,quantization_noise,0.7743782997131348,"[('quantization_noise', 0.7743782997131348), ('contrast_change', 0.17912624776363373), ('chromatic_aberrations', 0.02234991453588009)]"
5235352004.jpg,quantization_noise,0.42344143986701965,"[('quantization_noise', 0.42344143986701965), ('contrast_change', 0.34745290875434875), ('chromatic_aberrations', 0.08923562616109848)]"
5237114997.jpg,chromatic_aberrations,0.8180087804794312,"[('chromatic_aberrations', 0.8180087804794312), ('mean shift', 0.10874772816896439), ('image_denoising', 0.06066267937421799)]"
5239610533.jpg,image_denoising,0.9932194352149963,"[('image_denoising', 0.9932194352149963), ('jpeg2000_transmission_errors', 0.004612598102539778), ('gaussian_blur', 0.0009402100695297122)]"
5243003019.jpg,chromatic_aberrations,0.7409861087799072,"[('chromatic_aberrations', 0.7409861087799072), ('image_denoising', 0.2560425400733948), ('contrast_change', 0.0014757917961105704)]"
5243954323.jpg,local_block-wise_distortions,0.5626583099365234,"[('local_block-wise_distortions', 0.5626583099365234), ('mean shift', 0.35689643025398254), ('contrast_change', 0.04858144000172615)]"
524406040.jpg,mean shift,0.5711222290992737,"[('mean shift', 0.5711222290992737), ('chromatic_aberrations', 0.3706468641757965), ('image_denoising', 0.04646635055541992)]"
5245617824.jpg,chromatic_aberrations,0.5434067845344543,"[('chromatic_aberrations', 0.5434067845344543), ('mean shift', 0.4436647891998291), ('contrast_change', 0.007889709435403347)]"
5248353672.jpg,chromatic_aberrations,0.9833372235298157,"[('chromatic_aberrations', 0.9833372235298157), ('image_denoising', 0.006877990905195475), ('mean shift', 0.006572028622031212)]"
5248577035.jpg,image_denoising,0.6874184012413025,"[('image_denoising', 0.6874184012413025), ('contrast_change', 0.10289983451366425), ('mean shift', 0.09469150751829147)]"
5250131819.jpg,change of color saturation,0.9167230129241943,"[('change of color saturation', 0.9167230129241943), ('contrast_change', 0.06408952921628952), ('sparse_sampling_and_reconstruction', 0.018839096650481224)]"
5250708423.jpg,image_denoising,0.9779936075210571,"[('image_denoising', 0.9779936075210571), ('quantization_noise', 0.009716453962028027), ('chromatic_aberrations', 0.00789155624806881)]"
5254718076.jpg,chromatic_aberrations,0.8216571807861328,"[('chromatic_aberrations', 0.8216571807861328), ('quantization_noise', 0.1474882811307907), ('mean shift', 0.02099725417792797)]"
52568944.jpg,gaussian_blur,0.9935723543167114,"[('gaussian_blur', 0.9935723543167114), ('image_denoising', 0.004647808615118265), ('chromatic_aberrations', 0.0013553474564105272)]"
5257060848.jpg,quantization_noise,0.9944745898246765,"[('quantization_noise', 0.9944745898246765), ('image_denoising', 0.0032984097488224506), ('contrast_change', 0.0017280905740335584)]"
5257307362.jpg,change of color saturation,0.9999663829803467,"[('change of color saturation', 0.9999663829803467), ('jpeg_transmission_errors', 1.1685010576911736e-05), ('jpeg_compression', 1.0716797987697646e-05)]"
526016794.jpg,gaussian_blur,0.9984353184700012,"[('gaussian_blur', 0.9984353184700012), ('chromatic_aberrations', 0.000876049802172929), ('image_denoising', 0.0004652516799978912)]"
5263912639.jpg,chromatic_aberrations,0.7414839267730713,"[('chromatic_aberrations', 0.7414839267730713), ('contrast_change', 0.19114989042282104), ('mean shift', 0.04718668758869171)]"
5269040313.jpg,chromatic_aberrations,0.4396468997001648,"[('chromatic_aberrations', 0.4396468997001648), ('spatially_correlated_noise', 0.4262833893299103), ('image_denoising', 0.1255977302789688)]"
5270171351.jpg,chromatic_aberrations,0.9989252686500549,"[('chromatic_aberrations', 0.9989252686500549), ('image_denoising', 0.0008249995298683643), ('quantization_noise', 0.00017953735368791968)]"
5272496469.jpg,color_quantization_with_dithering,0.9874075651168823,"[('color_quantization_with_dithering', 0.9874075651168823), ('change of color saturation', 0.011213329620659351), ('contrast_change', 0.0006563887582160532)]"
5274682163.jpg,image_denoising,0.9928750991821289,"[('image_denoising', 0.9928750991821289), ('chromatic_aberrations', 0.004865624010562897), ('mean shift', 0.0012053776299580932)]"
5276700957.jpg,chromatic_aberrations,0.8952206969261169,"[('chromatic_aberrations', 0.8952206969261169), ('image_denoising', 0.053488630801439285), ('mean shift', 0.02672898955643177)]"
5277411499.jpg,contrast_change,0.6319098472595215,"[('contrast_change', 0.6319098472595215), ('image_denoising', 0.17879267036914825), ('chromatic_aberrations', 0.13987641036510468)]"
5277655082.jpg,change of color saturation,0.9999535083770752,"[('change of color saturation', 0.9999535083770752), ('jpeg_transmission_errors', 3.3247724786633626e-05), ('contrast_change', 2.7315090846968815e-06)]"
5279579302.jpg,spatially_correlated_noise,0.9817695021629333,"[('spatially_correlated_noise', 0.9817695021629333), ('lossy_compression_of_color_images', 0.006229862105101347), ('additive_noise_in_color_components', 0.0044299825094640255)]"
528858440.jpg,image_denoising,0.6079476475715637,"[('image_denoising', 0.6079476475715637), ('gaussian_blur', 0.38565951585769653), ('mean shift', 0.004207429010421038)]"
528938817.jpg,chromatic_aberrations,0.5880171656608582,"[('chromatic_aberrations', 0.5880171656608582), ('image_denoising', 0.41072964668273926), ('gaussian_blur', 0.0009279621881432831)]"
528982659.jpg,change of color saturation,0.9999586343765259,"[('change of color saturation', 0.9999586343765259), ('jpeg_transmission_errors', 2.0306420992710628e-05), ('color_quantization_with_dithering', 8.428074579569511e-06)]"
5290105717.jpg,chromatic_aberrations,0.9502314329147339,"[('chromatic_aberrations', 0.9502314329147339), ('image_denoising', 0.03991226106882095), ('spatially_correlated_noise', 0.007694899570196867)]"
5292219744.jpg,chromatic_aberrations,0.7303645014762878,"[('chromatic_aberrations', 0.7303645014762878), ('mean shift', 0.13254235684871674), ('contrast_change', 0.09397976845502853)]"
5292802931.jpg,color_quantization_with_dithering,0.9359867572784424,"[('color_quantization_with_dithering', 0.9359867572784424), ('contrast_change', 0.034813787788152695), ('mean shift', 0.02671929821372032)]"
5298103951.jpg,gaussian_blur,0.9034637808799744,"[('gaussian_blur', 0.9034637808799744), ('contrast_change', 0.09143227338790894), ('mean shift', 0.004766414407640696)]"
5298580335.jpg,mean shift,0.9942710399627686,"[('mean shift', 0.9942710399627686), ('chromatic_aberrations', 0.0025337047409266233), ('contrast_change', 0.0021621049381792545)]"
5305438208.jpg,contrast_change,0.9983556866645813,"[('contrast_change', 0.9983556866645813), ('quantization_noise', 0.0007549136644229293), ('mean shift', 0.0004682886356022209)]"
5306558367.jpg,chromatic_aberrations,0.957217812538147,"[('chromatic_aberrations', 0.957217812538147), ('image_denoising', 0.042189501225948334), ('quantization_noise', 0.00028399506118148565)]"
53065971.jpg,image_denoising,0.741450309753418,"[('image_denoising', 0.741450309753418), ('chromatic_aberrations', 0.2576840817928314), ('jpeg2000_transmission_errors', 0.0003251344314776361)]"
5306909990.jpg,image_denoising,0.7689752578735352,"[('image_denoising', 0.7689752578735352), ('gaussian_blur', 0.17974445223808289), ('chromatic_aberrations', 0.050914160907268524)]"
5314378959.jpg,change of color saturation,0.9967806339263916,"[('change of color saturation', 0.9967806339263916), ('sparse_sampling_and_reconstruction', 0.0018117803847417235), ('jpeg2000_compression', 0.0008829133585095406)]"
531477784.jpg,spatially_correlated_noise,0.9746521711349487,"[('spatially_correlated_noise', 0.9746521711349487), ('additive_noise_in_color_components', 0.013365078717470169), ('quantization_noise', 0.007915685884654522)]"
5314923965.jpg,jpeg2000_transmission_errors,0.5899914503097534,"[('jpeg2000_transmission_errors', 0.5899914503097534), ('jpeg_transmission_errors', 0.2251940220594406), ('sparse_sampling_and_reconstruction', 0.11804387718439102)]"
5318520232.jpg,change of color saturation,0.6537458300590515,"[('change of color saturation', 0.6537458300590515), ('jpeg2000_transmission_errors', 0.2947238087654114), ('color_quantization_with_dithering', 0.04809359833598137)]"
5320512069.jpg,gaussian_blur,0.9833027720451355,"[('gaussian_blur', 0.9833027720451355), ('sparse_sampling_and_reconstruction', 0.015007066540420055), ('contrast_change', 0.0015725926496088505)]"
5320573901.jpg,mean shift,0.9832465052604675,"[('mean shift', 0.9832465052604675), ('chromatic_aberrations', 0.011199221014976501), ('gaussian_blur', 0.0032905181869864464)]"
5328147958.jpg,mean shift,0.7549775242805481,"[('mean shift', 0.7549775242805481), ('chromatic_aberrations', 0.2243267148733139), ('image_denoising', 0.011964569799602032)]"
5341341783.jpg,image_denoising,0.8178131580352783,"[('image_denoising', 0.8178131580352783), ('spatially_correlated_noise', 0.09997271746397018), ('comfort_noise', 0.043381400406360626)]"
5342791481.jpg,chromatic_aberrations,0.9018105864524841,"[('chromatic_aberrations', 0.9018105864524841), ('image_denoising', 0.09470196813344955), ('quantization_noise', 0.0030612016562372446)]"
5343739846.jpg,contrast_change,0.7492333054542542,"[('contrast_change', 0.7492333054542542), ('change of color saturation', 0.07196091115474701), ('mean shift', 0.0523800365626812)]"
5347056182.jpg,jpeg2000_transmission_errors,0.8100752830505371,"[('jpeg2000_transmission_errors', 0.8100752830505371), ('comfort_noise', 0.1508760005235672), ('lossy_compression_of_color_images', 0.0278516486287117)]"
5348237812.jpg,mean shift,0.8293366432189941,"[('mean shift', 0.8293366432189941), ('contrast_change', 0.15672530233860016), ('chromatic_aberrations', 0.005435707047581673)]"
5349969174.jpg,contrast_change,0.5642299652099609,"[('contrast_change', 0.5642299652099609), ('image_denoising', 0.19081665575504303), ('chromatic_aberrations', 0.16832393407821655)]"
5353332977.jpg,spatially_correlated_noise,0.9936378598213196,"[('spatially_correlated_noise', 0.9936378598213196), ('chromatic_aberrations', 0.005878631956875324), ('additive_gaussian_noise', 0.0001972712343558669)]"
535787632.jpg,chromatic_aberrations,0.9685867428779602,"[('chromatic_aberrations', 0.9685867428779602), ('mean shift', 0.01645522750914097), ('image_denoising', 0.013347693718969822)]"
5358352176.jpg,contrast_change,0.8298162817955017,"[('contrast_change', 0.8298162817955017), ('mean shift', 0.16910211741924286), ('quantization_noise', 0.0009922657627612352)]"
5359274053.jpg,chromatic_aberrations,0.6061237454414368,"[('chromatic_aberrations', 0.6061237454414368), ('mean shift', 0.3023901879787445), ('image_denoising', 0.06617865711450577)]"
5360940013.jpg,image_denoising,0.8265842795372009,"[('image_denoising', 0.8265842795372009), ('chromatic_aberrations', 0.15159466862678528), ('gaussian_blur', 0.010417845100164413)]"
5362140571.jpg,mean shift,0.8577565550804138,"[('mean shift', 0.8577565550804138), ('chromatic_aberrations', 0.13483767211437225), ('gaussian_blur', 0.004999872297048569)]"
5363058682.jpg,change of color saturation,0.5621069669723511,"[('change of color saturation', 0.5621069669723511), ('contrast_change', 0.4313875734806061), ('sparse_sampling_and_reconstruction', 0.005571483168751001)]"
5369434001.jpg,gaussian_blur,0.7231516242027283,"[('gaussian_blur', 0.7231516242027283), ('image_denoising', 0.27519160509109497), ('chromatic_aberrations', 0.001204621628858149)]"
537074410.jpg,contrast_change,0.9839333295822144,"[('contrast_change', 0.9839333295822144), ('jpeg2000_transmission_errors', 0.014526856131851673), ('comfort_noise', 0.0006243949756026268)]"
537232636.jpg,contrast_change,0.9785687923431396,"[('contrast_change', 0.9785687923431396), ('quantization_noise', 0.016271183267235756), ('multiplicative_gaussian_noise', 0.0028774423990398645)]"
5376228237.jpg,jpeg2000_transmission_errors,0.997645914554596,"[('jpeg2000_transmission_errors', 0.997645914554596), ('image_denoising', 0.0017639060970395803), ('gaussian_blur', 0.00019677483942359686)]"
5382638405.jpg,non_eccentricity_pattern_noise,0.7428160905838013,"[('non_eccentricity_pattern_noise', 0.7428160905838013), ('contrast_change', 0.16401007771492004), ('jpeg2000_transmission_errors', 0.07278141379356384)]"
5382913872.jpg,mean shift,0.9754565954208374,"[('mean shift', 0.9754565954208374), ('chromatic_aberrations', 0.008310566656291485), ('contrast_change', 0.006332645192742348)]"
5385761239.jpg,non_eccentricity_pattern_noise,0.9147942066192627,"[('non_eccentricity_pattern_noise', 0.9147942066192627), ('contrast_change', 0.07490309327840805), ('chromatic_aberrations', 0.0029856485780328512)]"
5386032677.jpg,gaussian_blur,0.7705634236335754,"[('gaussian_blur', 0.7705634236335754), ('chromatic_aberrations', 0.1695081889629364), ('image_denoising', 0.03391063213348389)]"
5391319632.jpg,change of color saturation,0.9925402998924255,"[('change of color saturation', 0.9925402998924255), ('contrast_change', 0.0049786739982664585), ('sparse_sampling_and_reconstruction', 0.0021876427344977856)]"
5394502414.jpg,change of color saturation,0.9999643564224243,"[('change of color saturation', 0.9999643564224243), ('jpeg_transmission_errors', 1.987952236959245e-05), ('color_quantization_with_dithering', 4.849714514421066e-06)]"
5394548782.jpg,change of color saturation,0.5897065997123718,"[('change of color saturation', 0.5897065997123718), ('contrast_change', 0.408104807138443), ('mean shift', 0.0020642431918531656)]"
539524376.jpg,gaussian_blur,0.8546278476715088,"[('gaussian_blur', 0.8546278476715088), ('chromatic_aberrations', 0.12282275408506393), ('mean shift', 0.016837986186146736)]"
5395790450.jpg,mean shift,0.9877247214317322,"[('mean shift', 0.9877247214317322), ('contrast_change', 0.010989418253302574), ('local_block-wise_distortions', 0.0009343490237370133)]"
5395880951.jpg,non_eccentricity_pattern_noise,0.9292978644371033,"[('non_eccentricity_pattern_noise', 0.9292978644371033), ('jpeg2000_transmission_errors', 0.02732572890818119), ('additive_gaussian_noise', 0.010193251073360443)]"
5398457925.jpg,image_denoising,0.8901440501213074,"[('image_denoising', 0.8901440501213074), ('chromatic_aberrations', 0.10461722314357758), ('mean shift', 0.0035864270757883787)]"
5402750878.jpg,quantization_noise,0.9907898902893066,"[('quantization_noise', 0.9907898902893066), ('contrast_change', 0.007591094356030226), ('impulse_noise', 0.0007063188822939992)]"
5402777838.jpg,chromatic_aberrations,0.9923805594444275,"[('chromatic_aberrations', 0.9923805594444275), ('image_denoising', 0.007497613783925772), ('mean shift', 2.9258717404445633e-05)]"
5407907045.jpg,quantization_noise,0.8438118100166321,"[('quantization_noise', 0.8438118100166321), ('non_eccentricity_pattern_noise', 0.08253195136785507), ('contrast_change', 0.05339084193110466)]"
5408161730.jpg,chromatic_aberrations,0.7125291228294373,"[('chromatic_aberrations', 0.7125291228294373), ('quantization_noise', 0.259170800447464), ('mean shift', 0.024499567225575447)]"
5416851305.jpg,image_denoising,0.6382443904876709,"[('image_denoising', 0.6382443904876709), ('chromatic_aberrations', 0.35894349217414856), ('mean shift', 0.001120146131142974)]"
5417875149.jpg,chromatic_aberrations,0.7694265842437744,"[('chromatic_aberrations', 0.7694265842437744), ('image_denoising', 0.16616176068782806), ('contrast_change', 0.04612414911389351)]"
5418130754.jpg,contrast_change,0.9981669187545776,"[('contrast_change', 0.9981669187545776), ('jpeg2000_transmission_errors', 0.0007298995042219758), ('quantization_noise', 0.0004312206001486629)]"
5423986833.jpg,gaussian_blur,0.5929839015007019,"[('gaussian_blur', 0.5929839015007019), ('chromatic_aberrations', 0.23073725402355194), ('image_denoising', 0.16762031614780426)]"
5431342278.jpg,gaussian_blur,0.9987514019012451,"[('gaussian_blur', 0.9987514019012451), ('image_denoising', 0.0010360160376876593), ('chromatic_aberrations', 0.00010582448885543272)]"
5432792987.jpg,mean shift,0.7820556163787842,"[('mean shift', 0.7820556163787842), ('chromatic_aberrations', 0.15379789471626282), ('contrast_change', 0.02265135757625103)]"
5433364879.jpg,contrast_change,0.5006446838378906,"[('contrast_change', 0.5006446838378906), ('color_quantization_with_dithering', 0.43161073327064514), ('jpeg2000_transmission_errors', 0.022699251770973206)]"
5434982423.jpg,quantization_noise,0.9535627961158752,"[('quantization_noise', 0.9535627961158752), ('contrast_change', 0.041252702474594116), ('chromatic_aberrations', 0.0024040674325078726)]"
5438123525.jpg,contrast_change,0.7705235481262207,"[('contrast_change', 0.7705235481262207), ('quantization_noise', 0.22733989357948303), ('mean shift', 0.0009559940081089735)]"
5443561588.jpg,change of color saturation,0.9964150190353394,"[('change of color saturation', 0.9964150190353394), ('jpeg2000_transmission_errors', 0.0016424196073785424), ('color_quantization_with_dithering', 0.0008993702940642834)]"
545103098.jpg,gaussian_blur,0.73453289270401,"[('gaussian_blur', 0.73453289270401), ('image_denoising', 0.2603763937950134), ('chromatic_aberrations', 0.002930105896666646)]"
5456373866.jpg,mean shift,0.9808972477912903,"[('mean shift', 0.9808972477912903), ('chromatic_aberrations', 0.015919452533125877), ('gaussian_blur', 0.0010632560588419437)]"
5459749774.jpg,mean shift,0.9580070972442627,"[('mean shift', 0.9580070972442627), ('chromatic_aberrations', 0.036001525819301605), ('contrast_change', 0.0045383828692138195)]"
5463929157.jpg,quantization_noise,0.8945201635360718,"[('quantization_noise', 0.8945201635360718), ('contrast_change', 0.03976263850927353), ('chromatic_aberrations', 0.03595742583274841)]"
5464519026.jpg,jpeg_transmission_errors,0.7071486711502075,"[('jpeg_transmission_errors', 0.7071486711502075), ('quantization_noise', 0.1776956021785736), ('jpeg_compression', 0.04877234250307083)]"
5468577486.jpg,image_denoising,0.9624296426773071,"[('image_denoising', 0.9624296426773071), ('jpeg2000_transmission_errors', 0.03568608686327934), ('jpeg2000_compression', 0.0009282321552745998)]"
5471871046.jpg,contrast_change,0.9839492440223694,"[('contrast_change', 0.9839492440223694), ('mean shift', 0.013875246047973633), ('color_quantization_with_dithering', 0.0012981734471395612)]"
5480462577.jpg,gaussian_blur,0.9880101084709167,"[('gaussian_blur', 0.9880101084709167), ('mean shift', 0.004371338058263063), ('contrast_change', 0.004334702156484127)]"
5480545191.jpg,contrast_change,0.9844769239425659,"[('contrast_change', 0.9844769239425659), ('quantization_noise', 0.013365061953663826), ('jpeg2000_transmission_errors', 0.0014956928789615631)]"
5481249377.jpg,mean shift,0.8588985800743103,"[('mean shift', 0.8588985800743103), ('contrast_change', 0.061231136322021484), ('chromatic_aberrations', 0.05086376890540123)]"
5485090581.jpg,mean shift,0.5382533073425293,"[('mean shift', 0.5382533073425293), ('chromatic_aberrations', 0.3927159607410431), ('gaussian_blur', 0.04306737706065178)]"
5485536219.jpg,jpeg2000_transmission_errors,0.3034442365169525,"[('jpeg2000_transmission_errors', 0.3034442365169525), ('gaussian_blur', 0.26823198795318604), ('image_denoising', 0.2567860186100006)]"
5487845072.jpg,chromatic_aberrations,0.8951076865196228,"[('chromatic_aberrations', 0.8951076865196228), ('image_denoising', 0.09792030602693558), ('mean shift', 0.0055868253111839294)]"
5492904052.jpg,contrast_change,0.7829731106758118,"[('contrast_change', 0.7829731106758118), ('mean shift', 0.13718047738075256), ('chromatic_aberrations', 0.05121152475476265)]"
5494859211.jpg,change of color saturation,0.9999161958694458,"[('change of color saturation', 0.9999161958694458), ('jpeg_transmission_errors', 3.72098438674584e-05), ('contrast_change', 1.7972477508010343e-05)]"
549547230.jpg,change of color saturation,0.931610643863678,"[('change of color saturation', 0.931610643863678), ('jpeg_transmission_errors', 0.04724323749542236), ('local_block-wise_distortions', 0.013397523202002048)]"
5495551820.jpg,contrast_change,0.8746095895767212,"[('contrast_change', 0.8746095895767212), ('jpeg2000_transmission_errors', 0.07362574338912964), ('mean shift', 0.022662898525595665)]"
5498204974.jpg,image_denoising,0.999942421913147,"[('image_denoising', 0.999942421913147), ('chromatic_aberrations', 4.2332467273809016e-05), ('gaussian_blur', 9.634200068830978e-06)]"
5500159889.jpg,jpeg2000_transmission_errors,0.9993453621864319,"[('jpeg2000_transmission_errors', 0.9993453621864319), ('color_quantization_with_dithering', 0.0005414096522144973), ('change of color saturation', 5.467803930514492e-05)]"
5505340753.jpg,chromatic_aberrations,0.6002894639968872,"[('chromatic_aberrations', 0.6002894639968872), ('gaussian_blur', 0.15663108229637146), ('mean shift', 0.13614219427108765)]"
5505953336.jpg,mean shift,0.626535952091217,"[('mean shift', 0.626535952091217), ('contrast_change', 0.3569856882095337), ('non_eccentricity_pattern_noise', 0.007075030356645584)]"
5507499346.jpg,gaussian_blur,0.9059737920761108,"[('gaussian_blur', 0.9059737920761108), ('image_denoising', 0.08431539684534073), ('chromatic_aberrations', 0.008893823251128197)]"
5508551413.jpg,mean shift,0.9801239967346191,"[('mean shift', 0.9801239967346191), ('contrast_change', 0.005461635068058968), ('chromatic_aberrations', 0.005316777620464563)]"
5511460602.jpg,contrast_change,0.9891923069953918,"[('contrast_change', 0.9891923069953918), ('quantization_noise', 0.00972247589379549), ('jpeg2000_transmission_errors', 0.0007390885730274022)]"
5512214624.jpg,spatially_correlated_noise,0.6340312361717224,"[('spatially_correlated_noise', 0.6340312361717224), ('mean shift', 0.16168011724948883), ('quantization_noise', 0.09844423830509186)]"
5519904752.jpg,image_denoising,0.7203911542892456,"[('image_denoising', 0.7203911542892456), ('gaussian_blur', 0.22745628654956818), ('chromatic_aberrations', 0.04767962917685509)]"
5520092588.jpg,contrast_change,0.9926629066467285,"[('contrast_change', 0.9926629066467285), ('quantization_noise', 0.004880327265709639), ('mean shift', 0.0012802837882190943)]"
5522198347.jpg,jpeg2000_transmission_errors,0.7812421321868896,"[('jpeg2000_transmission_errors', 0.7812421321868896), ('sparse_sampling_and_reconstruction', 0.08257953822612762), ('gaussian_blur', 0.06389723718166351)]"
5525531268.jpg,chromatic_aberrations,0.9968599081039429,"[('chromatic_aberrations', 0.9968599081039429), ('image_denoising', 0.0026233005337417126), ('mean shift', 0.00037369303754530847)]"
5525979481.jpg,mean shift,0.6450086236000061,"[('mean shift', 0.6450086236000061), ('contrast_change', 0.35380667448043823), ('chromatic_aberrations', 0.000522336398717016)]"
552629141.jpg,chromatic_aberrations,0.9992021918296814,"[('chromatic_aberrations', 0.9992021918296814), ('image_denoising', 0.0004573554906528443), ('mean shift', 0.0002512166101951152)]"
5530579735.jpg,chromatic_aberrations,0.7727692723274231,"[('chromatic_aberrations', 0.7727692723274231), ('mean shift', 0.22098368406295776), ('quantization_noise', 0.002122745383530855)]"
5531191792.jpg,mean shift,0.9760786294937134,"[('mean shift', 0.9760786294937134), ('gaussian_blur', 0.012418379075825214), ('image_denoising', 0.006840238347649574)]"
5533176494.jpg,mean shift,0.6020622253417969,"[('mean shift', 0.6020622253417969), ('contrast_change', 0.28887882828712463), ('chromatic_aberrations', 0.10192045569419861)]"
5535054309.jpg,chromatic_aberrations,0.9033746719360352,"[('chromatic_aberrations', 0.9033746719360352), ('mean shift', 0.08602273464202881), ('image_denoising', 0.004959397949278355)]"
5535937496.jpg,mean shift,0.8884164094924927,"[('mean shift', 0.8884164094924927), ('contrast_change', 0.1092347800731659), ('gaussian_blur', 0.001056866836734116)]"
5536150022.jpg,chromatic_aberrations,0.912061870098114,"[('chromatic_aberrations', 0.912061870098114), ('mean shift', 0.07593806833028793), ('image_denoising', 0.006143528502434492)]"
5536240490.jpg,contrast_change,0.8948590159416199,"[('contrast_change', 0.8948590159416199), ('quantization_noise', 0.10471358895301819), ('jpeg2000_transmission_errors', 0.00011311395792290568)]"
5537272633.jpg,mean shift,0.9448353052139282,"[('mean shift', 0.9448353052139282), ('chromatic_aberrations', 0.04247073456645012), ('spatially_correlated_noise', 0.002906008157879114)]"
5541438392.jpg,chromatic_aberrations,0.972396969795227,"[('chromatic_aberrations', 0.972396969795227), ('mean shift', 0.016410663723945618), ('quantization_noise', 0.004892511293292046)]"
5544820783.jpg,gaussian_blur,0.7682327032089233,"[('gaussian_blur', 0.7682327032089233), ('image_denoising', 0.22298884391784668), ('mean shift', 0.007040917407721281)]"
5547599151.jpg,contrast_change,0.8281173706054688,"[('contrast_change', 0.8281173706054688), ('change of color saturation', 0.10273272544145584), ('mean shift', 0.06844430416822433)]"
5554551412.jpg,contrast_change,0.9973661303520203,"[('contrast_change', 0.9973661303520203), ('quantization_noise', 0.0020348895341157913), ('non_eccentricity_pattern_noise', 0.00019974475435446948)]"
5557351990.jpg,comfort_noise,0.8399730920791626,"[('comfort_noise', 0.8399730920791626), ('image_denoising', 0.1521996706724167), ('lossy_compression_of_color_images', 0.004535333253443241)]"
5557571977.jpg,image_denoising,0.9973633885383606,"[('image_denoising', 0.9973633885383606), ('chromatic_aberrations', 0.001199377584271133), ('gaussian_blur', 0.000709790620021522)]"
5560114332.jpg,gaussian_blur,0.999471127986908,"[('gaussian_blur', 0.999471127986908), ('image_denoising', 0.0003949108941014856), ('chromatic_aberrations', 7.264423766173422e-05)]"
5561303733.jpg,change of color saturation,0.9999755620956421,"[('change of color saturation', 0.9999755620956421), ('jpeg_transmission_errors', 1.1923611054953653e-05), ('jpeg_compression', 4.746948434330989e-06)]"
5561541116.jpg,contrast_change,0.9791429042816162,"[('contrast_change', 0.9791429042816162), ('chromatic_aberrations', 0.011842682026326656), ('mean shift', 0.005495165940374136)]"
5563391138.jpg,change of color saturation,0.9998672008514404,"[('change of color saturation', 0.9998672008514404), ('contrast_change', 7.911432476248592e-05), ('jpeg_transmission_errors', 3.10922296193894e-05)]"
5564925519.jpg,change of color saturation,0.9999276399612427,"[('change of color saturation', 0.9999276399612427), ('jpeg_compression', 3.88866537832655e-05), ('jpeg_transmission_errors', 1.30068647195003e-05)]"
5565514955.jpg,contrast_change,0.6119352579116821,"[('contrast_change', 0.6119352579116821), ('quantization_noise', 0.24445274472236633), ('chromatic_aberrations', 0.13282394409179688)]"
5566203819.jpg,gaussian_blur,0.999923586845398,"[('gaussian_blur', 0.999923586845398), ('sparse_sampling_and_reconstruction', 3.599429328460246e-05), ('contrast_change', 2.1815430955030024e-05)]"
5569562301.jpg,image_denoising,0.9092777371406555,"[('image_denoising', 0.9092777371406555), ('chromatic_aberrations', 0.07901011407375336), ('gaussian_blur', 0.006790718995034695)]"
5569876905.jpg,chromatic_aberrations,0.6822192668914795,"[('chromatic_aberrations', 0.6822192668914795), ('mean shift', 0.3021616041660309), ('contrast_change', 0.011761605739593506)]"
5571835679.jpg,mean shift,0.9194273948669434,"[('mean shift', 0.9194273948669434), ('chromatic_aberrations', 0.0740150436758995), ('contrast_change', 0.0034346659667789936)]"
5572898913.jpg,chromatic_aberrations,0.9537976980209351,"[('chromatic_aberrations', 0.9537976980209351), ('quantization_noise', 0.04323319345712662), ('image_denoising', 0.0012314922641962767)]"
5573315618.jpg,mean shift,0.9947254061698914,"[('mean shift', 0.9947254061698914), ('contrast_change', 0.0040613943710923195), ('chromatic_aberrations', 0.0010005098301917315)]"
5577977748.jpg,contrast_change,0.7492510080337524,"[('contrast_change', 0.7492510080337524), ('change of color saturation', 0.23327581584453583), ('gaussian_blur', 0.006739076692610979)]"
5581852297.jpg,image_denoising,0.8637862205505371,"[('image_denoising', 0.8637862205505371), ('chromatic_aberrations', 0.1046067327260971), ('gaussian_blur', 0.030414335429668427)]"
5583866722.jpg,contrast_change,0.5789862275123596,"[('contrast_change', 0.5789862275123596), ('quantization_noise', 0.4061880111694336), ('jpeg2000_transmission_errors', 0.011183499358594418)]"
5588234773.jpg,mean shift,0.9588176012039185,"[('mean shift', 0.9588176012039185), ('contrast_change', 0.022125083953142166), ('jpeg_transmission_errors', 0.01087166741490364)]"
5589406824.jpg,gaussian_blur,0.9971031546592712,"[('gaussian_blur', 0.9971031546592712), ('sparse_sampling_and_reconstruction', 0.0021472363732755184), ('jpeg2000_compression', 0.0005415525520220399)]"
5590319772.jpg,color_quantization_with_dithering,0.5356477499008179,"[('color_quantization_with_dithering', 0.5356477499008179), ('contrast_change', 0.2634694278240204), ('quantization_noise', 0.11426758766174316)]"
5597029310.jpg,image_denoising,0.6804192662239075,"[('image_denoising', 0.6804192662239075), ('chromatic_aberrations', 0.30912813544273376), ('gaussian_blur', 0.0050930241122841835)]"
5597328203.jpg,chromatic_aberrations,0.7836923003196716,"[('chromatic_aberrations', 0.7836923003196716), ('quantization_noise', 0.20750536024570465), ('image_denoising', 0.003239171579480171)]"
560054684.jpg,mean shift,0.6763511896133423,"[('mean shift', 0.6763511896133423), ('chromatic_aberrations', 0.3168882131576538), ('contrast_change', 0.002843738766387105)]"
5604745238.jpg,image_denoising,0.9979152083396912,"[('image_denoising', 0.9979152083396912), ('chromatic_aberrations', 0.0016028063837438822), ('gaussian_blur', 0.0002806371485348791)]"
5605845677.jpg,contrast_change,0.706169605255127,"[('contrast_change', 0.706169605255127), ('mean shift', 0.285053551197052), ('chromatic_aberrations', 0.004202631767839193)]"
5606263347.jpg,gaussian_blur,0.999980092048645,"[('gaussian_blur', 0.999980092048645), ('image_denoising', 6.489080988103524e-06), ('sparse_sampling_and_reconstruction', 5.750026957684895e-06)]"
5607542951.jpg,gaussian_blur,0.9961217045783997,"[('gaussian_blur', 0.9961217045783997), ('image_denoising', 0.002284236950799823), ('sparse_sampling_and_reconstruction', 0.000965907471254468)]"
5611311337.jpg,gaussian_blur,0.9954413175582886,"[('gaussian_blur', 0.9954413175582886), ('image_denoising', 0.00275787222199142), ('chromatic_aberrations', 0.0014908781740814447)]"
5611315745.jpg,gaussian_blur,0.7159091234207153,"[('gaussian_blur', 0.7159091234207153), ('mean shift', 0.23332878947257996), ('chromatic_aberrations', 0.03180870786309242)]"
5613119527.jpg,change of color saturation,0.9999560117721558,"[('change of color saturation', 0.9999560117721558), ('jpeg_transmission_errors', 1.859703115769662e-05), ('color_quantization_with_dithering', 1.2475481526053045e-05)]"
5613166397.jpg,non_eccentricity_pattern_noise,0.6265984177589417,"[('non_eccentricity_pattern_noise', 0.6265984177589417), ('color_quantization_with_dithering', 0.27607598900794983), ('impulse_noise', 0.031247740611433983)]"
5615226673.jpg,contrast_change,0.9955594539642334,"[('contrast_change', 0.9955594539642334), ('mean shift', 0.0031379531137645245), ('quantization_noise', 0.0009692931780591607)]"
5619348479.jpg,jpeg2000_transmission_errors,0.8068518042564392,"[('jpeg2000_transmission_errors', 0.8068518042564392), ('change of color saturation', 0.11543137580156326), ('sparse_sampling_and_reconstruction', 0.04680999740958214)]"
5622280405.jpg,chromatic_aberrations,0.9532358646392822,"[('chromatic_aberrations', 0.9532358646392822), ('image_denoising', 0.04624025896191597), ('gaussian_blur', 0.00027037737891077995)]"
5626243539.jpg,change of color saturation,0.6640574932098389,"[('change of color saturation', 0.6640574932098389), ('sparse_sampling_and_reconstruction', 0.2761702239513397), ('jpeg2000_compression', 0.05601724609732628)]"
56278886.jpg,mean shift,0.83186274766922,"[('mean shift', 0.83186274766922), ('chromatic_aberrations', 0.09894897043704987), ('gaussian_blur', 0.05797004699707031)]"
5628766419.jpg,mean shift,0.9704739451408386,"[('mean shift', 0.9704739451408386), ('chromatic_aberrations', 0.0276169516146183), ('contrast_change', 0.0006182665238156915)]"
562942809.jpg,image_denoising,0.9681999087333679,"[('image_denoising', 0.9681999087333679), ('chromatic_aberrations', 0.011812226846814156), ('contrast_change', 0.008833279833197594)]"
5631644954.jpg,change of color saturation,0.9710328578948975,"[('change of color saturation', 0.9710328578948975), ('contrast_change', 0.016903381794691086), ('jpeg_transmission_errors', 0.010787268169224262)]"
563363297.jpg,change of color saturation,0.9994997978210449,"[('change of color saturation', 0.9994997978210449), ('jpeg_transmission_errors', 0.00024588359519839287), ('sparse_sampling_and_reconstruction', 0.00014745454245712608)]"
5634844318.jpg,mean shift,0.6904335618019104,"[('mean shift', 0.6904335618019104), ('chromatic_aberrations', 0.2560157775878906), ('contrast_change', 0.0464087538421154)]"
563494328.jpg,image_denoising,0.9668005108833313,"[('image_denoising', 0.9668005108833313), ('chromatic_aberrations', 0.03295299783349037), ('mean shift', 6.632787699345499e-05)]"
5642698379.jpg,change of color saturation,0.9999825954437256,"[('change of color saturation', 0.9999825954437256), ('contrast_change', 7.571388323412975e-06), ('jpeg_transmission_errors', 3.659168896774645e-06)]"
5643675511.jpg,image_denoising,0.9282112717628479,"[('image_denoising', 0.9282112717628479), ('chromatic_aberrations', 0.0716886892914772), ('jpeg2000_compression', 3.6303750675870106e-05)]"
5644717504.jpg,mean shift,0.9246233105659485,"[('mean shift', 0.9246233105659485), ('contrast_change', 0.047836776822805405), ('chromatic_aberrations', 0.023081576451659203)]"
5645990670.jpg,color_quantization_with_dithering,0.994541585445404,"[('color_quantization_with_dithering', 0.994541585445404), ('contrast_change', 0.003074062056839466), ('quantization_noise', 0.0015492559177801013)]"
5646137718.jpg,contrast_change,0.6790100336074829,"[('contrast_change', 0.6790100336074829), ('quantization_noise', 0.2422642707824707), ('color_quantization_with_dithering', 0.06232002377510071)]"
5649238461.jpg,mean shift,0.689932644367218,"[('mean shift', 0.689932644367218), ('chromatic_aberrations', 0.21244874596595764), ('image_denoising', 0.0706036314368248)]"
5652671086.jpg,chromatic_aberrations,0.9950131773948669,"[('chromatic_aberrations', 0.9950131773948669), ('mean shift', 0.00398664316162467), ('image_denoising', 0.0005515619996003807)]"
5655651548.jpg,chromatic_aberrations,0.42634841799736023,"[('chromatic_aberrations', 0.42634841799736023), ('image_denoising', 0.3917182981967926), ('gaussian_blur', 0.11844456940889359)]"
5657799294.jpg,gaussian_blur,0.499173104763031,"[('gaussian_blur', 0.499173104763031), ('image_denoising', 0.2795051336288452), ('chromatic_aberrations', 0.07977224141359329)]"
5660004991.jpg,chromatic_aberrations,0.9619078636169434,"[('chromatic_aberrations', 0.9619078636169434), ('image_denoising', 0.02806461788713932), ('jpeg2000_transmission_errors', 0.0031901190523058176)]"
5660186741.jpg,contrast_change,0.7735292911529541,"[('contrast_change', 0.7735292911529541), ('quantization_noise', 0.22547650337219238), ('jpeg2000_transmission_errors', 0.0005066359881311655)]"
5660281772.jpg,image_denoising,0.9530022740364075,"[('image_denoising', 0.9530022740364075), ('spatially_correlated_noise', 0.02254713512957096), ('additive_noise_in_color_components', 0.014999423176050186)]"
5671199285.jpg,image_denoising,0.9701294898986816,"[('image_denoising', 0.9701294898986816), ('gaussian_blur', 0.027501314878463745), ('jpeg2000_compression', 0.0013484226074069738)]"
5680314396.jpg,quantization_noise,0.6566430330276489,"[('quantization_noise', 0.6566430330276489), ('contrast_change', 0.3367606997489929), ('mean shift', 0.0021885123569518328)]"
5680571645.jpg,change of color saturation,0.9999840259552002,"[('change of color saturation', 0.9999840259552002), ('jpeg_transmission_errors', 8.934527613746468e-06), ('contrast_change', 3.137999101454625e-06)]"
5681801478.jpg,mean shift,0.9194524884223938,"[('mean shift', 0.9194524884223938), ('contrast_change', 0.08035913854837418), ('chromatic_aberrations', 7.775240374030545e-05)]"
5682778748.jpg,chromatic_aberrations,0.9590691924095154,"[('chromatic_aberrations', 0.9590691924095154), ('image_denoising', 0.03223750367760658), ('quantization_noise', 0.004465716425329447)]"
5683736894.jpg,contrast_change,0.9210327863693237,"[('contrast_change', 0.9210327863693237), ('mean shift', 0.05134543031454086), ('quantization_noise', 0.02292991429567337)]"
5684960466.jpg,contrast_change,0.9623067378997803,"[('contrast_change', 0.9623067378997803), ('quantization_noise', 0.02898591198027134), ('color_quantization_with_dithering', 0.0060231443494558334)]"
5687490427.jpg,mean shift,0.7068537473678589,"[('mean shift', 0.7068537473678589), ('chromatic_aberrations', 0.28869926929473877), ('contrast_change', 0.0016551533481106162)]"
5689072971.jpg,contrast_change,0.9994545578956604,"[('contrast_change', 0.9994545578956604), ('mean shift', 0.00022669025929644704), ('quantization_noise', 0.00019996400806121528)]"
5690703973.jpg,mean shift,0.9589583277702332,"[('mean shift', 0.9589583277702332), ('image_denoising', 0.019836390390992165), ('chromatic_aberrations', 0.013232816942036152)]"
5692807668.jpg,chromatic_aberrations,0.7994069457054138,"[('chromatic_aberrations', 0.7994069457054138), ('image_denoising', 0.15403394401073456), ('quantization_noise', 0.03366239741444588)]"
5693602630.jpg,gaussian_blur,0.9544267058372498,"[('gaussian_blur', 0.9544267058372498), ('chromatic_aberrations', 0.025611145421862602), ('mean shift', 0.0071972138248384)]"
5701016184.jpg,mean shift,0.9781830310821533,"[('mean shift', 0.9781830310821533), ('contrast_change', 0.021348634734749794), ('color_quantization_with_dithering', 0.00016049643454607576)]"
5705716016.jpg,non_eccentricity_pattern_noise,0.9359063506126404,"[('non_eccentricity_pattern_noise', 0.9359063506126404), ('contrast_change', 0.04193216189742088), ('jpeg2000_transmission_errors', 0.0046952818520367146)]"
5706720351.jpg,image_denoising,0.7808263301849365,"[('image_denoising', 0.7808263301849365), ('chromatic_aberrations', 0.13632483780384064), ('gaussian_blur', 0.07860300689935684)]"
5709659001.jpg,mean shift,0.9285346865653992,"[('mean shift', 0.9285346865653992), ('chromatic_aberrations', 0.06136949732899666), ('contrast_change', 0.005903870332986116)]"
5713375255.jpg,chromatic_aberrations,0.4551021158695221,"[('chromatic_aberrations', 0.4551021158695221), ('image_denoising', 0.38922494649887085), ('quantization_noise', 0.1392160952091217)]"
5715854575.jpg,contrast_change,0.9826676249504089,"[('contrast_change', 0.9826676249504089), ('quantization_noise', 0.01079289335757494), ('non_eccentricity_pattern_noise', 0.003970765508711338)]"
5717976598.jpg,contrast_change,0.9982247948646545,"[('contrast_change', 0.9982247948646545), ('change of color saturation', 0.0008026864379644394), ('mean shift', 0.0005455303471535444)]"
5719070301.jpg,mean shift,0.941582441329956,"[('mean shift', 0.941582441329956), ('contrast_change', 0.025606265291571617), ('gaussian_blur', 0.01635592244565487)]"
5719653094.jpg,gaussian_blur,0.6689692139625549,"[('gaussian_blur', 0.6689692139625549), ('mean shift', 0.25001904368400574), ('chromatic_aberrations', 0.05087890475988388)]"
5720446079.jpg,jpeg2000_transmission_errors,0.9950423240661621,"[('jpeg2000_transmission_errors', 0.9950423240661621), ('contrast_change', 0.003465430811047554), ('mean shift', 0.0006206414545886219)]"
5724255636.jpg,contrast_change,0.9992019534111023,"[('contrast_change', 0.9992019534111023), ('mean shift', 0.00039139139698818326), ('quantization_noise', 0.0002473729837220162)]"
5726507119.jpg,change of color saturation,0.9998902082443237,"[('change of color saturation', 0.9998902082443237), ('jpeg_transmission_errors', 4.356493809609674e-05), ('color_quantization_with_dithering', 3.42588136845734e-05)]"
5732256845.jpg,mean shift,0.9197297692298889,"[('mean shift', 0.9197297692298889), ('contrast_change', 0.07582461833953857), ('multiplicative_gaussian_noise', 0.0009623171645216644)]"
5734064610.jpg,chromatic_aberrations,0.6449501514434814,"[('chromatic_aberrations', 0.6449501514434814), ('mean shift', 0.2240287959575653), ('contrast_change', 0.09589240700006485)]"
5739537678.jpg,contrast_change,0.46295294165611267,"[('contrast_change', 0.46295294165611267), ('quantization_noise', 0.4437880516052246), ('chromatic_aberrations', 0.08403559774160385)]"
5746784745.jpg,quantization_noise,0.6516332030296326,"[('quantization_noise', 0.6516332030296326), ('contrast_change', 0.32606935501098633), ('chromatic_aberrations', 0.01995459385216236)]"
5747013682.jpg,gaussian_blur,0.9880977272987366,"[('gaussian_blur', 0.9880977272987366), ('sparse_sampling_and_reconstruction', 0.010542096570134163), ('jpeg2000_compression', 0.0010171009926125407)]"
5748824865.jpg,contrast_change,0.9972600936889648,"[('contrast_change', 0.9972600936889648), ('quantization_noise', 0.0012672875309363008), ('non_eccentricity_pattern_noise', 0.0007925750105641782)]"
5748929912.jpg,chromatic_aberrations,0.9829069972038269,"[('chromatic_aberrations', 0.9829069972038269), ('image_denoising', 0.00850433949381113), ('mean shift', 0.0031518389005213976)]"
5751931658.jpg,mean shift,0.9939332604408264,"[('mean shift', 0.9939332604408264), ('contrast_change', 0.005915463902056217), ('gaussian_blur', 9.809885523281991e-05)]"
5756854423.jpg,mean shift,0.9763553738594055,"[('mean shift', 0.9763553738594055), ('contrast_change', 0.02352948859333992), ('gaussian_blur', 5.852164758834988e-05)]"
5761873238.jpg,image_denoising,0.8412679433822632,"[('image_denoising', 0.8412679433822632), ('gaussian_blur', 0.15468046069145203), ('chromatic_aberrations', 0.0020937647204846144)]"
5762320263.jpg,change of color saturation,0.9999172687530518,"[('change of color saturation', 0.9999172687530518), ('sparse_sampling_and_reconstruction', 2.664705789356958e-05), ('contrast_change', 2.639768717926927e-05)]"
5763573511.jpg,chromatic_aberrations,0.6068562865257263,"[('chromatic_aberrations', 0.6068562865257263), ('contrast_change', 0.2884417772293091), ('image_denoising', 0.06737859547138214)]"
5764514076.jpg,image_denoising,0.47745481133461,"[('image_denoising', 0.47745481133461), ('chromatic_aberrations', 0.4147922694683075), ('gaussian_blur', 0.07376109808683395)]"
5766806996.jpg,non_eccentricity_pattern_noise,0.5562006831169128,"[('non_eccentricity_pattern_noise', 0.5562006831169128), ('contrast_change', 0.41046592593193054), ('jpeg2000_transmission_errors', 0.015092311426997185)]"
5771887382.jpg,spatially_correlated_noise,0.9982339143753052,"[('spatially_correlated_noise', 0.9982339143753052), ('image_denoising', 0.0007251889910548925), ('chromatic_aberrations', 0.00043211158481426537)]"
5783124720.jpg,spatially_correlated_noise,0.9920076131820679,"[('spatially_correlated_noise', 0.9920076131820679), ('image_denoising', 0.00506146065890789), ('chromatic_aberrations', 0.0019803910981863737)]"
5784134624.jpg,gaussian_blur,0.9999121427536011,"[('gaussian_blur', 0.9999121427536011), ('contrast_change', 4.800752139999531e-05), ('image_denoising', 1.4391024706128519e-05)]"
5785719824.jpg,image_denoising,0.9462540149688721,"[('image_denoising', 0.9462540149688721), ('quantization_noise', 0.01619149185717106), ('contrast_change', 0.015902090817689896)]"
5791949308.jpg,mean shift,0.29724204540252686,"[('mean shift', 0.29724204540252686), ('spatially_correlated_noise', 0.29707711935043335), ('contrast_change', 0.22777952253818512)]"
5794758875.jpg,change of color saturation,0.9999313354492188,"[('change of color saturation', 0.9999313354492188), ('jpeg_transmission_errors', 4.3611500586848706e-05), ('jpeg_compression', 4.954346877639182e-06)]"
5797735856.jpg,chromatic_aberrations,0.994421660900116,"[('chromatic_aberrations', 0.994421660900116), ('spatially_correlated_noise', 0.0028400577139109373), ('mean shift', 0.0010334330145269632)]"
5798775388.jpg,chromatic_aberrations,0.9460219144821167,"[('chromatic_aberrations', 0.9460219144821167), ('gaussian_blur', 0.028072034940123558), ('image_denoising', 0.01313658058643341)]"
5799422140.jpg,contrast_change,0.7156790494918823,"[('contrast_change', 0.7156790494918823), ('quantization_noise', 0.2793820798397064), ('color_quantization_with_dithering', 0.002598796971142292)]"
5803914327.jpg,quantization_noise,0.5597116351127625,"[('quantization_noise', 0.5597116351127625), ('chromatic_aberrations', 0.24163615703582764), ('spatially_correlated_noise', 0.13303644955158234)]"
5809947698.jpg,gaussian_blur,0.999305248260498,"[('gaussian_blur', 0.999305248260498), ('image_denoising', 0.0004904433153569698), ('chromatic_aberrations', 0.00011050397006329149)]"
5813266787.jpg,mean shift,0.6597123742103577,"[('mean shift', 0.6597123742103577), ('contrast_change', 0.27073419094085693), ('chromatic_aberrations', 0.060057759284973145)]"
5821971629.jpg,mean shift,0.999237060546875,"[('mean shift', 0.999237060546875), ('contrast_change', 0.0006411047652363777), ('chromatic_aberrations', 5.3318002755986527e-05)]"
5824082232.jpg,mean shift,0.6213837265968323,"[('mean shift', 0.6213837265968323), ('contrast_change', 0.36000317335128784), ('chromatic_aberrations', 0.011715766042470932)]"
5825243642.jpg,image_denoising,0.6550483107566833,"[('image_denoising', 0.6550483107566833), ('chromatic_aberrations', 0.30880799889564514), ('gaussian_blur', 0.020927973091602325)]"
5825508500.jpg,image_denoising,0.8803802132606506,"[('image_denoising', 0.8803802132606506), ('gaussian_blur', 0.11409270018339157), ('chromatic_aberrations', 0.003566248342394829)]"
5827032065.jpg,mean shift,0.7684942483901978,"[('mean shift', 0.7684942483901978), ('contrast_change', 0.22748622298240662), ('quantization_noise', 0.0019231162732467055)]"
5829966131.jpg,mean shift,0.9697461724281311,"[('mean shift', 0.9697461724281311), ('chromatic_aberrations', 0.023957127705216408), ('gaussian_blur', 0.004890612792223692)]"
5831302222.jpg,chromatic_aberrations,0.7691206336021423,"[('chromatic_aberrations', 0.7691206336021423), ('image_denoising', 0.19107042253017426), ('mean shift', 0.031506359577178955)]"
5844813103.jpg,mean shift,0.7678533792495728,"[('mean shift', 0.7678533792495728), ('chromatic_aberrations', 0.15054047107696533), ('image_denoising', 0.05436238273978233)]"
5846011911.jpg,spatially_correlated_noise,0.737260103225708,"[('spatially_correlated_noise', 0.737260103225708), ('additive_gaussian_noise', 0.15100215375423431), ('contrast_change', 0.07933399081230164)]"
5847946773.jpg,gaussian_blur,0.9999195337295532,"[('gaussian_blur', 0.9999195337295532), ('sparse_sampling_and_reconstruction', 3.935181302949786e-05), ('image_denoising', 1.9816168787656352e-05)]"
5849166675.jpg,contrast_change,0.9954636693000793,"[('contrast_change', 0.9954636693000793), ('mean shift', 0.0015441739233210683), ('quantization_noise', 0.0015081343008205295)]"
5850096725.jpg,chromatic_aberrations,0.7555841207504272,"[('chromatic_aberrations', 0.7555841207504272), ('image_denoising', 0.22805143892765045), ('mean shift', 0.010822581127285957)]"
5864167034.jpg,mean shift,0.9293544888496399,"[('mean shift', 0.9293544888496399), ('contrast_change', 0.07056485116481781), ('change of color saturation', 2.6913605324807577e-05)]"
5867990992.jpg,contrast_change,0.47410252690315247,"[('contrast_change', 0.47410252690315247), ('chromatic_aberrations', 0.43500638008117676), ('quantization_noise', 0.04542219638824463)]"
5871779223.jpg,mean shift,0.9974195957183838,"[('mean shift', 0.9974195957183838), ('chromatic_aberrations', 0.0015353529015555978), ('contrast_change', 0.0006191993597894907)]"
5880662445.jpg,chromatic_aberrations,0.9830600619316101,"[('chromatic_aberrations', 0.9830600619316101), ('mean shift', 0.013045575469732285), ('image_denoising', 0.0030772718600928783)]"
5884745280.jpg,change of color saturation,0.9929216504096985,"[('change of color saturation', 0.9929216504096985), ('jpeg_compression', 0.006187233608216047), ('sparse_sampling_and_reconstruction', 0.0004417902964632958)]"
5886086971.jpg,mean shift,0.8538718819618225,"[('mean shift', 0.8538718819618225), ('gaussian_blur', 0.1367810219526291), ('contrast_change', 0.00741184875369072)]"
5887130142.jpg,mean shift,0.9426224231719971,"[('mean shift', 0.9426224231719971), ('spatially_correlated_noise', 0.01855052262544632), ('chromatic_aberrations', 0.014809617772698402)]"
5887175840.jpg,jpeg2000_compression,0.7933717370033264,"[('jpeg2000_compression', 0.7933717370033264), ('jpeg_compression', 0.1519079953432083), ('change of color saturation', 0.031962309032678604)]"
5893652818.jpg,image_denoising,0.9979070425033569,"[('image_denoising', 0.9979070425033569), ('jpeg2000_compression', 0.0009245802648365498), ('chromatic_aberrations', 0.0005460387328639627)]"
5895424608.jpg,change of color saturation,0.5436758399009705,"[('change of color saturation', 0.5436758399009705), ('contrast_change', 0.41668280959129333), ('mean shift', 0.037941932678222656)]"
5897145842.jpg,mean shift,0.9692269563674927,"[('mean shift', 0.9692269563674927), ('contrast_change', 0.02020197920501232), ('gaussian_blur', 0.0023735249415040016)]"
5899300375.jpg,mean shift,0.994446873664856,"[('mean shift', 0.994446873664856), ('gaussian_blur', 0.0023901136592030525), ('chromatic_aberrations', 0.002004049252718687)]"
5899684696.jpg,contrast_change,0.4655573070049286,"[('contrast_change', 0.4655573070049286), ('jpeg2000_transmission_errors', 0.18570688366889954), ('jpeg_transmission_errors', 0.12150460481643677)]"
5901488995.jpg,image_denoising,0.8025913834571838,"[('image_denoising', 0.8025913834571838), ('comfort_noise', 0.15027713775634766), ('jpeg2000_compression', 0.03932536393404007)]"
5907004909.jpg,image_denoising,0.9872003793716431,"[('image_denoising', 0.9872003793716431), ('chromatic_aberrations', 0.009219788014888763), ('jpeg2000_compression', 0.0010377030121162534)]"
5908187685.jpg,image_denoising,0.8618826270103455,"[('image_denoising', 0.8618826270103455), ('jpeg2000_transmission_errors', 0.11820539832115173), ('chromatic_aberrations', 0.013398458249866962)]"
5909804133.jpg,chromatic_aberrations,0.9925774931907654,"[('chromatic_aberrations', 0.9925774931907654), ('mean shift', 0.004695354029536247), ('image_denoising', 0.0020889732986688614)]"
5909836930.jpg,chromatic_aberrations,0.9998548030853271,"[('chromatic_aberrations', 0.9998548030853271), ('image_denoising', 0.00011828383867396042), ('mean shift', 8.562170478398912e-06)]"
5910545670.jpg,non_eccentricity_pattern_noise,0.9785836338996887,"[('non_eccentricity_pattern_noise', 0.9785836338996887), ('jpeg_transmission_errors', 0.01845606416463852), ('jpeg2000_transmission_errors', 0.0005826404085382819)]"
5910732650.jpg,image_denoising,0.9578990936279297,"[('image_denoising', 0.9578990936279297), ('chromatic_aberrations', 0.030362000688910484), ('gaussian_blur', 0.01064673438668251)]"
5913086401.jpg,image_denoising,0.5788421630859375,"[('image_denoising', 0.5788421630859375), ('chromatic_aberrations', 0.4180232584476471), ('gaussian_blur', 0.002858140040189028)]"
5915252762.jpg,non_eccentricity_pattern_noise,0.974744439125061,"[('non_eccentricity_pattern_noise', 0.974744439125061), ('jpeg_transmission_errors', 0.021866684779524803), ('contrast_change', 0.0006252172752283514)]"
5917296642.jpg,image_denoising,0.846672534942627,"[('image_denoising', 0.846672534942627), ('quantization_noise', 0.07401522248983383), ('chromatic_aberrations', 0.0701039656996727)]"
5919030075.jpg,mean shift,0.7640939354896545,"[('mean shift', 0.7640939354896545), ('contrast_change', 0.13635976612567902), ('chromatic_aberrations', 0.09735575318336487)]"
5919706356.jpg,contrast_change,0.98164302110672,"[('contrast_change', 0.98164302110672), ('mean shift', 0.01774272322654724), ('quantization_noise', 0.00032267236383631825)]"
5922538133.jpg,comfort_noise,0.9742452502250671,"[('comfort_noise', 0.9742452502250671), ('jpeg2000_transmission_errors', 0.012917124666273594), ('contrast_change', 0.010762413032352924)]"
5924110639.jpg,mean shift,0.9843047261238098,"[('mean shift', 0.9843047261238098), ('contrast_change', 0.013114291243255138), ('chromatic_aberrations', 0.0015646409010514617)]"
5925110976.jpg,mean shift,0.5487611889839172,"[('mean shift', 0.5487611889839172), ('contrast_change', 0.1713874787092209), ('chromatic_aberrations', 0.1262306272983551)]"
5932521378.jpg,contrast_change,0.7962608337402344,"[('contrast_change', 0.7962608337402344), ('quantization_noise', 0.054579783231019974), ('spatially_correlated_noise', 0.05260155349969864)]"
5932591132.jpg,gaussian_blur,0.9637261629104614,"[('gaussian_blur', 0.9637261629104614), ('mean shift', 0.026415051892399788), ('chromatic_aberrations', 0.003791983239352703)]"
5936667753.jpg,contrast_change,0.949738085269928,"[('contrast_change', 0.949738085269928), ('quantization_noise', 0.047415222972631454), ('mean shift', 0.0016714009689167142)]"
5939994525.jpg,mean shift,0.9782876372337341,"[('mean shift', 0.9782876372337341), ('contrast_change', 0.017461704090237617), ('chromatic_aberrations', 0.0022276616655290127)]"
5941759615.jpg,change of color saturation,0.9569745063781738,"[('change of color saturation', 0.9569745063781738), ('contrast_change', 0.02516869269311428), ('mean shift', 0.009468759410083294)]"
5948782020.jpg,mean shift,0.9538164734840393,"[('mean shift', 0.9538164734840393), ('contrast_change', 0.02762191742658615), ('gaussian_blur', 0.011314693838357925)]"
5955759351.jpg,chromatic_aberrations,0.7693028450012207,"[('chromatic_aberrations', 0.7693028450012207), ('contrast_change', 0.17121945321559906), ('mean shift', 0.0562162846326828)]"
5956532834.jpg,chromatic_aberrations,0.9654190540313721,"[('chromatic_aberrations', 0.9654190540313721), ('mean shift', 0.025464892387390137), ('image_denoising', 0.005091900005936623)]"
5958950790.jpg,mean shift,0.8905112743377686,"[('mean shift', 0.8905112743377686), ('contrast_change', 0.08009827882051468), ('non_eccentricity_pattern_noise', 0.014790697023272514)]"
5959274849.jpg,comfort_noise,0.4919338822364807,"[('comfort_noise', 0.4919338822364807), ('jpeg2000_transmission_errors', 0.47140830755233765), ('contrast_change', 0.024537499994039536)]"
5960283649.jpg,spatially_correlated_noise,0.586891233921051,"[('spatially_correlated_noise', 0.586891233921051), ('quantization_noise', 0.21344724297523499), ('multiplicative_gaussian_noise', 0.08843845129013062)]"
5961872098.jpg,chromatic_aberrations,0.9742986559867859,"[('chromatic_aberrations', 0.9742986559867859), ('mean shift', 0.012933666817843914), ('image_denoising', 0.011243513785302639)]"
5962747.jpg,chromatic_aberrations,0.9327062368392944,"[('chromatic_aberrations', 0.9327062368392944), ('mean shift', 0.04104006662964821), ('image_denoising', 0.009172997437417507)]"
5963098166.jpg,chromatic_aberrations,0.9650095701217651,"[('chromatic_aberrations', 0.9650095701217651), ('image_denoising', 0.02140756882727146), ('contrast_change', 0.005876216571778059)]"
5963776272.jpg,chromatic_aberrations,0.8767954707145691,"[('chromatic_aberrations', 0.8767954707145691), ('mean shift', 0.08404742926359177), ('image_denoising', 0.016148513182997704)]"
5964655534.jpg,jpeg2000_compression,0.9522414207458496,"[('jpeg2000_compression', 0.9522414207458496), ('image_denoising', 0.02306622453033924), ('gaussian_blur', 0.019220653921365738)]"
5965591233.jpg,chromatic_aberrations,0.9998251795768738,"[('chromatic_aberrations', 0.9998251795768738), ('mean shift', 5.610735752270557e-05), ('image_denoising', 5.2318708185339347e-05)]"
5966778623.jpg,chromatic_aberrations,0.8954428434371948,"[('chromatic_aberrations', 0.8954428434371948), ('quantization_noise', 0.0881880596280098), ('mean shift', 0.008035329170525074)]"
5969471767.jpg,change of color saturation,0.9999828338623047,"[('change of color saturation', 0.9999828338623047), ('jpeg_transmission_errors', 1.0554646905802656e-05), ('contrast_change', 3.009276497323299e-06)]"
5973209084.jpg,image_denoising,0.5013782978057861,"[('image_denoising', 0.5013782978057861), ('gaussian_blur', 0.4803908169269562), ('chromatic_aberrations', 0.017317315563559532)]"
5974147290.jpg,chromatic_aberrations,0.9267008304595947,"[('chromatic_aberrations', 0.9267008304595947), ('mean shift', 0.059058528393507004), ('contrast_change', 0.010196751914918423)]"
5974719661.jpg,chromatic_aberrations,0.9997723698616028,"[('chromatic_aberrations', 0.9997723698616028), ('mean shift', 0.00010618958913255483), ('image_denoising', 8.470799366477877e-05)]"
5975565227.jpg,mean shift,0.9465932250022888,"[('mean shift', 0.9465932250022888), ('contrast_change', 0.026084693148732185), ('chromatic_aberrations', 0.02190280333161354)]"
5980262015.jpg,change of color saturation,0.9999587535858154,"[('change of color saturation', 0.9999587535858154), ('jpeg_transmission_errors', 1.7176245819428004e-05), ('contrast_change', 1.4540663869411219e-05)]"
5984121563.jpg,chromatic_aberrations,0.9943601489067078,"[('chromatic_aberrations', 0.9943601489067078), ('image_denoising', 0.00429173931479454), ('mean shift', 0.0008258363232016563)]"
5995809590.jpg,contrast_change,0.9779959917068481,"[('contrast_change', 0.9779959917068481), ('quantization_noise', 0.014004088938236237), ('non_eccentricity_pattern_noise', 0.005056849215179682)]"
5996831643.jpg,gaussian_blur,0.9991069436073303,"[('gaussian_blur', 0.9991069436073303), ('image_denoising', 0.0004783138574566692), ('jpeg2000_compression', 0.0002408776490483433)]"
5998921543.jpg,chromatic_aberrations,0.9342934489250183,"[('chromatic_aberrations', 0.9342934489250183), ('mean shift', 0.03717787563800812), ('image_denoising', 0.02568000741302967)]"
5999140032.jpg,comfort_noise,0.9850248098373413,"[('comfort_noise', 0.9850248098373413), ('contrast_change', 0.014515066519379616), ('jpeg2000_transmission_errors', 0.00015755443018861115)]"
5999303076.jpg,mean shift,0.9923031330108643,"[('mean shift', 0.9923031330108643), ('contrast_change', 0.00743749737739563), ('gaussian_blur', 0.00013426922669168562)]"
5999450318.jpg,mean shift,0.9988406300544739,"[('mean shift', 0.9988406300544739), ('contrast_change', 0.0006938361329957843), ('chromatic_aberrations', 0.00024299442884512246)]"
6000377344.jpg,image_denoising,0.8410441279411316,"[('image_denoising', 0.8410441279411316), ('chromatic_aberrations', 0.07134336978197098), ('jpeg2000_transmission_errors', 0.04111632704734802)]"
6001444866.jpg,mean shift,0.3625321388244629,"[('mean shift', 0.3625321388244629), ('multiplicative_gaussian_noise', 0.22690874338150024), ('chromatic_aberrations', 0.12613725662231445)]"
6001560793.jpg,jpeg2000_compression,0.6163381934165955,"[('jpeg2000_compression', 0.6163381934165955), ('sparse_sampling_and_reconstruction', 0.361156165599823), ('change of color saturation', 0.01592322252690792)]"
6001836316.jpg,contrast_change,0.38790062069892883,"[('contrast_change', 0.38790062069892883), ('jpeg2000_transmission_errors', 0.33769726753234863), ('color_quantization_with_dithering', 0.233167827129364)]"
6003830397.jpg,change of color saturation,0.6242920756340027,"[('change of color saturation', 0.6242920756340027), ('mean shift', 0.22418910264968872), ('contrast_change', 0.06123006343841553)]"
6003925442.jpg,spatially_correlated_noise,0.7914648056030273,"[('spatially_correlated_noise', 0.7914648056030273), ('lossy_compression_of_color_images', 0.05025433748960495), ('chromatic_aberrations', 0.036409761756658554)]"
6006544496.jpg,change of color saturation,0.9999721050262451,"[('change of color saturation', 0.9999721050262451), ('jpeg_transmission_errors', 1.4700900464958977e-05), ('jpeg_compression', 6.042357654223451e-06)]"
6007032209.jpg,gaussian_blur,0.981896162033081,"[('gaussian_blur', 0.981896162033081), ('image_denoising', 0.011868978850543499), ('chromatic_aberrations', 0.003720149165019393)]"
6008267730.jpg,gaussian_blur,0.655006468296051,"[('gaussian_blur', 0.655006468296051), ('sparse_sampling_and_reconstruction', 0.33319199085235596), ('jpeg2000_compression', 0.010920809581875801)]"
6011182310.jpg,chromatic_aberrations,0.9976733326911926,"[('chromatic_aberrations', 0.9976733326911926), ('image_denoising', 0.0009780765976756811), ('contrast_change', 0.0008793354500085115)]"
6011443641.jpg,image_denoising,0.9995763897895813,"[('image_denoising', 0.9995763897895813), ('chromatic_aberrations', 0.00016778893768787384), ('gaussian_blur', 0.00010608719458105043)]"
6012494248.jpg,multiplicative_gaussian_noise,0.5667458772659302,"[('multiplicative_gaussian_noise', 0.5667458772659302), ('contrast_change', 0.1297374963760376), ('quantization_noise', 0.08099599182605743)]"
6013203590.jpg,image_denoising,0.22804787755012512,"[('image_denoising', 0.22804787755012512), ('quantization_noise', 0.18464811146259308), ('spatially_correlated_noise', 0.1402602195739746)]"
6014996044.jpg,chromatic_aberrations,0.9991655349731445,"[('chromatic_aberrations', 0.9991655349731445), ('image_denoising', 0.000775206193793565), ('mean shift', 3.613829903770238e-05)]"
6015032576.jpg,mean shift,0.8851684927940369,"[('mean shift', 0.8851684927940369), ('chromatic_aberrations', 0.09708267450332642), ('contrast_change', 0.00954914465546608)]"
6018448805.jpg,chromatic_aberrations,0.861995279788971,"[('chromatic_aberrations', 0.861995279788971), ('contrast_change', 0.08945804834365845), ('image_denoising', 0.03082798235118389)]"
6019043810.jpg,contrast_change,0.9722193479537964,"[('contrast_change', 0.9722193479537964), ('quantization_noise', 0.01604411192238331), ('chromatic_aberrations', 0.008648581802845001)]"
6019255824.jpg,image_denoising,0.9375647306442261,"[('image_denoising', 0.9375647306442261), ('contrast_change', 0.04035300761461258), ('chromatic_aberrations', 0.008649222552776337)]"
6019945837.jpg,contrast_change,0.7305865287780762,"[('contrast_change', 0.7305865287780762), ('mean shift', 0.263252317905426), ('quantization_noise', 0.0038976839277893305)]"
6021481506.jpg,chromatic_aberrations,0.999136745929718,"[('chromatic_aberrations', 0.999136745929718), ('image_denoising', 0.0005037830560468137), ('spatially_correlated_noise', 0.00016357914137188345)]"
6022378177.jpg,contrast_change,0.744338870048523,"[('contrast_change', 0.744338870048523), ('mean shift', 0.2549930810928345), ('quantization_noise', 0.00018349461606703699)]"
6022545118.jpg,mean shift,0.9782761931419373,"[('mean shift', 0.9782761931419373), ('contrast_change', 0.015574474819004536), ('chromatic_aberrations', 0.0035160284023731947)]"
6024552297.jpg,contrast_change,0.9888129830360413,"[('contrast_change', 0.9888129830360413), ('quantization_noise', 0.008502678014338017), ('mean shift', 0.0016677230596542358)]"
6024842797.jpg,chromatic_aberrations,0.48950672149658203,"[('chromatic_aberrations', 0.48950672149658203), ('gaussian_blur', 0.367696613073349), ('image_denoising', 0.11527454107999802)]"
6025425827.jpg,contrast_change,0.7582281827926636,"[('contrast_change', 0.7582281827926636), ('chromatic_aberrations', 0.13694912195205688), ('jpeg2000_transmission_errors', 0.06174113228917122)]"
6026481577.jpg,image_denoising,0.9325463771820068,"[('image_denoising', 0.9325463771820068), ('chromatic_aberrations', 0.0534643717110157), ('quantization_noise', 0.013490935787558556)]"
6027079771.jpg,mean shift,0.8192877173423767,"[('mean shift', 0.8192877173423767), ('contrast_change', 0.16166484355926514), ('quantization_noise', 0.009079392068088055)]"
6027592169.jpg,mean shift,0.6692966818809509,"[('mean shift', 0.6692966818809509), ('contrast_change', 0.1446795016527176), ('change of color saturation', 0.09136305004358292)]"
6027700445.jpg,impulse_noise,0.9304579496383667,"[('impulse_noise', 0.9304579496383667), ('color_quantization_with_dithering', 0.052500784397125244), ('jpeg_transmission_errors', 0.007384689524769783)]"
6028150139.jpg,chromatic_aberrations,0.9319502115249634,"[('chromatic_aberrations', 0.9319502115249634), ('image_denoising', 0.06613307446241379), ('mean shift', 0.000854832527693361)]"
6028637115.jpg,chromatic_aberrations,0.5437745451927185,"[('chromatic_aberrations', 0.5437745451927185), ('image_denoising', 0.2636778950691223), ('mean shift', 0.18294037878513336)]"
6034305010.jpg,mean shift,0.5508689284324646,"[('mean shift', 0.5508689284324646), ('chromatic_aberrations', 0.42854851484298706), ('contrast_change', 0.016742203384637833)]"
6038295974.jpg,image_denoising,0.9718115329742432,"[('image_denoising', 0.9718115329742432), ('chromatic_aberrations', 0.021129975095391273), ('quantization_noise', 0.004160752519965172)]"
6038701648.jpg,chromatic_aberrations,0.9977420568466187,"[('chromatic_aberrations', 0.9977420568466187), ('image_denoising', 0.0021815758664160967), ('mean shift', 2.413025504210964e-05)]"
6040260022.jpg,image_denoising,0.36834535002708435,"[('image_denoising', 0.36834535002708435), ('gaussian_blur', 0.3071976900100708), ('chromatic_aberrations', 0.16841931641101837)]"
6048178491.jpg,image_denoising,0.9995809197425842,"[('image_denoising', 0.9995809197425842), ('quantization_noise', 0.000223926967009902), ('chromatic_aberrations', 0.0001384609058732167)]"
6050570749.jpg,gaussian_blur,0.7604961395263672,"[('gaussian_blur', 0.7604961395263672), ('image_denoising', 0.2031317949295044), ('jpeg2000_transmission_errors', 0.022337328642606735)]"
6056249968.jpg,quantization_noise,0.8561686873435974,"[('quantization_noise', 0.8561686873435974), ('contrast_change', 0.06982675194740295), ('image_denoising', 0.03429912403225899)]"
6061619361.jpg,image_denoising,0.9893641471862793,"[('image_denoising', 0.9893641471862793), ('comfort_noise', 0.003997738938778639), ('jpeg2000_transmission_errors', 0.0035510896705091)]"
6063545051.jpg,gaussian_blur,0.8070515990257263,"[('gaussian_blur', 0.8070515990257263), ('chromatic_aberrations', 0.1444714069366455), ('image_denoising', 0.038136035203933716)]"
6071037995.jpg,change of color saturation,0.9930958151817322,"[('change of color saturation', 0.9930958151817322), ('mean shift', 0.004628670867532492), ('contrast_change', 0.001435053301975131)]"
6071930227.jpg,chromatic_aberrations,0.9987815022468567,"[('chromatic_aberrations', 0.9987815022468567), ('image_denoising', 0.0011680658208206296), ('spatially_correlated_noise', 3.211399962310679e-05)]"
6074911475.jpg,mean shift,0.8911615610122681,"[('mean shift', 0.8911615610122681), ('contrast_change', 0.10837622731924057), ('non_eccentricity_pattern_noise', 0.00031009604572318494)]"
6077930890.jpg,mean shift,0.9577617645263672,"[('mean shift', 0.9577617645263672), ('contrast_change', 0.03858703374862671), ('non_eccentricity_pattern_noise', 0.0008338663028553128)]"
6084731334.jpg,contrast_change,0.8200650811195374,"[('contrast_change', 0.8200650811195374), ('mean shift', 0.11020710319280624), ('chromatic_aberrations', 0.0367550365626812)]"
6095610288.jpg,mean shift,0.9614795446395874,"[('mean shift', 0.9614795446395874), ('multiplicative_gaussian_noise', 0.020093321800231934), ('chromatic_aberrations', 0.006024406757205725)]"
6095633645.jpg,chromatic_aberrations,0.8185338973999023,"[('chromatic_aberrations', 0.8185338973999023), ('quantization_noise', 0.07544583082199097), ('contrast_change', 0.07008146494626999)]"
6096713881.jpg,contrast_change,0.4962293803691864,"[('contrast_change', 0.4962293803691864), ('quantization_noise', 0.33215516805648804), ('non_eccentricity_pattern_noise', 0.11005298793315887)]"
6098120607.jpg,gaussian_blur,0.9884058237075806,"[('gaussian_blur', 0.9884058237075806), ('mean shift', 0.006997135002166033), ('image_denoising', 0.002582428976893425)]"
6098553690.jpg,chromatic_aberrations,0.9928557872772217,"[('chromatic_aberrations', 0.9928557872772217), ('image_denoising', 0.003321605734527111), ('contrast_change', 0.0012691929005086422)]"
6099389158.jpg,jpeg_transmission_errors,0.43938466906547546,"[('jpeg_transmission_errors', 0.43938466906547546), ('jpeg2000_transmission_errors', 0.1881624013185501), ('change of color saturation', 0.17527730762958527)]"
6103897334.jpg,image_denoising,0.967881977558136,"[('image_denoising', 0.967881977558136), ('quantization_noise', 0.019526200369000435), ('chromatic_aberrations', 0.010275142267346382)]"
6107838272.jpg,contrast_change,0.9667636156082153,"[('contrast_change', 0.9667636156082153), ('quantization_noise', 0.0318358950316906), ('chromatic_aberrations', 0.000655249459668994)]"
6111148526.jpg,gaussian_blur,0.999643087387085,"[('gaussian_blur', 0.999643087387085), ('chromatic_aberrations', 0.00013347405183594674), ('contrast_change', 6.79662189213559e-05)]"
6114724699.jpg,mean shift,0.9978916049003601,"[('mean shift', 0.9978916049003601), ('contrast_change', 0.0019342962186783552), ('chromatic_aberrations', 0.00015846204769331962)]"
611785273.jpg,mean shift,0.5810750126838684,"[('mean shift', 0.5810750126838684), ('gaussian_blur', 0.3112066984176636), ('image_denoising', 0.062115829437971115)]"
6118739597.jpg,mean shift,0.961523711681366,"[('mean shift', 0.961523711681366), ('contrast_change', 0.036930061876773834), ('gaussian_blur', 0.0010165296262130141)]"
6120678876.jpg,image_denoising,0.5056516528129578,"[('image_denoising', 0.5056516528129578), ('chromatic_aberrations', 0.4417022466659546), ('quantization_noise', 0.02347835898399353)]"
6121672426.jpg,non_eccentricity_pattern_noise,0.9471586346626282,"[('non_eccentricity_pattern_noise', 0.9471586346626282), ('mean shift', 0.03387189283967018), ('contrast_change', 0.01800389029085636)]"
6122580003.jpg,chromatic_aberrations,0.99224454164505,"[('chromatic_aberrations', 0.99224454164505), ('image_denoising', 0.0044310372322797775), ('quantization_noise', 0.0028282187413424253)]"
6127342377.jpg,image_denoising,0.7612277269363403,"[('image_denoising', 0.7612277269363403), ('chromatic_aberrations', 0.10106077045202255), ('contrast_change', 0.07342220097780228)]"
6128176020.jpg,gaussian_blur,0.6577593088150024,"[('gaussian_blur', 0.6577593088150024), ('mean shift', 0.2766110599040985), ('chromatic_aberrations', 0.05050774663686752)]"
6128487555.jpg,contrast_change,0.7452801465988159,"[('contrast_change', 0.7452801465988159), ('mean shift', 0.2525809407234192), ('local_block-wise_distortions', 0.0005883066914975643)]"
6130471976.jpg,chromatic_aberrations,0.9926733374595642,"[('chromatic_aberrations', 0.9926733374595642), ('image_denoising', 0.0036561936140060425), ('quantization_noise', 0.002746779005974531)]"
6132160018.jpg,chromatic_aberrations,0.6551935076713562,"[('chromatic_aberrations', 0.6551935076713562), ('mean shift', 0.1971592903137207), ('spatially_correlated_noise', 0.059844255447387695)]"
6135085548.jpg,quantization_noise,0.8073583245277405,"[('quantization_noise', 0.8073583245277405), ('contrast_change', 0.19073401391506195), ('multiplicative_gaussian_noise', 0.0006966796354390681)]"
6136695263.jpg,mean shift,0.9915820956230164,"[('mean shift', 0.9915820956230164), ('contrast_change', 0.00834491103887558), ('chromatic_aberrations', 3.209144051652402e-05)]"
6139148199.jpg,mean shift,0.8631126880645752,"[('mean shift', 0.8631126880645752), ('contrast_change', 0.10302993655204773), ('non_eccentricity_pattern_noise', 0.008117949590086937)]"
6142185721.jpg,mean shift,0.9978206157684326,"[('mean shift', 0.9978206157684326), ('chromatic_aberrations', 0.0013393525732681155), ('contrast_change', 0.00046181451762095094)]"
6143005598.jpg,gaussian_blur,0.6175870299339294,"[('gaussian_blur', 0.6175870299339294), ('image_denoising', 0.3581635355949402), ('chromatic_aberrations', 0.02394835464656353)]"
6143698715.jpg,gaussian_blur,0.9984392523765564,"[('gaussian_blur', 0.9984392523765564), ('image_denoising', 0.0014934171922504902), ('chromatic_aberrations', 2.0855935872532427e-05)]"
6144141675.jpg,impulse_noise,0.9892910122871399,"[('impulse_noise', 0.9892910122871399), ('jpeg_transmission_errors', 0.00391332246363163), ('color_quantization_with_dithering', 0.002778863301500678)]"
6144182512.jpg,mean shift,0.6403125524520874,"[('mean shift', 0.6403125524520874), ('change of color saturation', 0.24301181733608246), ('contrast_change', 0.07539249956607819)]"
615034576.jpg,image_denoising,0.635537326335907,"[('image_denoising', 0.635537326335907), ('gaussian_blur', 0.2991969585418701), ('chromatic_aberrations', 0.047315482050180435)]"
6153962968.jpg,chromatic_aberrations,0.8556085824966431,"[('chromatic_aberrations', 0.8556085824966431), ('mean shift', 0.10999927669763565), ('quantization_noise', 0.008499226532876492)]"
6154151584.jpg,chromatic_aberrations,0.5917603969573975,"[('chromatic_aberrations', 0.5917603969573975), ('mean shift', 0.3252093195915222), ('contrast_change', 0.050070326775312424)]"
6158806771.jpg,chromatic_aberrations,0.9923626184463501,"[('chromatic_aberrations', 0.9923626184463501), ('image_denoising', 0.006006414070725441), ('mean shift', 0.0012453331146389246)]"
6160253188.jpg,contrast_change,0.6459829807281494,"[('contrast_change', 0.6459829807281494), ('spatially_correlated_noise', 0.2120594084262848), ('jpeg2000_transmission_errors', 0.043637439608573914)]"
6160448268.jpg,quantization_noise,0.7146546840667725,"[('quantization_noise', 0.7146546840667725), ('chromatic_aberrations', 0.22887296974658966), ('mean shift', 0.04408624395728111)]"
6160450342.jpg,chromatic_aberrations,0.48380473256111145,"[('chromatic_aberrations', 0.48380473256111145), ('mean shift', 0.4369809329509735), ('quantization_noise', 0.054216716438531876)]"
6166445475.jpg,mean shift,0.546133816242218,"[('mean shift', 0.546133816242218), ('contrast_change', 0.4504910409450531), ('change of color saturation', 0.0023195892572402954)]"
6166626410.jpg,non_eccentricity_pattern_noise,0.9439617991447449,"[('non_eccentricity_pattern_noise', 0.9439617991447449), ('contrast_change', 0.038379259407520294), ('jpeg2000_transmission_errors', 0.007383364252746105)]"
616692637.jpg,mean shift,0.5455817580223083,"[('mean shift', 0.5455817580223083), ('chromatic_aberrations', 0.22887030243873596), ('contrast_change', 0.15709812939167023)]"
6167276187.jpg,image_denoising,0.7226498126983643,"[('image_denoising', 0.7226498126983643), ('chromatic_aberrations', 0.2766217589378357), ('gaussian_blur', 0.00041288195643574)]"
6171193930.jpg,mean shift,0.9924894571304321,"[('mean shift', 0.9924894571304321), ('chromatic_aberrations', 0.0025207526050508022), ('contrast_change', 0.0018830178305506706)]"
6172964730.jpg,spatially_correlated_noise,0.9999179840087891,"[('spatially_correlated_noise', 0.9999179840087891), ('additive_noise_in_color_components', 2.8300220947130583e-05), ('chromatic_aberrations', 2.6342955607105978e-05)]"
61745002.jpg,chromatic_aberrations,0.8355061411857605,"[('chromatic_aberrations', 0.8355061411857605), ('image_denoising', 0.15451183915138245), ('mean shift', 0.00616976385936141)]"
6176401677.jpg,gaussian_blur,0.9981654286384583,"[('gaussian_blur', 0.9981654286384583), ('contrast_change', 0.0015290853334590793), ('mean shift', 0.00014563565491698682)]"
6183915148.jpg,contrast_change,0.7604230046272278,"[('contrast_change', 0.7604230046272278), ('gaussian_blur', 0.12815213203430176), ('mean shift', 0.09714236855506897)]"
6186608340.jpg,chromatic_aberrations,0.51253342628479,"[('chromatic_aberrations', 0.51253342628479), ('image_denoising', 0.4855538308620453), ('gaussian_blur', 0.0007944080862216651)]"
6188375845.jpg,contrast_change,0.5928410887718201,"[('contrast_change', 0.5928410887718201), ('chromatic_aberrations', 0.18160782754421234), ('quantization_noise', 0.14300169050693512)]"
6199923383.jpg,change of color saturation,0.9999568462371826,"[('change of color saturation', 0.9999568462371826), ('jpeg_transmission_errors', 3.176769314450212e-05), ('contrast_change', 7.117947006918257e-06)]"
62049415.jpg,mean shift,0.8930057883262634,"[('mean shift', 0.8930057883262634), ('contrast_change', 0.0953422412276268), ('chromatic_aberrations', 0.009187581948935986)]"
6206537563.jpg,quantization_noise,0.9144667983055115,"[('quantization_noise', 0.9144667983055115), ('chromatic_aberrations', 0.049432750791311264), ('contrast_change', 0.034317485988140106)]"
6208184332.jpg,contrast_change,0.9986135959625244,"[('contrast_change', 0.9986135959625244), ('jpeg2000_transmission_errors', 0.000567567243706435), ('quantization_noise', 0.00045612530084326863)]"
6210436753.jpg,quantization_noise,0.46344682574272156,"[('quantization_noise', 0.46344682574272156), ('contrast_change', 0.4139845371246338), ('spatially_correlated_noise', 0.07129820436239243)]"
6221634862.jpg,mean shift,0.5165289044380188,"[('mean shift', 0.5165289044380188), ('chromatic_aberrations', 0.25204020738601685), ('image_denoising', 0.1910826712846756)]"
6224309834.jpg,image_denoising,0.9061297178268433,"[('image_denoising', 0.9061297178268433), ('gaussian_blur', 0.09042041748762131), ('chromatic_aberrations', 0.0031607537530362606)]"
6224567547.jpg,mean shift,0.9509410858154297,"[('mean shift', 0.9509410858154297), ('chromatic_aberrations', 0.04596433788537979), ('gaussian_blur', 0.0012034079991281033)]"
6224584485.jpg,chromatic_aberrations,0.9996111989021301,"[('chromatic_aberrations', 0.9996111989021301), ('image_denoising', 0.00032997343805618584), ('mean shift', 2.6394263841211796e-05)]"
6225884368.jpg,chromatic_aberrations,0.6423860192298889,"[('chromatic_aberrations', 0.6423860192298889), ('gaussian_blur', 0.3309672772884369), ('image_denoising', 0.015051472000777721)]"
6227951538.jpg,quantization_noise,0.8779047131538391,"[('quantization_noise', 0.8779047131538391), ('contrast_change', 0.0922088623046875), ('chromatic_aberrations', 0.028125036507844925)]"
6228242896.jpg,contrast_change,0.9621554613113403,"[('contrast_change', 0.9621554613113403), ('quantization_noise', 0.03720691800117493), ('jpeg2000_transmission_errors', 0.0002201538736699149)]"
6237287200.jpg,chromatic_aberrations,0.9920805096626282,"[('chromatic_aberrations', 0.9920805096626282), ('quantization_noise', 0.005594885908067226), ('image_denoising', 0.0015477482229471207)]"
6238203210.jpg,mean shift,0.7312192916870117,"[('mean shift', 0.7312192916870117), ('chromatic_aberrations', 0.25439000129699707), ('contrast_change', 0.009884597733616829)]"
6239948477.jpg,mean shift,0.9818785786628723,"[('mean shift', 0.9818785786628723), ('contrast_change', 0.014977014623582363), ('gaussian_blur', 0.002704846439883113)]"
6243772733.jpg,image_denoising,0.975739598274231,"[('image_denoising', 0.975739598274231), ('gaussian_blur', 0.01322515681385994), ('jpeg2000_transmission_errors', 0.007377514149993658)]"
6244943274.jpg,jpeg_transmission_errors,0.9990133047103882,"[('jpeg_transmission_errors', 0.9990133047103882), ('comfort_noise', 0.0005545414751395583), ('jpeg2000_transmission_errors', 0.0002747389953583479)]"
6246977871.jpg,chromatic_aberrations,0.7860091328620911,"[('chromatic_aberrations', 0.7860091328620911), ('image_denoising', 0.2131626307964325), ('jpeg2000_compression', 0.0003017798298969865)]"
62503983.jpg,mean shift,0.9987046718597412,"[('mean shift', 0.9987046718597412), ('contrast_change', 0.00107032700907439), ('chromatic_aberrations', 7.560476660728455e-05)]"
6251689254.jpg,contrast_change,0.6814931035041809,"[('contrast_change', 0.6814931035041809), ('quantization_noise', 0.260210245847702), ('chromatic_aberrations', 0.05576741322875023)]"
6252006096.jpg,jpeg2000_transmission_errors,0.9819204211235046,"[('jpeg2000_transmission_errors', 0.9819204211235046), ('mean shift', 0.006500850897282362), ('non_eccentricity_pattern_noise', 0.0038939525838941336)]"
6252913864.jpg,mean shift,0.8637349009513855,"[('mean shift', 0.8637349009513855), ('contrast_change', 0.1358499675989151), ('non_eccentricity_pattern_noise', 0.0001416468876414001)]"
6253185409.jpg,contrast_change,0.669974684715271,"[('contrast_change', 0.669974684715271), ('mean shift', 0.3292768597602844), ('non_eccentricity_pattern_noise', 0.00022794713731855154)]"
6257410462.jpg,jpeg2000_transmission_errors,0.9885013103485107,"[('jpeg2000_transmission_errors', 0.9885013103485107), ('contrast_change', 0.00945316068828106), ('comfort_noise', 0.0010630612960085273)]"
6257550303.jpg,impulse_noise,0.2931736707687378,"[('impulse_noise', 0.2931736707687378), ('jpeg_transmission_errors', 0.18431544303894043), ('non_eccentricity_pattern_noise', 0.1322222650051117)]"
6258118545.jpg,image_denoising,0.9932852983474731,"[('image_denoising', 0.9932852983474731), ('jpeg2000_transmission_errors', 0.003847715677693486), ('chromatic_aberrations', 0.0019945872481912374)]"
6258336058.jpg,chromatic_aberrations,0.9886106848716736,"[('chromatic_aberrations', 0.9886106848716736), ('image_denoising', 0.0061497255228459835), ('mean shift', 0.0025087445974349976)]"
6259163279.jpg,mean shift,0.9929601550102234,"[('mean shift', 0.9929601550102234), ('contrast_change', 0.006007320247590542), ('chromatic_aberrations', 0.0007130386657081544)]"
6259804978.jpg,chromatic_aberrations,0.3668076694011688,"[('chromatic_aberrations', 0.3668076694011688), ('mean shift', 0.24556834995746613), ('spatially_correlated_noise', 0.1980939656496048)]"
6264153932.jpg,quantization_noise,0.6188900470733643,"[('quantization_noise', 0.6188900470733643), ('chromatic_aberrations', 0.282405823469162), ('contrast_change', 0.08505000174045563)]"
6264326921.jpg,image_denoising,0.5264599323272705,"[('image_denoising', 0.5264599323272705), ('chromatic_aberrations', 0.43097373843193054), ('contrast_change', 0.02427315153181553)]"
6264868738.jpg,contrast_change,0.6206912398338318,"[('contrast_change', 0.6206912398338318), ('jpeg2000_transmission_errors', 0.2616433799266815), ('image_denoising', 0.049653567373752594)]"
6272884743.jpg,mean shift,0.7925611734390259,"[('mean shift', 0.7925611734390259), ('contrast_change', 0.19604109227657318), ('chromatic_aberrations', 0.003302676836028695)]"
6273784733.jpg,contrast_change,0.8698676824569702,"[('contrast_change', 0.8698676824569702), ('quantization_noise', 0.09086783975362778), ('mean shift', 0.0374457910656929)]"
6275790989.jpg,contrast_change,0.8918190002441406,"[('contrast_change', 0.8918190002441406), ('spatially_correlated_noise', 0.05776379257440567), ('jpeg2000_transmission_errors', 0.022999785840511322)]"
6276334186.jpg,chromatic_aberrations,0.5071921348571777,"[('chromatic_aberrations', 0.5071921348571777), ('mean shift', 0.4774326682090759), ('image_denoising', 0.006308333948254585)]"
6278202326.jpg,chromatic_aberrations,0.9973886609077454,"[('chromatic_aberrations', 0.9973886609077454), ('quantization_noise', 0.002319067483767867), ('image_denoising', 9.439662971999496e-05)]"
6284871746.jpg,chromatic_aberrations,0.8576580286026001,"[('chromatic_aberrations', 0.8576580286026001), ('quantization_noise', 0.13393189013004303), ('image_denoising', 0.004089860711246729)]"
6289164461.jpg,quantization_noise,0.9946245551109314,"[('quantization_noise', 0.9946245551109314), ('chromatic_aberrations', 0.003289581276476383), ('contrast_change', 0.0015542855253443122)]"
6292365384.jpg,contrast_change,0.8264099955558777,"[('contrast_change', 0.8264099955558777), ('mean shift', 0.17127957940101624), ('jpeg2000_transmission_errors', 0.0006128640961833298)]"
6293629106.jpg,chromatic_aberrations,0.9786778688430786,"[('chromatic_aberrations', 0.9786778688430786), ('mean shift', 0.01990668661892414), ('contrast_change', 0.0006025558686815202)]"
629401204.jpg,jpeg_transmission_errors,0.6885814666748047,"[('jpeg_transmission_errors', 0.6885814666748047), ('jpeg2000_transmission_errors', 0.2041163295507431), ('comfort_noise', 0.0492766834795475)]"
6302152017.jpg,change of color saturation,0.6786675453186035,"[('change of color saturation', 0.6786675453186035), ('mean shift', 0.15458209812641144), ('contrast_change', 0.12267699837684631)]"
6302283687.jpg,contrast_change,0.9994858503341675,"[('contrast_change', 0.9994858503341675), ('mean shift', 0.00019271104247309268), ('quantization_noise', 0.0001780754973879084)]"
6303415659.jpg,contrast_change,0.5863915681838989,"[('contrast_change', 0.5863915681838989), ('mean shift', 0.23272058367729187), ('comfort_noise', 0.06320276856422424)]"
6303418704.jpg,image_denoising,0.8443896174430847,"[('image_denoising', 0.8443896174430847), ('quantization_noise', 0.10776054859161377), ('multiplicative_gaussian_noise', 0.03385602682828903)]"
6304784314.jpg,mean shift,0.9800255298614502,"[('mean shift', 0.9800255298614502), ('chromatic_aberrations', 0.014449326321482658), ('contrast_change', 0.0036152591928839684)]"
6305224063.jpg,chromatic_aberrations,0.9993857145309448,"[('chromatic_aberrations', 0.9993857145309448), ('quantization_noise', 0.0003601403150241822), ('image_denoising', 0.00015557266306132078)]"
6305619763.jpg,contrast_change,0.5658863186836243,"[('contrast_change', 0.5658863186836243), ('quantization_noise', 0.2675683796405792), ('chromatic_aberrations', 0.14046163856983185)]"
6309109435.jpg,mean shift,0.7078854441642761,"[('mean shift', 0.7078854441642761), ('contrast_change', 0.2877780795097351), ('chromatic_aberrations', 0.0013604795094579458)]"
6310649828.jpg,image_denoising,0.922382116317749,"[('image_denoising', 0.922382116317749), ('gaussian_blur', 0.07267017662525177), ('chromatic_aberrations', 0.004313797689974308)]"
6317292405.jpg,quantization_noise,0.9883389472961426,"[('quantization_noise', 0.9883389472961426), ('contrast_change', 0.009971141815185547), ('mean shift', 0.0005140156717970967)]"
6318611647.jpg,comfort_noise,0.4752911329269409,"[('comfort_noise', 0.4752911329269409), ('contrast_change', 0.2644752860069275), ('lossy_compression_of_color_images', 0.15688112378120422)]"
6321269427.jpg,chromatic_aberrations,0.6865324378013611,"[('chromatic_aberrations', 0.6865324378013611), ('mean shift', 0.3073519766330719), ('image_denoising', 0.004385892301797867)]"
6326886913.jpg,gaussian_blur,0.9994339346885681,"[('gaussian_blur', 0.9994339346885681), ('sparse_sampling_and_reconstruction', 0.0002417741052340716), ('contrast_change', 0.00015882083971519023)]"
6329144585.jpg,image_denoising,0.7065978050231934,"[('image_denoising', 0.7065978050231934), ('chromatic_aberrations', 0.290298730134964), ('mean shift', 0.0019256019731983542)]"
6329859114.jpg,chromatic_aberrations,0.4321781098842621,"[('chromatic_aberrations', 0.4321781098842621), ('sparse_sampling_and_reconstruction', 0.37804660201072693), ('jpeg_transmission_errors', 0.07359515130519867)]"
6332883956.jpg,spatially_correlated_noise,0.6438060402870178,"[('spatially_correlated_noise', 0.6438060402870178), ('chromatic_aberrations', 0.3215411603450775), ('image_denoising', 0.024734128266572952)]"
6335908367.jpg,mean shift,0.979598879814148,"[('mean shift', 0.979598879814148), ('contrast_change', 0.01813114620745182), ('chromatic_aberrations', 0.0013953904854133725)]"
6337822588.jpg,change of color saturation,0.7309810519218445,"[('change of color saturation', 0.7309810519218445), ('jpeg_transmission_errors', 0.24288174510002136), ('sparse_sampling_and_reconstruction', 0.016509490087628365)]"
6340619552.jpg,contrast_change,0.9357857704162598,"[('contrast_change', 0.9357857704162598), ('mean shift', 0.061939138919115067), ('change of color saturation', 0.0014408155111595988)]"
6340836746.jpg,chromatic_aberrations,0.5757393836975098,"[('chromatic_aberrations', 0.5757393836975098), ('quantization_noise', 0.3159891963005066), ('mean shift', 0.06275045871734619)]"
6351773844.jpg,chromatic_aberrations,0.9808963537216187,"[('chromatic_aberrations', 0.9808963537216187), ('quantization_noise', 0.012199321761727333), ('image_denoising', 0.006625787820667028)]"
6354614287.jpg,gaussian_blur,0.4923705756664276,"[('gaussian_blur', 0.4923705756664276), ('image_denoising', 0.4644407033920288), ('jpeg2000_compression', 0.02551417611539364)]"
6366586615.jpg,chromatic_aberrations,0.9901813864707947,"[('chromatic_aberrations', 0.9901813864707947), ('image_denoising', 0.0027527932543307543), ('mean shift', 0.0021261381916701794)]"
6378298689.jpg,image_denoising,0.9488677978515625,"[('image_denoising', 0.9488677978515625), ('jpeg2000_transmission_errors', 0.038578100502491), ('gaussian_blur', 0.00778005039319396)]"
6379014005.jpg,chromatic_aberrations,0.8948090076446533,"[('chromatic_aberrations', 0.8948090076446533), ('image_denoising', 0.06618824601173401), ('mean shift', 0.036873959004879)]"
6379443681.jpg,chromatic_aberrations,0.9986935257911682,"[('chromatic_aberrations', 0.9986935257911682), ('mean shift', 0.0006036243867129087), ('quantization_noise', 0.00044283163151703775)]"
6386599471.jpg,jpeg2000_transmission_errors,0.8877756595611572,"[('jpeg2000_transmission_errors', 0.8877756595611572), ('comfort_noise', 0.07868286222219467), ('jpeg_transmission_errors', 0.02069353312253952)]"
63888840.jpg,mean shift,0.654022753238678,"[('mean shift', 0.654022753238678), ('chromatic_aberrations', 0.22323006391525269), ('quantization_noise', 0.03913900628685951)]"
6403149971.jpg,chromatic_aberrations,0.9638296961784363,"[('chromatic_aberrations', 0.9638296961784363), ('mean shift', 0.02018781006336212), ('image_denoising', 0.014005000703036785)]"
6408708033.jpg,contrast_change,0.8707197308540344,"[('contrast_change', 0.8707197308540344), ('mean shift', 0.06982645392417908), ('change of color saturation', 0.04295860230922699)]"
6408985463.jpg,color_quantization_with_dithering,0.7607914209365845,"[('color_quantization_with_dithering', 0.7607914209365845), ('mean shift', 0.2191372811794281), ('contrast_change', 0.018311114981770515)]"
6412693303.jpg,quantization_noise,0.6781898736953735,"[('quantization_noise', 0.6781898736953735), ('chromatic_aberrations', 0.29142558574676514), ('mean shift', 0.015454323962330818)]"
6423969851.jpg,change of color saturation,0.9999237060546875,"[('change of color saturation', 0.9999237060546875), ('jpeg_transmission_errors', 2.6823359803529456e-05), ('jpeg_compression', 2.210791535617318e-05)]"
6424074571.jpg,spatially_correlated_noise,0.99893718957901,"[('spatially_correlated_noise', 0.99893718957901), ('chromatic_aberrations', 0.0005822074599564075), ('additive_gaussian_noise', 0.0003160387568641454)]"
6427589897.jpg,image_denoising,0.5445640683174133,"[('image_denoising', 0.5445640683174133), ('gaussian_blur', 0.25538715720176697), ('chromatic_aberrations', 0.1387011706829071)]"
6430851513.jpg,quantization_noise,0.7842946648597717,"[('quantization_noise', 0.7842946648597717), ('image_denoising', 0.1602500081062317), ('contrast_change', 0.036508314311504364)]"
6433692937.jpg,image_denoising,0.3547569215297699,"[('image_denoising', 0.3547569215297699), ('local_block-wise_distortions', 0.2947697043418884), ('contrast_change', 0.1325540393590927)]"
6434876963.jpg,chromatic_aberrations,0.5762748718261719,"[('chromatic_aberrations', 0.5762748718261719), ('spatially_correlated_noise', 0.3235059380531311), ('mean shift', 0.04560048505663872)]"
6443711585.jpg,contrast_change,0.985481858253479,"[('contrast_change', 0.985481858253479), ('jpeg2000_transmission_errors', 0.0058970581740140915), ('quantization_noise', 0.00354879186488688)]"
6453831461.jpg,jpeg_transmission_errors,0.48700976371765137,"[('jpeg_transmission_errors', 0.48700976371765137), ('non_eccentricity_pattern_noise', 0.36203083395957947), ('quantization_noise', 0.07675185054540634)]"
6458056243.jpg,mean shift,0.4917272925376892,"[('mean shift', 0.4917272925376892), ('chromatic_aberrations', 0.2639597952365875), ('contrast_change', 0.24113096296787262)]"
6461549237.jpg,chromatic_aberrations,0.9671077132225037,"[('chromatic_aberrations', 0.9671077132225037), ('image_denoising', 0.03270455449819565), ('quantization_noise', 4.7541569074383005e-05)]"
6465089945.jpg,non_eccentricity_pattern_noise,0.8899911642074585,"[('non_eccentricity_pattern_noise', 0.8899911642074585), ('contrast_change', 0.10190844535827637), ('jpeg2000_transmission_errors', 0.00453587993979454)]"
6467546565.jpg,image_denoising,0.53728187084198,"[('image_denoising', 0.53728187084198), ('chromatic_aberrations', 0.2491259127855301), ('spatially_correlated_noise', 0.14759862422943115)]"
6469192803.jpg,gaussian_blur,0.8994069695472717,"[('gaussian_blur', 0.8994069695472717), ('mean shift', 0.058027006685733795), ('chromatic_aberrations', 0.026236124336719513)]"
6469390735.jpg,local_block-wise_distortions,0.28998062014579773,"[('local_block-wise_distortions', 0.28998062014579773), ('quantization_noise', 0.24161820113658905), ('non_eccentricity_pattern_noise', 0.18261314928531647)]"
6473904775.jpg,chromatic_aberrations,0.7975868582725525,"[('chromatic_aberrations', 0.7975868582725525), ('image_denoising', 0.20135512948036194), ('gaussian_blur', 0.0005505692679435015)]"
6476717611.jpg,jpeg2000_transmission_errors,0.935177206993103,"[('jpeg2000_transmission_errors', 0.935177206993103), ('comfort_noise', 0.032584208995103836), ('change of color saturation', 0.011883583851158619)]"
6479303397.jpg,image_denoising,0.8787424564361572,"[('image_denoising', 0.8787424564361572), ('chromatic_aberrations', 0.11251453310251236), ('quantization_noise', 0.0032743706833571196)]"
6480739257.jpg,chromatic_aberrations,0.9843756556510925,"[('chromatic_aberrations', 0.9843756556510925), ('mean shift', 0.007902238517999649), ('image_denoising', 0.0038711719680577517)]"
6483140329.jpg,gaussian_blur,0.9236851930618286,"[('gaussian_blur', 0.9236851930618286), ('contrast_change', 0.050582580268383026), ('sparse_sampling_and_reconstruction', 0.019939016550779343)]"
6486375983.jpg,chromatic_aberrations,0.9992921352386475,"[('chromatic_aberrations', 0.9992921352386475), ('image_denoising', 0.00034249815507791936), ('quantization_noise', 0.00023587791656609625)]"
6486604889.jpg,image_denoising,0.9804626703262329,"[('image_denoising', 0.9804626703262329), ('jpeg2000_transmission_errors', 0.012271109968423843), ('chromatic_aberrations', 0.0034386995248496532)]"
6486906969.jpg,mean shift,0.992972731590271,"[('mean shift', 0.992972731590271), ('contrast_change', 0.004905409179627895), ('chromatic_aberrations', 0.0014461403479799628)]"
6494527059.jpg,contrast_change,0.7321618795394897,"[('contrast_change', 0.7321618795394897), ('mean shift', 0.20937375724315643), ('quantization_noise', 0.0505351647734642)]"
6496266341.jpg,chromatic_aberrations,0.998570442199707,"[('chromatic_aberrations', 0.998570442199707), ('image_denoising', 0.0013574702898040414), ('spatially_correlated_noise', 4.022755456389859e-05)]"
649761301.jpg,chromatic_aberrations,0.8173323273658752,"[('chromatic_aberrations', 0.8173323273658752), ('mean shift', 0.1730392426252365), ('image_denoising', 0.005532924085855484)]"
6504283859.jpg,contrast_change,0.9169943332672119,"[('contrast_change', 0.9169943332672119), ('quantization_noise', 0.05843581259250641), ('image_denoising', 0.017822152003645897)]"
6508138341.jpg,image_denoising,0.9988337159156799,"[('image_denoising', 0.9988337159156799), ('chromatic_aberrations', 0.0007625785656273365), ('jpeg2000_compression', 0.0001381441979901865)]"
6513828853.jpg,image_denoising,0.9433037638664246,"[('image_denoising', 0.9433037638664246), ('gaussian_blur', 0.043855275958776474), ('jpeg2000_compression', 0.006065479014068842)]"
6515985695.jpg,mean shift,0.5751961469650269,"[('mean shift', 0.5751961469650269), ('gaussian_blur', 0.39989855885505676), ('image_denoising', 0.012278757989406586)]"
6521275803.jpg,chromatic_aberrations,0.9977351427078247,"[('chromatic_aberrations', 0.9977351427078247), ('mean shift', 0.0016898963367566466), ('image_denoising', 0.000333457428496331)]"
6526093429.jpg,mean shift,0.9671958684921265,"[('mean shift', 0.9671958684921265), ('contrast_change', 0.029967302456498146), ('chromatic_aberrations', 0.002192787127569318)]"
6534182163.jpg,spatially_correlated_noise,0.630704402923584,"[('spatially_correlated_noise', 0.630704402923584), ('image_denoising', 0.2463187724351883), ('quantization_noise', 0.05257232487201691)]"
6534779805.jpg,change of color saturation,0.9244126081466675,"[('change of color saturation', 0.9244126081466675), ('contrast_change', 0.05836288258433342), ('mean shift', 0.014633738435804844)]"
6534801331.jpg,change of color saturation,0.5203199982643127,"[('change of color saturation', 0.5203199982643127), ('contrast_change', 0.23845504224300385), ('jpeg2000_transmission_errors', 0.08547499030828476)]"
6537543865.jpg,jpeg2000_transmission_errors,0.9996868371963501,"[('jpeg2000_transmission_errors', 0.9996868371963501), ('comfort_noise', 0.00018630495469551533), ('contrast_change', 0.00010212642519036308)]"
6553742481.jpg,image_denoising,0.9972596168518066,"[('image_denoising', 0.9972596168518066), ('chromatic_aberrations', 0.0014988997718319297), ('jpeg2000_transmission_errors', 0.0009344633435830474)]"
6555285779.jpg,contrast_change,0.7953901886940002,"[('contrast_change', 0.7953901886940002), ('change of color saturation', 0.20305848121643066), ('mean shift', 0.0011974115623161197)]"
6560010177.jpg,chromatic_aberrations,0.72491854429245,"[('chromatic_aberrations', 0.72491854429245), ('quantization_noise', 0.2679072320461273), ('contrast_change', 0.00221788021735847)]"
656718644.jpg,gaussian_blur,0.9918364882469177,"[('gaussian_blur', 0.9918364882469177), ('chromatic_aberrations', 0.0040944465436041355), ('image_denoising', 0.003615135094150901)]"
6569780821.jpg,chromatic_aberrations,0.5168662071228027,"[('chromatic_aberrations', 0.5168662071228027), ('image_denoising', 0.26527053117752075), ('contrast_change', 0.08296608179807663)]"
6576363795.jpg,chromatic_aberrations,0.9750725626945496,"[('chromatic_aberrations', 0.9750725626945496), ('image_denoising', 0.015667442232370377), ('mean shift', 0.008225708268582821)]"
6585039061.jpg,mean shift,0.6287516951560974,"[('mean shift', 0.6287516951560974), ('chromatic_aberrations', 0.35725364089012146), ('gaussian_blur', 0.00673722056671977)]"
6590042471.jpg,quantization_noise,0.994521975517273,"[('quantization_noise', 0.994521975517273), ('contrast_change', 0.005311856511980295), ('chromatic_aberrations', 8.463514677714556e-05)]"
6596306.jpg,chromatic_aberrations,0.83121258020401,"[('chromatic_aberrations', 0.83121258020401), ('image_denoising', 0.15104705095291138), ('mean shift', 0.013588564470410347)]"
6599722517.jpg,contrast_change,0.9791184663772583,"[('contrast_change', 0.9791184663772583), ('quantization_noise', 0.020022494718432426), ('chromatic_aberrations', 0.00038119725650176406)]"
6612589223.jpg,mean shift,0.4944857060909271,"[('mean shift', 0.4944857060909271), ('contrast_change', 0.394964337348938), ('gaussian_blur', 0.06827420741319656)]"
6613235741.jpg,non_eccentricity_pattern_noise,0.8577248454093933,"[('non_eccentricity_pattern_noise', 0.8577248454093933), ('spatially_correlated_noise', 0.07367869466543198), ('jpeg_transmission_errors', 0.03838008642196655)]"
6617069623.jpg,mean shift,0.9740796089172363,"[('mean shift', 0.9740796089172363), ('contrast_change', 0.017152361571788788), ('chromatic_aberrations', 0.005307881161570549)]"
6621080809.jpg,contrast_change,0.9042134881019592,"[('contrast_change', 0.9042134881019592), ('quantization_noise', 0.08900357782840729), ('chromatic_aberrations', 0.005287899170070887)]"
6622738777.jpg,contrast_change,0.9993684887886047,"[('contrast_change', 0.9993684887886047), ('quantization_noise', 0.00023343689099419862), ('mean shift', 0.0001844916259869933)]"
6625886365.jpg,image_denoising,0.5131953358650208,"[('image_denoising', 0.5131953358650208), ('chromatic_aberrations', 0.4434009790420532), ('contrast_change', 0.02396010421216488)]"
6626107981.jpg,contrast_change,0.9932112693786621,"[('contrast_change', 0.9932112693786621), ('quantization_noise', 0.005829860456287861), ('mean shift', 0.0005258453311398625)]"
6630840931.jpg,quantization_noise,0.9984423518180847,"[('quantization_noise', 0.9984423518180847), ('contrast_change', 0.0014763170620426536), ('chromatic_aberrations', 2.7887661417480558e-05)]"
6640354399.jpg,chromatic_aberrations,0.7560358643531799,"[('chromatic_aberrations', 0.7560358643531799), ('mean shift', 0.20872828364372253), ('contrast_change', 0.02678750827908516)]"
6643932717.jpg,additive_gaussian_noise,0.24099738895893097,"[('additive_gaussian_noise', 0.24099738895893097), ('lossy_compression_of_color_images', 0.16674190759658813), ('spatially_correlated_noise', 0.15719008445739746)]"
6644227727.jpg,chromatic_aberrations,0.999570906162262,"[('chromatic_aberrations', 0.999570906162262), ('image_denoising', 0.00030764585244469345), ('spatially_correlated_noise', 3.078702138736844e-05)]"
6644440429.jpg,additive_noise_in_color_components,0.4512156546115875,"[('additive_noise_in_color_components', 0.4512156546115875), ('spatially_correlated_noise', 0.3496047556400299), ('additive_gaussian_noise', 0.10103057324886322)]"
6645063001.jpg,local_block-wise_distortions,0.9368614554405212,"[('local_block-wise_distortions', 0.9368614554405212), ('chromatic_aberrations', 0.02517786994576454), ('contrast_change', 0.011319825425744057)]"
6647398937.jpg,gaussian_blur,0.5993297100067139,"[('gaussian_blur', 0.5993297100067139), ('mean shift', 0.1483117789030075), ('image_denoising', 0.14548952877521515)]"
6648576397.jpg,non_eccentricity_pattern_noise,0.7561129927635193,"[('non_eccentricity_pattern_noise', 0.7561129927635193), ('jpeg_transmission_errors', 0.20994752645492554), ('spatially_correlated_noise', 0.00979547668248415)]"
665094052.jpg,jpeg2000_transmission_errors,0.9282217025756836,"[('jpeg2000_transmission_errors', 0.9282217025756836), ('image_denoising', 0.03204444423317909), ('additive_noise_in_color_components', 0.01618947461247444)]"
6652263581.jpg,contrast_change,0.9364640712738037,"[('contrast_change', 0.9364640712738037), ('quantization_noise', 0.060968030244112015), ('chromatic_aberrations', 0.001491058268584311)]"
6652379747.jpg,mean shift,0.9180999994277954,"[('mean shift', 0.9180999994277954), ('gaussian_blur', 0.05073743686079979), ('chromatic_aberrations', 0.024475008249282837)]"
6656239161.jpg,change of color saturation,0.5565925240516663,"[('change of color saturation', 0.5565925240516663), ('jpeg_transmission_errors', 0.4245759844779968), ('sparse_sampling_and_reconstruction', 0.01488060224801302)]"
6656519345.jpg,image_denoising,0.9926087260246277,"[('image_denoising', 0.9926087260246277), ('gaussian_blur', 0.00691310316324234), ('chromatic_aberrations', 0.0004445560625754297)]"
6656935539.jpg,image_denoising,0.9850542545318604,"[('image_denoising', 0.9850542545318604), ('gaussian_blur', 0.013964320532977581), ('chromatic_aberrations', 0.0008591603254899383)]"
6657359355.jpg,chromatic_aberrations,0.8102937340736389,"[('chromatic_aberrations', 0.8102937340736389), ('image_denoising', 0.17881953716278076), ('quantization_noise', 0.005650359205901623)]"
6658108283.jpg,mean shift,0.5440585017204285,"[('mean shift', 0.5440585017204285), ('gaussian_blur', 0.19964122772216797), ('image_denoising', 0.15387824177742004)]"
6658947687.jpg,mean shift,0.6359575390815735,"[('mean shift', 0.6359575390815735), ('chromatic_aberrations', 0.36025649309158325), ('quantization_noise', 0.0014451965689659119)]"
6661741471.jpg,image_denoising,0.9998045563697815,"[('image_denoising', 0.9998045563697815), ('jpeg2000_compression', 0.0001352365070488304), ('chromatic_aberrations', 3.387196557014249e-05)]"
6679373485.jpg,mean shift,0.8292960524559021,"[('mean shift', 0.8292960524559021), ('contrast_change', 0.15370512008666992), ('jpeg_transmission_errors', 0.007427702192217112)]"
6681891719.jpg,mean shift,0.7150003910064697,"[('mean shift', 0.7150003910064697), ('chromatic_aberrations', 0.19792090356349945), ('contrast_change', 0.08142915368080139)]"
6693843973.jpg,image_denoising,0.4247899651527405,"[('image_denoising', 0.4247899651527405), ('non_eccentricity_pattern_noise', 0.33523598313331604), ('quantization_noise', 0.0718916580080986)]"
6694665963.jpg,mean shift,0.6719879508018494,"[('mean shift', 0.6719879508018494), ('contrast_change', 0.2302638441324234), ('quantization_noise', 0.039242230355739594)]"
669490972.jpg,gaussian_blur,0.9973753690719604,"[('gaussian_blur', 0.9973753690719604), ('jpeg2000_compression', 0.0014677674043923616), ('image_denoising', 0.0010491510620340705)]"
6696229175.jpg,image_denoising,0.9953871369361877,"[('image_denoising', 0.9953871369361877), ('jpeg2000_transmission_errors', 0.004086108412593603), ('comfort_noise', 0.00022977970365900546)]"
6696763655.jpg,contrast_change,0.819882869720459,"[('contrast_change', 0.819882869720459), ('chromatic_aberrations', 0.09839582443237305), ('quantization_noise', 0.06821545958518982)]"
6720918207.jpg,mean shift,0.8604317307472229,"[('mean shift', 0.8604317307472229), ('gaussian_blur', 0.10920947045087814), ('chromatic_aberrations', 0.023305919021368027)]"
6727094363.jpg,sparse_sampling_and_reconstruction,0.9970642924308777,"[('sparse_sampling_and_reconstruction', 0.9970642924308777), ('change of color saturation', 0.0011897801887243986), ('contrast_change', 0.0007417173474095762)]"
6736392821.jpg,mean shift,0.8732388019561768,"[('mean shift', 0.8732388019561768), ('chromatic_aberrations', 0.11383447051048279), ('image_denoising', 0.008023123256862164)]"
6745774611.jpg,non_eccentricity_pattern_noise,0.4496341347694397,"[('non_eccentricity_pattern_noise', 0.4496341347694397), ('image_denoising', 0.3115256726741791), ('jpeg2000_compression', 0.07921408116817474)]"
6748739885.jpg,chromatic_aberrations,0.976818859577179,"[('chromatic_aberrations', 0.976818859577179), ('mean shift', 0.013866332359611988), ('contrast_change', 0.0044734906405210495)]"
6759678037.jpg,mean shift,0.5383808016777039,"[('mean shift', 0.5383808016777039), ('gaussian_blur', 0.38932839035987854), ('chromatic_aberrations', 0.04942736029624939)]"
6764494191.jpg,contrast_change,0.43255069851875305,"[('contrast_change', 0.43255069851875305), ('mean shift', 0.2205972671508789), ('image_denoising', 0.18443860113620758)]"
6766818267.jpg,mean shift,0.8599011898040771,"[('mean shift', 0.8599011898040771), ('contrast_change', 0.13967053592205048), ('non_eccentricity_pattern_noise', 0.00020838652562815696)]"
6771336533.jpg,color_quantization_with_dithering,0.34579581022262573,"[('color_quantization_with_dithering', 0.34579581022262573), ('contrast_change', 0.2480265349149704), ('mean shift', 0.1349993497133255)]"
6782077853.jpg,gaussian_blur,0.803250253200531,"[('gaussian_blur', 0.803250253200531), ('image_denoising', 0.19633986055850983), ('chromatic_aberrations', 0.0002203136682510376)]"
6782624408.jpg,chromatic_aberrations,0.9987096786499023,"[('chromatic_aberrations', 0.9987096786499023), ('mean shift', 0.0006592301069758832), ('image_denoising', 0.0005051554762758315)]"
6784185258.jpg,change of color saturation,0.9999275207519531,"[('change of color saturation', 0.9999275207519531), ('jpeg_transmission_errors', 4.977450589649379e-05), ('color_quantization_with_dithering', 9.102841431740671e-06)]"
6785564222.jpg,change of color saturation,0.9990202188491821,"[('change of color saturation', 0.9990202188491821), ('color_quantization_with_dithering', 0.0005340616917237639), ('jpeg_transmission_errors', 0.00022486936359200627)]"
6788530155.jpg,chromatic_aberrations,0.6103856563568115,"[('chromatic_aberrations', 0.6103856563568115), ('mean shift', 0.33903247117996216), ('gaussian_blur', 0.03669843077659607)]"
6788551083.jpg,gaussian_blur,0.9989270567893982,"[('gaussian_blur', 0.9989270567893982), ('image_denoising', 0.000854124897159636), ('chromatic_aberrations', 0.0001727880007820204)]"
6789846783.jpg,gaussian_blur,0.9999228715896606,"[('gaussian_blur', 0.9999228715896606), ('image_denoising', 5.352476364350878e-05), ('jpeg2000_compression', 8.367380360141397e-06)]"
6791354533.jpg,gaussian_blur,0.9415040612220764,"[('gaussian_blur', 0.9415040612220764), ('contrast_change', 0.03555053845047951), ('sparse_sampling_and_reconstruction', 0.009844309650361538)]"
6795087227.jpg,chromatic_aberrations,0.6335861682891846,"[('chromatic_aberrations', 0.6335861682891846), ('image_denoising', 0.3573080003261566), ('local_block-wise_distortions', 0.006216693203896284)]"
6795803065.jpg,chromatic_aberrations,0.4975997805595398,"[('chromatic_aberrations', 0.4975997805595398), ('image_denoising', 0.407310426235199), ('mean shift', 0.05772906169295311)]"
6796559908.jpg,jpeg2000_transmission_errors,0.897473156452179,"[('jpeg2000_transmission_errors', 0.897473156452179), ('jpeg2000_compression', 0.033088814467191696), ('chromatic_aberrations', 0.021347584202885628)]"
6797193823.jpg,spatially_correlated_noise,0.9966168999671936,"[('spatially_correlated_noise', 0.9966168999671936), ('image_denoising', 0.0023685034830123186), ('chromatic_aberrations', 0.0004671920323744416)]"
6799306335.jpg,image_denoising,0.9219191670417786,"[('image_denoising', 0.9219191670417786), ('chromatic_aberrations', 0.07764219492673874), ('quantization_noise', 0.000243983551627025)]"
6801180487.jpg,image_denoising,0.6138342022895813,"[('image_denoising', 0.6138342022895813), ('chromatic_aberrations', 0.22648288309574127), ('mean shift', 0.1200772300362587)]"
6801568370.jpg,contrast_change,0.9434158205986023,"[('contrast_change', 0.9434158205986023), ('jpeg2000_transmission_errors', 0.05115954950451851), ('mean shift', 0.003817681223154068)]"
6808473551.jpg,non_eccentricity_pattern_noise,0.8118579387664795,"[('non_eccentricity_pattern_noise', 0.8118579387664795), ('jpeg_transmission_errors', 0.18667568266391754), ('mean shift', 0.0010947978589683771)]"
6809126683.jpg,chromatic_aberrations,0.5274739861488342,"[('chromatic_aberrations', 0.5274739861488342), ('jpeg2000_compression', 0.3983737826347351), ('sparse_sampling_and_reconstruction', 0.05841020122170448)]"
6809286909.jpg,chromatic_aberrations,0.7350434064865112,"[('chromatic_aberrations', 0.7350434064865112), ('mean shift', 0.2521589398384094), ('image_denoising', 0.008965457789599895)]"
6810784384.jpg,non_eccentricity_pattern_noise,0.8008107542991638,"[('non_eccentricity_pattern_noise', 0.8008107542991638), ('jpeg2000_transmission_errors', 0.16987045109272003), ('comfort_noise', 0.020488500595092773)]"
6811037194.jpg,chromatic_aberrations,0.9844393134117126,"[('chromatic_aberrations', 0.9844393134117126), ('quantization_noise', 0.01343600545078516), ('image_denoising', 0.0011183912865817547)]"
6814736135.jpg,chromatic_aberrations,0.9995835423469543,"[('chromatic_aberrations', 0.9995835423469543), ('image_denoising', 0.000271958124358207), ('mean shift', 4.893339428235777e-05)]"
6814873580.jpg,change of color saturation,0.9824502468109131,"[('change of color saturation', 0.9824502468109131), ('contrast_change', 0.017432764172554016), ('jpeg_transmission_errors', 7.706442556809634e-05)]"
6815253808.jpg,gaussian_blur,0.3867702782154083,"[('gaussian_blur', 0.3867702782154083), ('image_denoising', 0.2955739498138428), ('contrast_change', 0.22324667870998383)]"
6818984013.jpg,contrast_change,0.9635045528411865,"[('contrast_change', 0.9635045528411865), ('quantization_noise', 0.03080660291016102), ('comfort_noise', 0.004975968040525913)]"
6823375889.jpg,jpeg_transmission_errors,0.9998718500137329,"[('jpeg_transmission_errors', 0.9998718500137329), ('jpeg2000_transmission_errors', 8.174510003300384e-05), ('comfort_noise', 3.131155972369015e-05)]"
6824806522.jpg,image_denoising,0.8704695701599121,"[('image_denoising', 0.8704695701599121), ('chromatic_aberrations', 0.12814630568027496), ('gaussian_blur', 0.0003592541324906051)]"
6825162524.jpg,gaussian_blur,0.943209171295166,"[('gaussian_blur', 0.943209171295166), ('chromatic_aberrations', 0.03514163941144943), ('image_denoising', 0.019921306520700455)]"
6827213168.jpg,contrast_change,0.9954156875610352,"[('contrast_change', 0.9954156875610352), ('mean shift', 0.003616954665631056), ('jpeg2000_transmission_errors', 0.0003569343243725598)]"
6827830343.jpg,chromatic_aberrations,0.9715742468833923,"[('chromatic_aberrations', 0.9715742468833923), ('image_denoising', 0.02797861211001873), ('spatially_correlated_noise', 0.0003167713002767414)]"
6832136083.jpg,change of color saturation,0.9943735599517822,"[('change of color saturation', 0.9943735599517822), ('mean shift', 0.0021293573081493378), ('contrast_change', 0.0016534450696781278)]"
6834514891.jpg,chromatic_aberrations,0.9393494725227356,"[('chromatic_aberrations', 0.9393494725227356), ('image_denoising', 0.058884717524051666), ('quantization_noise', 0.0013816122664138675)]"
6835007518.jpg,mean shift,0.44629529118537903,"[('mean shift', 0.44629529118537903), ('chromatic_aberrations', 0.3677549660205841), ('image_denoising', 0.1352960765361786)]"
6838263860.jpg,change of color saturation,0.9826483130455017,"[('change of color saturation', 0.9826483130455017), ('contrast_change', 0.014957768842577934), ('mean shift', 0.0017982226563617587)]"
6841095.jpg,mean shift,0.7635439038276672,"[('mean shift', 0.7635439038276672), ('contrast_change', 0.23488514125347137), ('chromatic_aberrations', 0.0004246259049978107)]"
6842750557.jpg,image_denoising,0.9998119473457336,"[('image_denoising', 0.9998119473457336), ('quantization_noise', 0.000139628114993684), ('chromatic_aberrations', 1.3707175639865454e-05)]"
6845847924.jpg,chromatic_aberrations,0.9935228824615479,"[('chromatic_aberrations', 0.9935228824615479), ('image_denoising', 0.005519097670912743), ('mean shift', 0.0006454586400650442)]"
6849285524.jpg,gaussian_blur,0.6788507699966431,"[('gaussian_blur', 0.6788507699966431), ('image_denoising', 0.1990213394165039), ('chromatic_aberrations', 0.08422624319791794)]"
6849557935.jpg,sparse_sampling_and_reconstruction,0.502096951007843,"[('sparse_sampling_and_reconstruction', 0.502096951007843), ('jpeg2000_compression', 0.2278052121400833), ('jpeg_transmission_errors', 0.18224313855171204)]"
6851326367.jpg,mean shift,0.9811258316040039,"[('mean shift', 0.9811258316040039), ('gaussian_blur', 0.0077741811983287334), ('contrast_change', 0.007172396406531334)]"
6860404399.jpg,chromatic_aberrations,0.9107813835144043,"[('chromatic_aberrations', 0.9107813835144043), ('gaussian_blur', 0.07496803253889084), ('image_denoising', 0.013126237317919731)]"
6860502754.jpg,change of color saturation,0.9999520778656006,"[('change of color saturation', 0.9999520778656006), ('jpeg_transmission_errors', 2.2873164198244922e-05), ('color_quantization_with_dithering', 1.00002298495383e-05)]"
68605475.jpg,change of color saturation,0.6862511038780212,"[('change of color saturation', 0.6862511038780212), ('contrast_change', 0.3123776614665985), ('jpeg_transmission_errors', 0.0005875397473573685)]"
6867407079.jpg,mean shift,0.6551046371459961,"[('mean shift', 0.6551046371459961), ('image_denoising', 0.288745254278183), ('chromatic_aberrations', 0.02735704742372036)]"
6869357574.jpg,chromatic_aberrations,0.9541369676589966,"[('chromatic_aberrations', 0.9541369676589966), ('mean shift', 0.02469506859779358), ('image_denoising', 0.014233678579330444)]"
6869450975.jpg,chromatic_aberrations,0.967879056930542,"[('chromatic_aberrations', 0.967879056930542), ('quantization_noise', 0.01563344895839691), ('image_denoising', 0.008985569700598717)]"
6869855884.jpg,chromatic_aberrations,0.9819436073303223,"[('chromatic_aberrations', 0.9819436073303223), ('image_denoising', 0.0179304052144289), ('spatially_correlated_noise', 3.50569753209129e-05)]"
6873503299.jpg,gaussian_blur,0.991940975189209,"[('gaussian_blur', 0.991940975189209), ('image_denoising', 0.007168273441493511), ('chromatic_aberrations', 0.0005202665342949331)]"
6874497596.jpg,contrast_change,0.95017009973526,"[('contrast_change', 0.95017009973526), ('quantization_noise', 0.03345201537013054), ('mean shift', 0.013152573257684708)]"
6879970399.jpg,contrast_change,0.9390931129455566,"[('contrast_change', 0.9390931129455566), ('mean shift', 0.05532947927713394), ('non_eccentricity_pattern_noise', 0.004570547956973314)]"
6880980024.jpg,image_denoising,0.9530031085014343,"[('image_denoising', 0.9530031085014343), ('mean shift', 0.029084252193570137), ('gaussian_blur', 0.00810698326677084)]"
6881321836.jpg,image_denoising,0.9920576214790344,"[('image_denoising', 0.9920576214790344), ('chromatic_aberrations', 0.006589735858142376), ('gaussian_blur', 0.0008885884308256209)]"
6882017804.jpg,mean shift,0.9910398125648499,"[('mean shift', 0.9910398125648499), ('chromatic_aberrations', 0.005137104075402021), ('contrast_change', 0.0023185191676020622)]"
6884968602.jpg,gaussian_blur,0.9992862343788147,"[('gaussian_blur', 0.9992862343788147), ('chromatic_aberrations', 0.000245468138018623), ('image_denoising', 0.00015092296234797686)]"
6887917604.jpg,chromatic_aberrations,0.7834000587463379,"[('chromatic_aberrations', 0.7834000587463379), ('image_denoising', 0.15449278056621552), ('mean shift', 0.05864628404378891)]"
6890554826.jpg,quantization_noise,0.456406831741333,"[('quantization_noise', 0.456406831741333), ('chromatic_aberrations', 0.43148213624954224), ('image_denoising', 0.08877106755971909)]"
6892553923.jpg,contrast_change,0.3123084306716919,"[('contrast_change', 0.3123084306716919), ('chromatic_aberrations', 0.28074565529823303), ('mean shift', 0.24775604903697968)]"
6893891182.jpg,contrast_change,0.9335293769836426,"[('contrast_change', 0.9335293769836426), ('quantization_noise', 0.05519993603229523), ('jpeg2000_transmission_errors', 0.0050511350855231285)]"
6893965047.jpg,chromatic_aberrations,0.8217350244522095,"[('chromatic_aberrations', 0.8217350244522095), ('mean shift', 0.1151210144162178), ('image_denoising', 0.039688531309366226)]"
6895353221.jpg,contrast_change,0.9861958026885986,"[('contrast_change', 0.9861958026885986), ('quantization_noise', 0.010943020693957806), ('chromatic_aberrations', 0.0013001326005905867)]"
6897446719.jpg,image_denoising,0.9599077701568604,"[('image_denoising', 0.9599077701568604), ('gaussian_blur', 0.033205777406692505), ('chromatic_aberrations', 0.003687175689265132)]"
6898804586.jpg,mean shift,0.9950161576271057,"[('mean shift', 0.9950161576271057), ('chromatic_aberrations', 0.0032824103254824877), ('contrast_change', 0.0007288362248800695)]"
6902342114.jpg,contrast_change,0.8500097990036011,"[('contrast_change', 0.8500097990036011), ('mean shift', 0.14916378259658813), ('change of color saturation', 0.00032122025731951)]"
6903329459.jpg,image_denoising,0.6458870768547058,"[('image_denoising', 0.6458870768547058), ('chromatic_aberrations', 0.32638901472091675), ('contrast_change', 0.014963410794734955)]"
6904675638.jpg,change of color saturation,0.9999871253967285,"[('change of color saturation', 0.9999871253967285), ('jpeg_transmission_errors', 5.068921836937079e-06), ('contrast_change', 2.337890919079655e-06)]"
6905574433.jpg,contrast_change,0.9075233936309814,"[('contrast_change', 0.9075233936309814), ('mean shift', 0.05712636560201645), ('quantization_noise', 0.020700836554169655)]"
6911586648.jpg,gaussian_blur,0.9348607063293457,"[('gaussian_blur', 0.9348607063293457), ('sparse_sampling_and_reconstruction', 0.05939636006951332), ('jpeg2000_compression', 0.00565698929131031)]"
6913908117.jpg,chromatic_aberrations,0.8536131978034973,"[('chromatic_aberrations', 0.8536131978034973), ('quantization_noise', 0.14193116128444672), ('mean shift', 0.002936340169981122)]"
6921873872.jpg,quantization_noise,0.9867861866950989,"[('quantization_noise', 0.9867861866950989), ('image_denoising', 0.005949069745838642), ('contrast_change', 0.004743521101772785)]"
6923520196.jpg,sparse_sampling_and_reconstruction,0.6594215035438538,"[('sparse_sampling_and_reconstruction', 0.6594215035438538), ('contrast_change', 0.08827456086874008), ('jpeg2000_compression', 0.043971382081508636)]"
6927641976.jpg,change of color saturation,0.9999130964279175,"[('change of color saturation', 0.9999130964279175), ('contrast_change', 2.8977885449421592e-05), ('jpeg_transmission_errors', 2.5655974241090007e-05)]"
6929191226.jpg,image_denoising,0.9999328851699829,"[('image_denoising', 0.9999328851699829), ('chromatic_aberrations', 3.149433177895844e-05), ('jpeg2000_compression', 1.9923005311284214e-05)]"
6932651943.jpg,gaussian_blur,0.8618271350860596,"[('gaussian_blur', 0.8618271350860596), ('image_denoising', 0.05273544043302536), ('mean shift', 0.04487043619155884)]"
6935202616.jpg,jpeg_transmission_errors,0.5969904065132141,"[('jpeg_transmission_errors', 0.5969904065132141), ('jpeg2000_transmission_errors', 0.3851066529750824), ('change of color saturation', 0.01216932013630867)]"
6935219850.jpg,quantization_noise,0.683932900428772,"[('quantization_noise', 0.683932900428772), ('image_denoising', 0.21668410301208496), ('chromatic_aberrations', 0.060155224055051804)]"
6935652834.jpg,chromatic_aberrations,0.8910065293312073,"[('chromatic_aberrations', 0.8910065293312073), ('image_denoising', 0.08030220121145248), ('quantization_noise', 0.016389790922403336)]"
6940429128.jpg,local_block-wise_distortions,0.8613830208778381,"[('local_block-wise_distortions', 0.8613830208778381), ('mean shift', 0.07100185006856918), ('chromatic_aberrations', 0.026968613266944885)]"
6943468904.jpg,image_denoising,0.9713375568389893,"[('image_denoising', 0.9713375568389893), ('chromatic_aberrations', 0.013195495121181011), ('gaussian_blur', 0.009433246217668056)]"
6946044735.jpg,change of color saturation,0.46611353754997253,"[('change of color saturation', 0.46611353754997253), ('mean shift', 0.2769922614097595), ('contrast_change', 0.2548970580101013)]"
6946374385.jpg,quantization_noise,0.981203019618988,"[('quantization_noise', 0.981203019618988), ('chromatic_aberrations', 0.01779390498995781), ('contrast_change', 0.0005157975829206407)]"
6947149263.jpg,gaussian_blur,0.9585118293762207,"[('gaussian_blur', 0.9585118293762207), ('sparse_sampling_and_reconstruction', 0.03564589098095894), ('jpeg2000_compression', 0.005073056556284428)]"
6948272719.jpg,contrast_change,0.8454278111457825,"[('contrast_change', 0.8454278111457825), ('mean shift', 0.15315765142440796), ('chromatic_aberrations', 0.0005892324261367321)]"
6951573031.jpg,non_eccentricity_pattern_noise,0.9032989740371704,"[('non_eccentricity_pattern_noise', 0.9032989740371704), ('contrast_change', 0.07805656641721725), ('mean shift', 0.011218705214560032)]"
6952277665.jpg,quantization_noise,0.45615848898887634,"[('quantization_noise', 0.45615848898887634), ('contrast_change', 0.4104142487049103), ('image_denoising', 0.12624482810497284)]"
6953798231.jpg,contrast_change,0.8192417621612549,"[('contrast_change', 0.8192417621612549), ('mean shift', 0.1771322339773178), ('quantization_noise', 0.001791174290701747)]"
6954547933.jpg,non_eccentricity_pattern_noise,0.9924153685569763,"[('non_eccentricity_pattern_noise', 0.9924153685569763), ('contrast_change', 0.004846940282732248), ('comfort_noise', 0.000722418655641377)]"
6955151884.jpg,change of color saturation,0.9987408518791199,"[('change of color saturation', 0.9987408518791199), ('mean shift', 0.0006083210464566946), ('contrast_change', 0.00022826241911388934)]"
6956011813.jpg,chromatic_aberrations,0.8454110622406006,"[('chromatic_aberrations', 0.8454110622406006), ('image_denoising', 0.08010353147983551), ('mean shift', 0.07059057056903839)]"
6957283590.jpg,contrast_change,0.9489527940750122,"[('contrast_change', 0.9489527940750122), ('mean shift', 0.038217850029468536), ('quantization_noise', 0.0037401264999061823)]"
6962031247.jpg,chromatic_aberrations,0.848386824131012,"[('chromatic_aberrations', 0.848386824131012), ('image_denoising', 0.14811290800571442), ('jpeg2000_transmission_errors', 0.001945681287907064)]"
6966797840.jpg,contrast_change,0.9890592098236084,"[('contrast_change', 0.9890592098236084), ('non_eccentricity_pattern_noise', 0.009250120259821415), ('quantization_noise', 0.0006863202434033155)]"
6974453710.jpg,quantization_noise,0.7226829528808594,"[('quantization_noise', 0.7226829528808594), ('contrast_change', 0.2233794927597046), ('mean shift', 0.03370155021548271)]"
6974731766.jpg,chromatic_aberrations,0.9991361498832703,"[('chromatic_aberrations', 0.9991361498832703), ('mean shift', 0.0005076833767816424), ('image_denoising', 0.0002643661282490939)]"
6976429442.jpg,contrast_change,0.9948127269744873,"[('contrast_change', 0.9948127269744873), ('quantization_noise', 0.004951686132699251), ('mean shift', 3.6786062992177904e-05)]"
6977310046.jpg,chromatic_aberrations,0.48337140679359436,"[('chromatic_aberrations', 0.48337140679359436), ('mean shift', 0.44047829508781433), ('contrast_change', 0.07221990823745728)]"
6977554463.jpg,non_eccentricity_pattern_noise,0.38217881321907043,"[('non_eccentricity_pattern_noise', 0.38217881321907043), ('chromatic_aberrations', 0.2542579174041748), ('contrast_change', 0.18190015852451324)]"
6985836315.jpg,jpeg2000_transmission_errors,0.6171929836273193,"[('jpeg2000_transmission_errors', 0.6171929836273193), ('comfort_noise', 0.3602709472179413), ('contrast_change', 0.021029910072684288)]"
6989772902.jpg,gaussian_blur,0.9653641581535339,"[('gaussian_blur', 0.9653641581535339), ('image_denoising', 0.02667175978422165), ('chromatic_aberrations', 0.0069852592423558235)]"
6993179262.jpg,change of color saturation,0.9999344348907471,"[('change of color saturation', 0.9999344348907471), ('jpeg_transmission_errors', 2.5742841899045743e-05), ('jpeg_compression', 1.8232591173727997e-05)]"
6993500769.jpg,mean shift,0.9746999740600586,"[('mean shift', 0.9746999740600586), ('contrast_change', 0.02525179274380207), ('non_eccentricity_pattern_noise', 1.815767063817475e-05)]"
6996086039.jpg,mean shift,0.9964562058448792,"[('mean shift', 0.9964562058448792), ('contrast_change', 0.0032623736187815666), ('chromatic_aberrations', 0.00017553179350215942)]"
6996280620.jpg,contrast_change,0.9776278138160706,"[('contrast_change', 0.9776278138160706), ('change of color saturation', 0.02143317647278309), ('mean shift', 0.0007133274921216071)]"
6997268609.jpg,change of color saturation,0.901931881904602,"[('change of color saturation', 0.901931881904602), ('contrast_change', 0.07854543626308441), ('jpeg_transmission_errors', 0.015310892835259438)]"
7003816113.jpg,chromatic_aberrations,0.9836703538894653,"[('chromatic_aberrations', 0.9836703538894653), ('image_denoising', 0.010188237763941288), ('mean shift', 0.005426895804703236)]"
7003924615.jpg,mean shift,0.7372390627861023,"[('mean shift', 0.7372390627861023), ('contrast_change', 0.26258179545402527), ('non_eccentricity_pattern_noise', 5.9943449741695076e-05)]"
7004025487.jpg,chromatic_aberrations,0.9992756247520447,"[('chromatic_aberrations', 0.9992756247520447), ('image_denoising', 0.0006724960985593498), ('mean shift', 1.5402714780066162e-05)]"
7005072091.jpg,image_denoising,0.5651575326919556,"[('image_denoising', 0.5651575326919556), ('gaussian_blur', 0.43381044268608093), ('chromatic_aberrations', 0.0007120449445210397)]"
7005951474.jpg,contrast_change,0.985105037689209,"[('contrast_change', 0.985105037689209), ('quantization_noise', 0.014244910329580307), ('chromatic_aberrations', 0.00021265607210807502)]"
7005989775.jpg,mean shift,0.9657856822013855,"[('mean shift', 0.9657856822013855), ('contrast_change', 0.03158654272556305), ('chromatic_aberrations', 0.00144843605812639)]"
7013643069.jpg,chromatic_aberrations,0.915023922920227,"[('chromatic_aberrations', 0.915023922920227), ('image_denoising', 0.03845443204045296), ('contrast_change', 0.018476592376828194)]"
7023249423.jpg,gaussian_blur,0.9971768856048584,"[('gaussian_blur', 0.9971768856048584), ('image_denoising', 0.0014342524809762836), ('mean shift', 0.001206967863254249)]"
7024265149.jpg,contrast_change,0.9863256812095642,"[('contrast_change', 0.9863256812095642), ('mean shift', 0.006022253539413214), ('quantization_noise', 0.005654411856085062)]"
7024783845.jpg,contrast_change,0.45995864272117615,"[('contrast_change', 0.45995864272117615), ('mean shift', 0.42471182346343994), ('gaussian_blur', 0.08290279656648636)]"
70272233.jpg,mean shift,0.9356628656387329,"[('mean shift', 0.9356628656387329), ('chromatic_aberrations', 0.061095770448446274), ('contrast_change', 0.0014936563093215227)]"
7032481793.jpg,image_denoising,0.9251519441604614,"[('image_denoising', 0.9251519441604614), ('gaussian_blur', 0.06198521703481674), ('chromatic_aberrations', 0.012699475511908531)]"
7054855385.jpg,mean shift,0.9917939305305481,"[('mean shift', 0.9917939305305481), ('chromatic_aberrations', 0.005742181558161974), ('contrast_change', 0.002032552845776081)]"
7059458199.jpg,image_denoising,0.48170822858810425,"[('image_denoising', 0.48170822858810425), ('chromatic_aberrations', 0.44896379113197327), ('gaussian_blur', 0.04142873361706734)]"
7064847959.jpg,image_denoising,0.9888938069343567,"[('image_denoising', 0.9888938069343567), ('chromatic_aberrations', 0.008546087890863419), ('gaussian_blur', 0.002008708892390132)]"
7082408177.jpg,jpeg_transmission_errors,0.9989283680915833,"[('jpeg_transmission_errors', 0.9989283680915833), ('jpeg_compression', 0.0009112809784710407), ('sparse_sampling_and_reconstruction', 3.4592794690979645e-05)]"
7095677109.jpg,chromatic_aberrations,0.9661575555801392,"[('chromatic_aberrations', 0.9661575555801392), ('quantization_noise', 0.02991436794400215), ('image_denoising', 0.0014576386893168092)]"
7106381255.jpg,mean shift,0.9081218838691711,"[('mean shift', 0.9081218838691711), ('chromatic_aberrations', 0.06257779151201248), ('gaussian_blur', 0.02484159730374813)]"
7107867443.jpg,mean shift,0.9934036135673523,"[('mean shift', 0.9934036135673523), ('contrast_change', 0.006548008881509304), ('gaussian_blur', 1.395684557792265e-05)]"
7110105161.jpg,contrast_change,0.9977744221687317,"[('contrast_change', 0.9977744221687317), ('non_eccentricity_pattern_noise', 0.0009517947328276932), ('mean shift', 0.0004782807664014399)]"
7124206301.jpg,mean shift,0.9733439087867737,"[('mean shift', 0.9733439087867737), ('gaussian_blur', 0.020876705646514893), ('contrast_change', 0.00302775576710701)]"
7146833457.jpg,mean shift,0.5993174314498901,"[('mean shift', 0.5993174314498901), ('chromatic_aberrations', 0.34683018922805786), ('image_denoising', 0.01747513934969902)]"
7162855925.jpg,chromatic_aberrations,0.5848467350006104,"[('chromatic_aberrations', 0.5848467350006104), ('spatially_correlated_noise', 0.4099918007850647), ('image_denoising', 0.0031425447668880224)]"
7167005638.jpg,chromatic_aberrations,0.9989219903945923,"[('chromatic_aberrations', 0.9989219903945923), ('image_denoising', 0.0005111843929626048), ('quantization_noise', 0.0004614987410604954)]"
7170927811.jpg,change of color saturation,0.9999744892120361,"[('change of color saturation', 0.9999744892120361), ('jpeg_transmission_errors', 1.0696350727812387e-05), ('color_quantization_with_dithering', 5.531636361411074e-06)]"
7173122782.jpg,contrast_change,0.9600805640220642,"[('contrast_change', 0.9600805640220642), ('mean shift', 0.03953571990132332), ('gaussian_blur', 0.0002498819085303694)]"
7173633933.jpg,chromatic_aberrations,0.9867483377456665,"[('chromatic_aberrations', 0.9867483377456665), ('quantization_noise', 0.012169948779046535), ('mean shift', 0.0002939700789283961)]"
71775760.jpg,mean shift,0.9078328609466553,"[('mean shift', 0.9078328609466553), ('chromatic_aberrations', 0.07143835723400116), ('gaussian_blur', 0.014393303543329239)]"
7181156093.jpg,mean shift,0.9592228531837463,"[('mean shift', 0.9592228531837463), ('multiplicative_gaussian_noise', 0.03127359226346016), ('contrast_change', 0.0037351781502366066)]"
7181400642.jpg,change of color saturation,0.999963641166687,"[('change of color saturation', 0.999963641166687), ('jpeg_transmission_errors', 1.6476229575346224e-05), ('jpeg2000_transmission_errors', 5.248004981694976e-06)]"
7185825441.jpg,chromatic_aberrations,0.32708102464675903,"[('chromatic_aberrations', 0.32708102464675903), ('gaussian_blur', 0.22724561393260956), ('image_denoising', 0.1875058114528656)]"
7188151253.jpg,chromatic_aberrations,0.9918535351753235,"[('chromatic_aberrations', 0.9918535351753235), ('image_denoising', 0.0072596315294504166), ('quantization_noise', 0.0006787998136132956)]"
7191194360.jpg,image_denoising,0.6561691164970398,"[('image_denoising', 0.6561691164970398), ('jpeg2000_transmission_errors', 0.18784193694591522), ('quantization_noise', 0.14701296389102936)]"
7203007382.jpg,image_denoising,0.495782732963562,"[('image_denoising', 0.495782732963562), ('gaussian_blur', 0.282125860452652), ('chromatic_aberrations', 0.20955218374729156)]"
7219295732.jpg,change of color saturation,0.6798232197761536,"[('change of color saturation', 0.6798232197761536), ('jpeg_transmission_errors', 0.17778386175632477), ('jpeg_compression', 0.11666429042816162)]"
7238368946.jpg,gaussian_blur,0.9999364614486694,"[('gaussian_blur', 0.9999364614486694), ('image_denoising', 2.915867298725061e-05), ('sparse_sampling_and_reconstruction', 1.2423282896634191e-05)]"
7241141390.jpg,image_denoising,0.5527387261390686,"[('image_denoising', 0.5527387261390686), ('quantization_noise', 0.4208073616027832), ('jpeg2000_transmission_errors', 0.012287689372897148)]"
7242888546.jpg,image_denoising,0.6096983551979065,"[('image_denoising', 0.6096983551979065), ('chromatic_aberrations', 0.2037310004234314), ('contrast_change', 0.15641304850578308)]"
7247521810.jpg,chromatic_aberrations,0.9990683197975159,"[('chromatic_aberrations', 0.9990683197975159), ('image_denoising', 0.0006581643247045577), ('quantization_noise', 0.00020497397053986788)]"
7253262358.jpg,change of color saturation,0.999980092048645,"[('change of color saturation', 0.999980092048645), ('contrast_change', 7.59758904678165e-06), ('jpeg_transmission_errors', 6.939574632269796e-06)]"
7263783306.jpg,chromatic_aberrations,0.6690850257873535,"[('chromatic_aberrations', 0.6690850257873535), ('mean shift', 0.26979586482048035), ('contrast_change', 0.05021700635552406)]"
7267070590.jpg,image_denoising,0.9220995306968689,"[('image_denoising', 0.9220995306968689), ('jpeg2000_compression', 0.03871442750096321), ('chromatic_aberrations', 0.014723644591867924)]"
7267396470.jpg,mean shift,0.7793997526168823,"[('mean shift', 0.7793997526168823), ('contrast_change', 0.19955582916736603), ('change of color saturation', 0.01894226297736168)]"
7268981578.jpg,image_denoising,0.988020122051239,"[('image_denoising', 0.988020122051239), ('chromatic_aberrations', 0.009765502996742725), ('gaussian_blur', 0.001206897897645831)]"
7270304334.jpg,chromatic_aberrations,0.9426197409629822,"[('chromatic_aberrations', 0.9426197409629822), ('image_denoising', 0.03467271849513054), ('quantization_noise', 0.012974978424608707)]"
7272599674.jpg,image_denoising,0.7953871488571167,"[('image_denoising', 0.7953871488571167), ('mean shift', 0.12420635670423508), ('contrast_change', 0.05359390750527382)]"
7275267386.jpg,mean shift,0.6141772866249084,"[('mean shift', 0.6141772866249084), ('chromatic_aberrations', 0.3113851249217987), ('quantization_noise', 0.0519062839448452)]"
7276321940.jpg,chromatic_aberrations,0.8051244020462036,"[('chromatic_aberrations', 0.8051244020462036), ('image_denoising', 0.19198061525821686), ('mean shift', 0.0011528184404596686)]"
7288043746.jpg,gaussian_blur,0.9931319355964661,"[('gaussian_blur', 0.9931319355964661), ('image_denoising', 0.0065952083095908165), ('chromatic_aberrations', 0.0002361986698815599)]"
7316218852.jpg,contrast_change,0.7579148411750793,"[('contrast_change', 0.7579148411750793), ('quantization_noise', 0.24062180519104004), ('chromatic_aberrations', 0.0009694090113043785)]"
7321293264.jpg,image_denoising,0.9983543157577515,"[('image_denoising', 0.9983543157577515), ('comfort_noise', 0.0006996337906457484), ('jpeg2000_compression', 0.00041311545646749437)]"
7339227510.jpg,contrast_change,0.6433261632919312,"[('contrast_change', 0.6433261632919312), ('jpeg2000_transmission_errors', 0.21617405116558075), ('image_denoising', 0.1097201332449913)]"
7340239088.jpg,gaussian_blur,0.9986145496368408,"[('gaussian_blur', 0.9986145496368408), ('chromatic_aberrations', 0.0008414479671046138), ('image_denoising', 0.0002684249193407595)]"
7344897910.jpg,change of color saturation,0.9995124340057373,"[('change of color saturation', 0.9995124340057373), ('contrast_change', 0.0003883843601215631), ('jpeg_transmission_errors', 6.20500068180263e-05)]"
735046558.jpg,chromatic_aberrations,0.4867765009403229,"[('chromatic_aberrations', 0.4867765009403229), ('mean shift', 0.24975112080574036), ('contrast_change', 0.21326977014541626)]"
7355960902.jpg,contrast_change,0.9327043890953064,"[('contrast_change', 0.9327043890953064), ('jpeg2000_transmission_errors', 0.04103848338127136), ('mean shift', 0.016814732924103737)]"
7358286276.jpg,chromatic_aberrations,0.9243804812431335,"[('chromatic_aberrations', 0.9243804812431335), ('spatially_correlated_noise', 0.037807613611221313), ('impulse_noise', 0.007542113307863474)]"
7365681654.jpg,image_denoising,0.8007296323776245,"[('image_denoising', 0.8007296323776245), ('jpeg2000_compression', 0.061449307948350906), ('chromatic_aberrations', 0.042515430599451065)]"
7369136066.jpg,change of color saturation,0.9999580383300781,"[('change of color saturation', 0.9999580383300781), ('jpeg_transmission_errors', 2.4360464522033e-05), ('color_quantization_with_dithering', 8.431816240772605e-06)]"
7376214050.jpg,image_denoising,0.9755447506904602,"[('image_denoising', 0.9755447506904602), ('gaussian_blur', 0.023732339963316917), ('chromatic_aberrations', 0.0004622797714546323)]"
7382484290.jpg,contrast_change,0.9802762269973755,"[('contrast_change', 0.9802762269973755), ('mean shift', 0.008290025405585766), ('quantization_noise', 0.0056935823522508144)]"
7383311936.jpg,jpeg2000_transmission_errors,0.9824420809745789,"[('jpeg2000_transmission_errors', 0.9824420809745789), ('contrast_change', 0.009567120112478733), ('mean shift', 0.0032832075376063585)]"
7387717156.jpg,chromatic_aberrations,0.919318437576294,"[('chromatic_aberrations', 0.919318437576294), ('image_denoising', 0.08025055378675461), ('gaussian_blur', 0.00017454249609727412)]"
7395359632.jpg,image_denoising,0.9997060894966125,"[('image_denoising', 0.9997060894966125), ('chromatic_aberrations', 0.00025562444352544844), ('gaussian_blur', 2.014052188314963e-05)]"
7399670298.jpg,mean shift,0.38582101464271545,"[('mean shift', 0.38582101464271545), ('gaussian_blur', 0.32978683710098267), ('image_denoising', 0.169638991355896)]"
7402614702.jpg,quantization_noise,0.7978105545043945,"[('quantization_noise', 0.7978105545043945), ('chromatic_aberrations', 0.1928841918706894), ('contrast_change', 0.006626627407968044)]"
7405428626.jpg,contrast_change,0.4974914789199829,"[('contrast_change', 0.4974914789199829), ('mean shift', 0.41624847054481506), ('gaussian_blur', 0.03862418606877327)]"
7411918198.jpg,contrast_change,0.6928454041481018,"[('contrast_change', 0.6928454041481018), ('comfort_noise', 0.21796390414237976), ('jpeg2000_transmission_errors', 0.03304893523454666)]"
7425526298.jpg,contrast_change,0.9992581009864807,"[('contrast_change', 0.9992581009864807), ('jpeg2000_transmission_errors', 0.0003258190699853003), ('quantization_noise', 0.0001651096681598574)]"
742801177.jpg,local_block-wise_distortions,0.49514564871788025,"[('local_block-wise_distortions', 0.49514564871788025), ('jpeg_compression', 0.44046345353126526), ('jpeg_transmission_errors', 0.02510424517095089)]"
7431456352.jpg,chromatic_aberrations,0.6888339519500732,"[('chromatic_aberrations', 0.6888339519500732), ('quantization_noise', 0.19671544432640076), ('contrast_change', 0.09452220052480698)]"
7433488844.jpg,jpeg_transmission_errors,0.680876612663269,"[('jpeg_transmission_errors', 0.680876612663269), ('change of color saturation', 0.2471444308757782), ('non_eccentricity_pattern_noise', 0.040133874863386154)]"
7443887988.jpg,gaussian_blur,0.9217659831047058,"[('gaussian_blur', 0.9217659831047058), ('image_denoising', 0.070370152592659), ('mean shift', 0.006651144940406084)]"
7452245552.jpg,contrast_change,0.9642733335494995,"[('contrast_change', 0.9642733335494995), ('quantization_noise', 0.035323962569236755), ('comfort_noise', 0.00010405359353171661)]"
7470692282.jpg,chromatic_aberrations,0.644235372543335,"[('chromatic_aberrations', 0.644235372543335), ('spatially_correlated_noise', 0.07699388265609741), ('image_denoising', 0.07313308864831924)]"
7472436450.jpg,gaussian_blur,0.5485143065452576,"[('gaussian_blur', 0.5485143065452576), ('chromatic_aberrations', 0.23153769969940186), ('mean shift', 0.1725831925868988)]"
7483507340.jpg,image_denoising,0.9895805716514587,"[('image_denoising', 0.9895805716514587), ('chromatic_aberrations', 0.0043895370326936245), ('quantization_noise', 0.00428389897570014)]"
7493136824.jpg,contrast_change,0.4450428783893585,"[('contrast_change', 0.4450428783893585), ('color_quantization_with_dithering', 0.27321138978004456), ('change of color saturation', 0.1098727434873581)]"
7504875900.jpg,chromatic_aberrations,0.7603758573532104,"[('chromatic_aberrations', 0.7603758573532104), ('quantization_noise', 0.18385156989097595), ('contrast_change', 0.023681165650486946)]"
7506629916.jpg,image_denoising,0.5523421764373779,"[('image_denoising', 0.5523421764373779), ('chromatic_aberrations', 0.42183130979537964), ('quantization_noise', 0.007136367727071047)]"
751468322.jpg,image_denoising,0.8476070165634155,"[('image_denoising', 0.8476070165634155), ('chromatic_aberrations', 0.07548745721578598), ('contrast_change', 0.060507047921419144)]"
7526349354.jpg,image_denoising,0.7278298735618591,"[('image_denoising', 0.7278298735618591), ('mean shift', 0.1507306843996048), ('chromatic_aberrations', 0.1087002381682396)]"
7530928692.jpg,image_denoising,0.5006841421127319,"[('image_denoising', 0.5006841421127319), ('chromatic_aberrations', 0.49897193908691406), ('jpeg2000_compression', 9.55250216065906e-05)]"
7543397674.jpg,contrast_change,0.9916587471961975,"[('contrast_change', 0.9916587471961975), ('quantization_noise', 0.00764069426804781), ('jpeg2000_transmission_errors', 0.00025944129447452724)]"
7548332064.jpg,chromatic_aberrations,0.8662112355232239,"[('chromatic_aberrations', 0.8662112355232239), ('image_denoising', 0.13297666609287262), ('quantization_noise', 0.0004579657397698611)]"
7551562932.jpg,quantization_noise,0.9082444906234741,"[('quantization_noise', 0.9082444906234741), ('chromatic_aberrations', 0.07531341910362244), ('image_denoising', 0.013054893352091312)]"
7555880012.jpg,image_denoising,0.867340624332428,"[('image_denoising', 0.867340624332428), ('chromatic_aberrations', 0.03704026713967323), ('jpeg2000_compression', 0.03602603077888489)]"
7559495698.jpg,gaussian_blur,0.9684090614318848,"[('gaussian_blur', 0.9684090614318848), ('image_denoising', 0.027433307841420174), ('chromatic_aberrations', 0.00335176894441247)]"
7562246986.jpg,chromatic_aberrations,0.988926887512207,"[('chromatic_aberrations', 0.988926887512207), ('image_denoising', 0.00630801310762763), ('mean shift', 0.0039031808264553547)]"
7574036406.jpg,jpeg2000_transmission_errors,0.9862478375434875,"[('jpeg2000_transmission_errors', 0.9862478375434875), ('image_denoising', 0.008526240475475788), ('contrast_change', 0.0015299164224416018)]"
7583515.jpg,image_denoising,0.9842115044593811,"[('image_denoising', 0.9842115044593811), ('gaussian_blur', 0.009563214145600796), ('chromatic_aberrations', 0.0031581688672304153)]"
7587404052.jpg,mean shift,0.7992569804191589,"[('mean shift', 0.7992569804191589), ('chromatic_aberrations', 0.09653789550065994), ('image_denoising', 0.06310765445232391)]"
7588949536.jpg,mean shift,0.8997673988342285,"[('mean shift', 0.8997673988342285), ('multiplicative_gaussian_noise', 0.03484430909156799), ('quantization_noise', 0.026841090992093086)]"
7607759408.jpg,image_denoising,0.9755954742431641,"[('image_denoising', 0.9755954742431641), ('jpeg2000_transmission_errors', 0.013650566339492798), ('chromatic_aberrations', 0.004840509966015816)]"
7625539278.jpg,mean shift,0.8252127170562744,"[('mean shift', 0.8252127170562744), ('gaussian_blur', 0.1642090082168579), ('chromatic_aberrations', 0.004002672154456377)]"
7627340946.jpg,change of color saturation,0.9997174143791199,"[('change of color saturation', 0.9997174143791199), ('jpeg_transmission_errors', 0.00021705283143091947), ('color_quantization_with_dithering', 2.3617405531695113e-05)]"
7628306442.jpg,quantization_noise,0.8175026178359985,"[('quantization_noise', 0.8175026178359985), ('chromatic_aberrations', 0.15773405134677887), ('image_denoising', 0.021981172263622284)]"
7630573758.jpg,gaussian_blur,0.9541011452674866,"[('gaussian_blur', 0.9541011452674866), ('image_denoising', 0.020666329190135002), ('jpeg2000_transmission_errors', 0.017681729048490524)]"
7636475996.jpg,image_denoising,0.6732734441757202,"[('image_denoising', 0.6732734441757202), ('chromatic_aberrations', 0.32568445801734924), ('mean shift', 0.00041336455615237355)]"
7644640634.jpg,jpeg_transmission_errors,0.585936427116394,"[('jpeg_transmission_errors', 0.585936427116394), ('mean shift', 0.3651793599128723), ('contrast_change', 0.038915060460567474)]"
7645259944.jpg,mean shift,0.931446373462677,"[('mean shift', 0.931446373462677), ('contrast_change', 0.028735077008605003), ('quantization_noise', 0.02579307183623314)]"
7655498028.jpg,spatially_correlated_noise,0.9018271565437317,"[('spatially_correlated_noise', 0.9018271565437317), ('chromatic_aberrations', 0.09623030573129654), ('quantization_noise', 0.0006974600837565958)]"
7657349694.jpg,mean shift,0.9103963971138,"[('mean shift', 0.9103963971138), ('chromatic_aberrations', 0.04688144847750664), ('contrast_change', 0.021937642246484756)]"
7714207710.jpg,chromatic_aberrations,0.9971875548362732,"[('chromatic_aberrations', 0.9971875548362732), ('quantization_noise', 0.0025058165192604065), ('image_denoising', 0.00018753927724901587)]"
7714653298.jpg,change of color saturation,0.999656081199646,"[('change of color saturation', 0.999656081199646), ('mean shift', 0.00018720381194725633), ('contrast_change', 6.217171176103875e-05)]"
7715219180.jpg,chromatic_aberrations,0.9979129433631897,"[('chromatic_aberrations', 0.9979129433631897), ('image_denoising', 0.0018994195852428675), ('quantization_noise', 0.00010449194087414071)]"
772323238.jpg,change of color saturation,0.9999116659164429,"[('change of color saturation', 0.9999116659164429), ('jpeg_transmission_errors', 5.939468974247575e-05), ('contrast_change', 2.0469586161198094e-05)]"
7726222874.jpg,chromatic_aberrations,0.9978762865066528,"[('chromatic_aberrations', 0.9978762865066528), ('image_denoising', 0.0018684279639273882), ('spatially_correlated_noise', 0.0001924641983350739)]"
7730088582.jpg,gaussian_blur,0.6203012466430664,"[('gaussian_blur', 0.6203012466430664), ('image_denoising', 0.24444562196731567), ('chromatic_aberrations', 0.1259853094816208)]"
7731030916.jpg,contrast_change,0.9640961289405823,"[('contrast_change', 0.9640961289405823), ('quantization_noise', 0.028132686391472816), ('non_eccentricity_pattern_noise', 0.005398735404014587)]"
7731477968.jpg,chromatic_aberrations,0.9960922598838806,"[('chromatic_aberrations', 0.9960922598838806), ('quantization_noise', 0.003257077420130372), ('spatially_correlated_noise', 0.00015616617747582495)]"
7738480598.jpg,mean shift,0.7423903942108154,"[('mean shift', 0.7423903942108154), ('chromatic_aberrations', 0.24913404881954193), ('image_denoising', 0.0032157397363334894)]"
7745366610.jpg,contrast_change,0.9744890332221985,"[('contrast_change', 0.9744890332221985), ('mean shift', 0.021273883059620857), ('quantization_noise', 0.00303981127217412)]"
7751603360.jpg,non_eccentricity_pattern_noise,0.9991084933280945,"[('non_eccentricity_pattern_noise', 0.9991084933280945), ('jpeg_transmission_errors', 0.0003301215765532106), ('impulse_noise', 0.00020312050764914602)]"
7756416864.jpg,chromatic_aberrations,0.944976806640625,"[('chromatic_aberrations', 0.944976806640625), ('mean shift', 0.02336425520479679), ('image_denoising', 0.021776946261525154)]"
7756578200.jpg,gaussian_blur,0.6342291831970215,"[('gaussian_blur', 0.6342291831970215), ('chromatic_aberrations', 0.28686782717704773), ('image_denoising', 0.057399168610572815)]"
7766392832.jpg,chromatic_aberrations,0.3662462830543518,"[('chromatic_aberrations', 0.3662462830543518), ('quantization_noise', 0.28900405764579773), ('image_denoising', 0.2182108610868454)]"
7769931466.jpg,contrast_change,0.8504467010498047,"[('contrast_change', 0.8504467010498047), ('color_quantization_with_dithering', 0.1071162149310112), ('jpeg2000_transmission_errors', 0.0316358283162117)]"
7777135010.jpg,image_denoising,0.9881181120872498,"[('image_denoising', 0.9881181120872498), ('gaussian_blur', 0.007016696035861969), ('jpeg2000_compression', 0.003836106276139617)]"
7778203492.jpg,change of color saturation,0.9758899807929993,"[('change of color saturation', 0.9758899807929993), ('jpeg_transmission_errors', 0.015105008147656918), ('color_quantization_with_dithering', 0.003474306082352996)]"
7785223076.jpg,image_denoising,0.5711809396743774,"[('image_denoising', 0.5711809396743774), ('gaussian_blur', 0.2668793201446533), ('chromatic_aberrations', 0.1434168815612793)]"
7787028496.jpg,contrast_change,0.992469847202301,"[('contrast_change', 0.992469847202301), ('mean shift', 0.0052477698773145676), ('quantization_noise', 0.0016728165792301297)]"
7811388288.jpg,quantization_noise,0.4653080105781555,"[('quantization_noise', 0.4653080105781555), ('mean shift', 0.30382612347602844), ('chromatic_aberrations', 0.04868144914507866)]"
7820783548.jpg,chromatic_aberrations,0.8992859721183777,"[('chromatic_aberrations', 0.8992859721183777), ('image_denoising', 0.09682337939739227), ('mean shift', 0.0017378971679136157)]"
7870300862.jpg,change of color saturation,0.9998611211776733,"[('change of color saturation', 0.9998611211776733), ('jpeg_transmission_errors', 0.00010572538303676993), ('jpeg_compression', 1.4656713574368041e-05)]"
7877688978.jpg,jpeg2000_transmission_errors,0.6993170380592346,"[('jpeg2000_transmission_errors', 0.6993170380592346), ('contrast_change', 0.2956838011741638), ('comfort_noise', 0.001414978294633329)]"
7878410170.jpg,change of color saturation,0.990562379360199,"[('change of color saturation', 0.990562379360199), ('contrast_change', 0.0053518787026405334), ('jpeg_transmission_errors', 0.0034770548809319735)]"
7883125264.jpg,contrast_change,0.9217875003814697,"[('contrast_change', 0.9217875003814697), ('quantization_noise', 0.07709803432226181), ('chromatic_aberrations', 0.0003004761238116771)]"
7900303150.jpg,non_eccentricity_pattern_noise,0.7380289435386658,"[('non_eccentricity_pattern_noise', 0.7380289435386658), ('contrast_change', 0.12921936810016632), ('jpeg2000_transmission_errors', 0.0709477961063385)]"
7903714372.jpg,mean shift,0.8192045092582703,"[('mean shift', 0.8192045092582703), ('contrast_change', 0.08937365561723709), ('chromatic_aberrations', 0.07384016364812851)]"
7904253618.jpg,image_denoising,0.43152740597724915,"[('image_denoising', 0.43152740597724915), ('gaussian_blur', 0.28028273582458496), ('jpeg2000_transmission_errors', 0.11022242903709412)]"
7919265884.jpg,chromatic_aberrations,0.9901005625724792,"[('chromatic_aberrations', 0.9901005625724792), ('gaussian_blur', 0.004721890669316053), ('image_denoising', 0.0036748070269823074)]"
7919270808.jpg,chromatic_aberrations,0.9382225871086121,"[('chromatic_aberrations', 0.9382225871086121), ('image_denoising', 0.03537753224372864), ('gaussian_blur', 0.015941213816404343)]"
7924366.jpg,image_denoising,0.9985836744308472,"[('image_denoising', 0.9985836744308472), ('chromatic_aberrations', 0.0007858593016862869), ('gaussian_blur', 0.0006179637857712805)]"
7926649668.jpg,contrast_change,0.9579359889030457,"[('contrast_change', 0.9579359889030457), ('mean shift', 0.04176441580057144), ('chromatic_aberrations', 9.904104081215337e-05)]"
7928561010.jpg,gaussian_blur,0.9994810223579407,"[('gaussian_blur', 0.9994810223579407), ('image_denoising', 0.0003725035348907113), ('sparse_sampling_and_reconstruction', 0.00011142987932544202)]"
7940282852.jpg,chromatic_aberrations,0.9995386600494385,"[('chromatic_aberrations', 0.9995386600494385), ('image_denoising', 0.00038171157939359546), ('mean shift', 5.104948650114238e-05)]"
7946918290.jpg,chromatic_aberrations,0.9963341951370239,"[('chromatic_aberrations', 0.9963341951370239), ('image_denoising', 0.0034446807112544775), ('mean shift', 0.000120192977192346)]"
79475896.jpg,chromatic_aberrations,0.9669941067695618,"[('chromatic_aberrations', 0.9669941067695618), ('contrast_change', 0.021757585927844048), ('quantization_noise', 0.005254778545349836)]"
7951947544.jpg,chromatic_aberrations,0.527084469795227,"[('chromatic_aberrations', 0.527084469795227), ('mean shift', 0.35226771235466003), ('gaussian_blur', 0.10409145802259445)]"
7955276034.jpg,chromatic_aberrations,0.8434975743293762,"[('chromatic_aberrations', 0.8434975743293762), ('gaussian_blur', 0.11078482121229172), ('image_denoising', 0.04251917824149132)]"
7957627098.jpg,change of color saturation,0.9999605417251587,"[('change of color saturation', 0.9999605417251587), ('jpeg_transmission_errors', 1.48954377436894e-05), ('jpeg_compression', 1.1430272934376262e-05)]"
7963365940.jpg,contrast_change,0.9942449927330017,"[('contrast_change', 0.9942449927330017), ('jpeg2000_transmission_errors', 0.0031474633142352104), ('quantization_noise', 0.0007997332722879946)]"
7964545096.jpg,chromatic_aberrations,0.6609199643135071,"[('chromatic_aberrations', 0.6609199643135071), ('mean shift', 0.30445390939712524), ('contrast_change', 0.017815494909882545)]"
7967382050.jpg,chromatic_aberrations,0.9989577531814575,"[('chromatic_aberrations', 0.9989577531814575), ('mean shift', 0.0005553234950639307), ('image_denoising', 0.0003311967884656042)]"
7977665407.jpg,chromatic_aberrations,0.8433091044425964,"[('chromatic_aberrations', 0.8433091044425964), ('quantization_noise', 0.15255551040172577), ('contrast_change', 0.0017422825330868363)]"
7981422171.jpg,mean shift,0.6643721461296082,"[('mean shift', 0.6643721461296082), ('contrast_change', 0.22616048157215118), ('chromatic_aberrations', 0.10347959399223328)]"
7981733981.jpg,contrast_change,0.9726660847663879,"[('contrast_change', 0.9726660847663879), ('mean shift', 0.014827143400907516), ('quantization_noise', 0.004219433292746544)]"
7983529291.jpg,chromatic_aberrations,0.8302398920059204,"[('chromatic_aberrations', 0.8302398920059204), ('image_denoising', 0.15443696081638336), ('quantization_noise', 0.006867561023682356)]"
7989292953.jpg,mean shift,0.998237133026123,"[('mean shift', 0.998237133026123), ('contrast_change', 0.0015870571369305253), ('quantization_noise', 6.462009332608432e-05)]"
7992243526.jpg,mean shift,0.8578288555145264,"[('mean shift', 0.8578288555145264), ('contrast_change', 0.07704365253448486), ('quantization_noise', 0.03966854512691498)]"
8000756995.jpg,comfort_noise,0.783926248550415,"[('comfort_noise', 0.783926248550415), ('jpeg_transmission_errors', 0.21437880396842957), ('jpeg2000_transmission_errors', 0.0011507560266181827)]"
8008251007.jpg,chromatic_aberrations,0.9997507929801941,"[('chromatic_aberrations', 0.9997507929801941), ('image_denoising', 0.00019426379003562033), ('quantization_noise', 2.555867649789434e-05)]"
80184044.jpg,image_denoising,0.9932465553283691,"[('image_denoising', 0.9932465553283691), ('gaussian_blur', 0.006444910075515509), ('jpeg2000_compression', 0.00020115093502681702)]"
8019221019.jpg,contrast_change,0.7006592750549316,"[('contrast_change', 0.7006592750549316), ('image_denoising', 0.13164165616035461), ('comfort_noise', 0.04526298865675926)]"
8035478082.jpg,chromatic_aberrations,0.9826416373252869,"[('chromatic_aberrations', 0.9826416373252869), ('quantization_noise', 0.013626834377646446), ('image_denoising', 0.0012286388082429767)]"
8039894154.jpg,image_denoising,0.9470146894454956,"[('image_denoising', 0.9470146894454956), ('mean shift', 0.02335500344634056), ('contrast_change', 0.014865945093333721)]"
8040993311.jpg,quantization_noise,0.8551903963088989,"[('quantization_noise', 0.8551903963088989), ('contrast_change', 0.14364278316497803), ('jpeg2000_transmission_errors', 0.0006260636728256941)]"
80417582.jpg,mean shift,0.5635554790496826,"[('mean shift', 0.5635554790496826), ('chromatic_aberrations', 0.4076593518257141), ('contrast_change', 0.013242351822555065)]"
8041987489.jpg,non_eccentricity_pattern_noise,0.9330190420150757,"[('non_eccentricity_pattern_noise', 0.9330190420150757), ('contrast_change', 0.033459845930337906), ('quantization_noise', 0.021247193217277527)]"
8044706176.jpg,chromatic_aberrations,0.999195396900177,"[('chromatic_aberrations', 0.999195396900177), ('mean shift', 0.00027278350898995996), ('image_denoising', 0.0002401312522124499)]"
8045159223.jpg,gaussian_blur,0.8671172261238098,"[('gaussian_blur', 0.8671172261238098), ('chromatic_aberrations', 0.0762769877910614), ('image_denoising', 0.0373406819999218)]"
8054439590.jpg,contrast_change,0.9516654014587402,"[('contrast_change', 0.9516654014587402), ('jpeg2000_transmission_errors', 0.02801281400024891), ('chromatic_aberrations', 0.007845955900847912)]"
8055570957.jpg,contrast_change,0.879736602306366,"[('contrast_change', 0.879736602306366), ('quantization_noise', 0.06413564085960388), ('chromatic_aberrations', 0.0517849363386631)]"
8058467090.jpg,quantization_noise,0.6377567052841187,"[('quantization_noise', 0.6377567052841187), ('chromatic_aberrations', 0.18941013514995575), ('impulse_noise', 0.16344290971755981)]"
8060303212.jpg,chromatic_aberrations,0.6786922812461853,"[('chromatic_aberrations', 0.6786922812461853), ('gaussian_blur', 0.20193246006965637), ('image_denoising', 0.04041801393032074)]"
8064361291.jpg,chromatic_aberrations,0.9483962059020996,"[('chromatic_aberrations', 0.9483962059020996), ('contrast_change', 0.039009854197502136), ('quantization_noise', 0.005574796348810196)]"
8067632249.jpg,contrast_change,0.9870193004608154,"[('contrast_change', 0.9870193004608154), ('quantization_noise', 0.011622034944593906), ('chromatic_aberrations', 0.0007230548653751612)]"
8074116162.jpg,mean shift,0.7789067029953003,"[('mean shift', 0.7789067029953003), ('gaussian_blur', 0.16340182721614838), ('chromatic_aberrations', 0.05376870185136795)]"
8078070846.jpg,mean shift,0.47624820470809937,"[('mean shift', 0.47624820470809937), ('jpeg_transmission_errors', 0.3198605179786682), ('contrast_change', 0.11838424205780029)]"
8081563599.jpg,contrast_change,0.8591012954711914,"[('contrast_change', 0.8591012954711914), ('non_eccentricity_pattern_noise', 0.13200925290584564), ('quantization_noise', 0.0024362218100577593)]"
8084074435.jpg,quantization_noise,0.9871827363967896,"[('quantization_noise', 0.9871827363967896), ('contrast_change', 0.012490523047745228), ('chromatic_aberrations', 0.00019381866150069982)]"
8084640023.jpg,mean shift,0.9899084568023682,"[('mean shift', 0.9899084568023682), ('contrast_change', 0.009981157258152962), ('gaussian_blur', 6.785080040572211e-05)]"
8088364175.jpg,mean shift,0.8747454881668091,"[('mean shift', 0.8747454881668091), ('chromatic_aberrations', 0.09513409435749054), ('contrast_change', 0.01129212137311697)]"
8090282985.jpg,mean shift,0.9402311444282532,"[('mean shift', 0.9402311444282532), ('contrast_change', 0.05146998167037964), ('quantization_noise', 0.0030231622513383627)]"
8090361774.jpg,change of color saturation,0.9938250780105591,"[('change of color saturation', 0.9938250780105591), ('jpeg2000_transmission_errors', 0.0029418820049613714), ('color_quantization_with_dithering', 0.0028930343687534332)]"
8091151386.jpg,chromatic_aberrations,0.9631536602973938,"[('chromatic_aberrations', 0.9631536602973938), ('image_denoising', 0.029500991106033325), ('mean shift', 0.002579150488600135)]"
8093852043.jpg,contrast_change,0.7920188307762146,"[('contrast_change', 0.7920188307762146), ('mean shift', 0.12459082156419754), ('quantization_noise', 0.06802158057689667)]"
81006585.jpg,spatially_correlated_noise,0.9890534281730652,"[('spatially_correlated_noise', 0.9890534281730652), ('additive_noise_in_color_components', 0.005319791845977306), ('chromatic_aberrations', 0.004747105296701193)]"
8102673511.jpg,chromatic_aberrations,0.9989744424819946,"[('chromatic_aberrations', 0.9989744424819946), ('mean shift', 0.0006391426431946456), ('image_denoising', 0.00010141766688320786)]"
8103481984.jpg,contrast_change,0.9978331923484802,"[('contrast_change', 0.9978331923484802), ('jpeg2000_transmission_errors', 0.001281081116758287), ('quantization_noise', 0.0006703956169076264)]"
8108590859.jpg,gaussian_blur,0.9947224855422974,"[('gaussian_blur', 0.9947224855422974), ('image_denoising', 0.004390744026750326), ('jpeg2000_transmission_errors', 0.00019709690241143107)]"
8109380358.jpg,chromatic_aberrations,0.9321063756942749,"[('chromatic_aberrations', 0.9321063756942749), ('image_denoising', 0.03341186046600342), ('gaussian_blur', 0.019366828724741936)]"
8120535413.jpg,quantization_noise,0.9827881455421448,"[('quantization_noise', 0.9827881455421448), ('chromatic_aberrations', 0.011491590179502964), ('image_denoising', 0.0031338364351540804)]"
8121424411.jpg,change of color saturation,0.999951958656311,"[('change of color saturation', 0.999951958656311), ('jpeg_transmission_errors', 2.0774912627530284e-05), ('sparse_sampling_and_reconstruction', 1.5755180356791243e-05)]"
8122853098.jpg,chromatic_aberrations,0.35582178831100464,"[('chromatic_aberrations', 0.35582178831100464), ('image_denoising', 0.23457293212413788), ('contrast_change', 0.23012316226959229)]"
8127311442.jpg,mean shift,0.7815921902656555,"[('mean shift', 0.7815921902656555), ('contrast_change', 0.18418611586093903), ('chromatic_aberrations', 0.025212140753865242)]"
8127846229.jpg,chromatic_aberrations,0.9958027005195618,"[('chromatic_aberrations', 0.9958027005195618), ('quantization_noise', 0.003310741391032934), ('image_denoising', 0.00038420691271312535)]"
8128896956.jpg,gaussian_blur,0.7333194613456726,"[('gaussian_blur', 0.7333194613456726), ('image_denoising', 0.2662145495414734), ('chromatic_aberrations', 0.0002282141795149073)]"
81292981.jpg,mean shift,0.9644860625267029,"[('mean shift', 0.9644860625267029), ('chromatic_aberrations', 0.02297692745923996), ('gaussian_blur', 0.008136361837387085)]"
8134031054.jpg,mean shift,0.6030340790748596,"[('mean shift', 0.6030340790748596), ('chromatic_aberrations', 0.31582924723625183), ('image_denoising', 0.06809317320585251)]"
8137767984.jpg,chromatic_aberrations,0.9539555311203003,"[('chromatic_aberrations', 0.9539555311203003), ('image_denoising', 0.028393570333719254), ('mean shift', 0.012624485418200493)]"
8142555462.jpg,mean shift,0.5516637563705444,"[('mean shift', 0.5516637563705444), ('chromatic_aberrations', 0.4261167049407959), ('contrast_change', 0.015585065819323063)]"
8152475637.jpg,quantization_noise,0.9978725910186768,"[('quantization_noise', 0.9978725910186768), ('image_denoising', 0.0014841636875644326), ('contrast_change', 0.0004344368353486061)]"
8152535252.jpg,quantization_noise,0.3726619780063629,"[('quantization_noise', 0.3726619780063629), ('image_denoising', 0.31891006231307983), ('chromatic_aberrations', 0.2894040048122406)]"
8157884969.jpg,mean shift,0.5551925897598267,"[('mean shift', 0.5551925897598267), ('chromatic_aberrations', 0.21027915179729462), ('contrast_change', 0.13826817274093628)]"
8159815111.jpg,contrast_change,0.5995938181877136,"[('contrast_change', 0.5995938181877136), ('gaussian_blur', 0.3059888780117035), ('sparse_sampling_and_reconstruction', 0.0830930694937706)]"
8162335542.jpg,mean shift,0.835725724697113,"[('mean shift', 0.835725724697113), ('chromatic_aberrations', 0.1557745635509491), ('contrast_change', 0.006747409701347351)]"
8163644568.jpg,mean shift,0.514873743057251,"[('mean shift', 0.514873743057251), ('chromatic_aberrations', 0.45890673995018005), ('contrast_change', 0.010842615738511086)]"
8165044722.jpg,image_denoising,0.9337493181228638,"[('image_denoising', 0.9337493181228638), ('chromatic_aberrations', 0.0653994157910347), ('jpeg2000_compression', 0.00019960945064667612)]"
8165323576.jpg,mean shift,0.9061064720153809,"[('mean shift', 0.9061064720153809), ('chromatic_aberrations', 0.061313096433877945), ('image_denoising', 0.02422037534415722)]"
8167676296.jpg,chromatic_aberrations,0.9993712306022644,"[('chromatic_aberrations', 0.9993712306022644), ('image_denoising', 0.0002599424624349922), ('gaussian_blur', 0.00017473194748163223)]"
8171907364.jpg,image_denoising,0.837652325630188,"[('image_denoising', 0.837652325630188), ('quantization_noise', 0.1519974321126938), ('contrast_change', 0.0032016083132475615)]"
8174015928.jpg,chromatic_aberrations,0.9926220178604126,"[('chromatic_aberrations', 0.9926220178604126), ('image_denoising', 0.006881818175315857), ('mean shift', 0.00020947755547240376)]"
8177168382.jpg,image_denoising,0.679539680480957,"[('image_denoising', 0.679539680480957), ('chromatic_aberrations', 0.18148690462112427), ('quantization_noise', 0.10742179304361343)]"
8178540063.jpg,chromatic_aberrations,0.9861173033714294,"[('chromatic_aberrations', 0.9861173033714294), ('mean shift', 0.009422401897609234), ('image_denoising', 0.003823028178885579)]"
8181726766.jpg,non_eccentricity_pattern_noise,0.8258289098739624,"[('non_eccentricity_pattern_noise', 0.8258289098739624), ('chromatic_aberrations', 0.07460159063339233), ('contrast_change', 0.047440312802791595)]"
8182062575.jpg,change of color saturation,0.9998877048492432,"[('change of color saturation', 0.9998877048492432), ('jpeg_transmission_errors', 8.404222171520814e-05), ('jpeg2000_transmission_errors', 8.320871529576834e-06)]"
8182393998.jpg,change of color saturation,0.9946331977844238,"[('change of color saturation', 0.9946331977844238), ('color_quantization_with_dithering', 0.0049546561203897), ('jpeg_transmission_errors', 0.00020243854669388384)]"
8183781293.jpg,contrast_change,0.9442827105522156,"[('contrast_change', 0.9442827105522156), ('quantization_noise', 0.05514222010970116), ('non_eccentricity_pattern_noise', 0.00015795142098795623)]"
8184338593.jpg,contrast_change,0.9933518171310425,"[('contrast_change', 0.9933518171310425), ('jpeg2000_transmission_errors', 0.005355576053261757), ('quantization_noise', 0.0007879430777393281)]"
8188524067.jpg,quantization_noise,0.6361544132232666,"[('quantization_noise', 0.6361544132232666), ('contrast_change', 0.17958994209766388), ('image_denoising', 0.16874435544013977)]"
8195268203.jpg,chromatic_aberrations,0.6268826723098755,"[('chromatic_aberrations', 0.6268826723098755), ('mean shift', 0.3680460751056671), ('image_denoising', 0.001268367050215602)]"
8196266010.jpg,mean shift,0.7439795732498169,"[('mean shift', 0.7439795732498169), ('contrast_change', 0.23105502128601074), ('chromatic_aberrations', 0.01995168998837471)]"
8197822329.jpg,mean shift,0.5922610759735107,"[('mean shift', 0.5922610759735107), ('contrast_change', 0.24647803604602814), ('chromatic_aberrations', 0.10199861228466034)]"
8207139364.jpg,contrast_change,0.8894852995872498,"[('contrast_change', 0.8894852995872498), ('mean shift', 0.10820777714252472), ('quantization_noise', 0.0015616730088368058)]"
8208757707.jpg,quantization_noise,0.6722256541252136,"[('quantization_noise', 0.6722256541252136), ('impulse_noise', 0.10897868126630783), ('mean shift', 0.09273617714643478)]"
8212081020.jpg,mean shift,0.9394233226776123,"[('mean shift', 0.9394233226776123), ('chromatic_aberrations', 0.05725051090121269), ('gaussian_blur', 0.0013058207696303725)]"
8213296844.jpg,contrast_change,0.977505624294281,"[('contrast_change', 0.977505624294281), ('quantization_noise', 0.011973004788160324), ('jpeg2000_transmission_errors', 0.006552929989993572)]"
8217034676.jpg,jpeg2000_compression,0.7111944556236267,"[('jpeg2000_compression', 0.7111944556236267), ('image_denoising', 0.16402600705623627), ('gaussian_blur', 0.12198454141616821)]"
8218123958.jpg,change of color saturation,0.9741804003715515,"[('change of color saturation', 0.9741804003715515), ('contrast_change', 0.015950674191117287), ('mean shift', 0.009303577244281769)]"
82183009.jpg,quantization_noise,0.8892412185668945,"[('quantization_noise', 0.8892412185668945), ('chromatic_aberrations', 0.10072392225265503), ('spatially_correlated_noise', 0.006053327117115259)]"
8219032452.jpg,mean shift,0.8802071213722229,"[('mean shift', 0.8802071213722229), ('contrast_change', 0.11592905968427658), ('spatially_correlated_noise', 0.0007970017031766474)]"
8220742117.jpg,spatially_correlated_noise,0.7969043254852295,"[('spatially_correlated_noise', 0.7969043254852295), ('additive_gaussian_noise', 0.07938411831855774), ('lossy_compression_of_color_images', 0.05703916400671005)]"
8222142608.jpg,chromatic_aberrations,0.9576602578163147,"[('chromatic_aberrations', 0.9576602578163147), ('mean shift', 0.03250368684530258), ('image_denoising', 0.004267623648047447)]"
8223457724.jpg,chromatic_aberrations,0.7685603499412537,"[('chromatic_aberrations', 0.7685603499412537), ('mean shift', 0.1246611699461937), ('contrast_change', 0.0737667828798294)]"
8225184235.jpg,chromatic_aberrations,0.5927093029022217,"[('chromatic_aberrations', 0.5927093029022217), ('image_denoising', 0.3475733995437622), ('mean shift', 0.05342516675591469)]"
8229120528.jpg,contrast_change,0.9737517237663269,"[('contrast_change', 0.9737517237663269), ('change of color saturation', 0.024258865043520927), ('mean shift', 0.00163732108194381)]"
8230351643.jpg,chromatic_aberrations,0.33203059434890747,"[('chromatic_aberrations', 0.33203059434890747), ('mean shift', 0.31298601627349854), ('contrast_change', 0.2893027067184448)]"
8230377264.jpg,gaussian_blur,0.9626438021659851,"[('gaussian_blur', 0.9626438021659851), ('chromatic_aberrations', 0.018904469907283783), ('image_denoising', 0.017554333433508873)]"
8232299487.jpg,contrast_change,0.9864033460617065,"[('contrast_change', 0.9864033460617065), ('jpeg2000_transmission_errors', 0.003946295939385891), ('comfort_noise', 0.003409812692552805)]"
8232481457.jpg,contrast_change,0.7726135849952698,"[('contrast_change', 0.7726135849952698), ('mean shift', 0.19452841579914093), ('quantization_noise', 0.013004995882511139)]"
8234020680.jpg,chromatic_aberrations,0.9284504055976868,"[('chromatic_aberrations', 0.9284504055976868), ('mean shift', 0.06366168707609177), ('contrast_change', 0.003961693495512009)]"
823805862.jpg,gaussian_blur,0.999701201915741,"[('gaussian_blur', 0.999701201915741), ('image_denoising', 0.0002269658143632114), ('jpeg2000_compression', 3.442379966145381e-05)]"
8240214052.jpg,quantization_noise,0.6402983665466309,"[('quantization_noise', 0.6402983665466309), ('contrast_change', 0.355502724647522), ('comfort_noise', 0.00120399403385818)]"
8240220210.jpg,contrast_change,0.7149842977523804,"[('contrast_change', 0.7149842977523804), ('non_eccentricity_pattern_noise', 0.08281577378511429), ('local_block-wise_distortions', 0.07098245620727539)]"
82421401.jpg,chromatic_aberrations,0.7160900235176086,"[('chromatic_aberrations', 0.7160900235176086), ('image_denoising', 0.28361818194389343), ('gaussian_blur', 0.00013278071128297597)]"
8242906564.jpg,contrast_change,0.7183209657669067,"[('contrast_change', 0.7183209657669067), ('change of color saturation', 0.09237080812454224), ('sparse_sampling_and_reconstruction', 0.05949997901916504)]"
8251327289.jpg,mean shift,0.9373215436935425,"[('mean shift', 0.9373215436935425), ('chromatic_aberrations', 0.037359513342380524), ('contrast_change', 0.02123110555112362)]"
8256731117.jpg,non_eccentricity_pattern_noise,0.9287253022193909,"[('non_eccentricity_pattern_noise', 0.9287253022193909), ('contrast_change', 0.05843094363808632), ('jpeg2000_transmission_errors', 0.004322580993175507)]"
8257779790.jpg,image_denoising,0.3718830347061157,"[('image_denoising', 0.3718830347061157), ('quantization_noise', 0.24426895380020142), ('contrast_change', 0.18597280979156494)]"
8260840073.jpg,chromatic_aberrations,0.9843891263008118,"[('chromatic_aberrations', 0.9843891263008118), ('mean shift', 0.010071979835629463), ('contrast_change', 0.0028270110487937927)]"
8262794558.jpg,masked_noise,0.7519142627716064,"[('masked_noise', 0.7519142627716064), ('color_quantization_with_dithering', 0.14647752046585083), ('quantization_noise', 0.046220697462558746)]"
8263420706.jpg,change of color saturation,0.999295711517334,"[('change of color saturation', 0.999295711517334), ('jpeg_compression', 0.00033479026751592755), ('sparse_sampling_and_reconstruction', 0.00012290538870729506)]"
8266134524.jpg,chromatic_aberrations,0.9704691171646118,"[('chromatic_aberrations', 0.9704691171646118), ('mean shift', 0.015630755573511124), ('quantization_noise', 0.012156041339039803)]"
8268523027.jpg,image_denoising,0.9918985366821289,"[('image_denoising', 0.9918985366821289), ('chromatic_aberrations', 0.005378551781177521), ('gaussian_blur', 0.0016166175482794642)]"
8268859988.jpg,mean shift,0.811058759689331,"[('mean shift', 0.811058759689331), ('chromatic_aberrations', 0.0971560850739479), ('contrast_change', 0.06347712874412537)]"
8269784088.jpg,change of color saturation,0.999982476234436,"[('change of color saturation', 0.999982476234436), ('contrast_change', 8.942246495280415e-06), ('jpeg_transmission_errors', 4.98147801408777e-06)]"
8273957786.jpg,contrast_change,0.8978201150894165,"[('contrast_change', 0.8978201150894165), ('quantization_noise', 0.06535593420267105), ('mean shift', 0.014472100883722305)]"
8281818195.jpg,chromatic_aberrations,0.8648751378059387,"[('chromatic_aberrations', 0.8648751378059387), ('quantization_noise', 0.08783169090747833), ('image_denoising', 0.04261811822652817)]"
82824130.jpg,chromatic_aberrations,0.7469475865364075,"[('chromatic_aberrations', 0.7469475865364075), ('image_denoising', 0.24727003276348114), ('gaussian_blur', 0.0027613176498562098)]"
8283257984.jpg,jpeg2000_compression,0.7323484420776367,"[('jpeg2000_compression', 0.7323484420776367), ('gaussian_blur', 0.1819484829902649), ('mean shift', 0.03023473732173443)]"
8287040167.jpg,chromatic_aberrations,0.9641229510307312,"[('chromatic_aberrations', 0.9641229510307312), ('gaussian_blur', 0.030145108699798584), ('image_denoising', 0.003177937585860491)]"
8287545136.jpg,chromatic_aberrations,0.7044986486434937,"[('chromatic_aberrations', 0.7044986486434937), ('quantization_noise', 0.2695184051990509), ('image_denoising', 0.020357148721814156)]"
8292596709.jpg,contrast_change,0.7768723964691162,"[('contrast_change', 0.7768723964691162), ('quantization_noise', 0.2227083444595337), ('chromatic_aberrations', 9.757570660440251e-05)]"
8300309247.jpg,sparse_sampling_and_reconstruction,0.9720896482467651,"[('sparse_sampling_and_reconstruction', 0.9720896482467651), ('jpeg2000_transmission_errors', 0.012583914212882519), ('gaussian_blur', 0.005691629368811846)]"
8305212885.jpg,mean shift,0.8279733061790466,"[('mean shift', 0.8279733061790466), ('contrast_change', 0.14914368093013763), ('image_denoising', 0.010281264781951904)]"
8305620668.jpg,gaussian_blur,0.9985657334327698,"[('gaussian_blur', 0.9985657334327698), ('image_denoising', 0.0008072442142292857), ('chromatic_aberrations', 0.00028142062365077436)]"
8307817608.jpg,chromatic_aberrations,0.9994639754295349,"[('chromatic_aberrations', 0.9994639754295349), ('image_denoising', 0.00040799652924761176), ('mean shift', 7.996182830538601e-05)]"
8308811931.jpg,image_denoising,0.8753708600997925,"[('image_denoising', 0.8753708600997925), ('quantization_noise', 0.11407758295536041), ('contrast_change', 0.003036118345335126)]"
8309215514.jpg,lossy_compression_of_color_images,0.5048060417175293,"[('lossy_compression_of_color_images', 0.5048060417175293), ('quantization_noise', 0.1532575488090515), ('multiplicative_gaussian_noise', 0.07977648824453354)]"
8314358374.jpg,mean shift,0.9872739315032959,"[('mean shift', 0.9872739315032959), ('gaussian_blur', 0.006165946833789349), ('contrast_change', 0.005032093729823828)]"
8314966745.jpg,mean shift,0.9857969880104065,"[('mean shift', 0.9857969880104065), ('contrast_change', 0.013635000213980675), ('chromatic_aberrations', 0.00013991996820550412)]"
8320423007.jpg,image_denoising,0.8323802351951599,"[('image_denoising', 0.8323802351951599), ('chromatic_aberrations', 0.10076285898685455), ('quantization_noise', 0.03168315067887306)]"
8322643928.jpg,mean shift,0.9964125752449036,"[('mean shift', 0.9964125752449036), ('contrast_change', 0.0026402452494949102), ('gaussian_blur', 0.0005796868936158717)]"
8330807035.jpg,image_denoising,0.9929860234260559,"[('image_denoising', 0.9929860234260559), ('chromatic_aberrations', 0.003926408477127552), ('quantization_noise', 0.0028976297471672297)]"
8333814090.jpg,gaussian_blur,0.9992328882217407,"[('gaussian_blur', 0.9992328882217407), ('mean shift', 0.00036545185139402747), ('chromatic_aberrations', 0.0001550933811813593)]"
8334203333.jpg,jpeg_transmission_errors,0.9584795236587524,"[('jpeg_transmission_errors', 0.9584795236587524), ('change of color saturation', 0.03190775215625763), ('contrast_change', 0.006310713943094015)]"
8339615907.jpg,chromatic_aberrations,0.9987327456474304,"[('chromatic_aberrations', 0.9987327456474304), ('quantization_noise', 0.0009431305225007236), ('image_denoising', 0.0002274959988426417)]"
8342894979.jpg,contrast_change,0.99826580286026,"[('contrast_change', 0.99826580286026), ('quantization_noise', 0.0014674668200314045), ('jpeg2000_transmission_errors', 5.751219214289449e-05)]"
8346245093.jpg,contrast_change,0.8079046607017517,"[('contrast_change', 0.8079046607017517), ('color_quantization_with_dithering', 0.12810592353343964), ('mean shift', 0.056886058300733566)]"
8348113359.jpg,image_denoising,0.659186601638794,"[('image_denoising', 0.659186601638794), ('chromatic_aberrations', 0.3281427323818207), ('jpeg2000_compression', 0.004663350526243448)]"
8349327834.jpg,gaussian_blur,0.9997199177742004,"[('gaussian_blur', 0.9997199177742004), ('image_denoising', 0.0001280800497625023), ('chromatic_aberrations', 8.18421904114075e-05)]"
8352296647.jpg,image_denoising,0.9982267022132874,"[('image_denoising', 0.9982267022132874), ('jpeg2000_compression', 0.0007953302119858563), ('jpeg2000_transmission_errors', 0.0007934109307825565)]"
8353492181.jpg,image_denoising,0.7890304327011108,"[('image_denoising', 0.7890304327011108), ('spatially_correlated_noise', 0.048161931335926056), ('jpeg2000_transmission_errors', 0.04175664857029915)]"
8354479425.jpg,change of color saturation,0.9999139308929443,"[('change of color saturation', 0.9999139308929443), ('jpeg_transmission_errors', 5.544602026930079e-05), ('jpeg_compression', 1.4969589756219648e-05)]"
8357913829.jpg,change of color saturation,0.9999693632125854,"[('change of color saturation', 0.9999693632125854), ('jpeg_transmission_errors', 1.2792966117558535e-05), ('color_quantization_with_dithering', 5.9713311202358454e-06)]"
8360975985.jpg,chromatic_aberrations,0.9790756702423096,"[('chromatic_aberrations', 0.9790756702423096), ('image_denoising', 0.0200661588460207), ('mean shift', 0.0005628173239529133)]"
8362338513.jpg,mean shift,0.765466570854187,"[('mean shift', 0.765466570854187), ('gaussian_blur', 0.22416242957115173), ('chromatic_aberrations', 0.005708691664040089)]"
8373530988.jpg,additive_gaussian_noise,0.9421994686126709,"[('additive_gaussian_noise', 0.9421994686126709), ('contrast_change', 0.018277382478117943), ('additive_noise_in_color_components', 0.015629658475518227)]"
8374149596.jpg,image_denoising,0.5723860263824463,"[('image_denoising', 0.5723860263824463), ('gaussian_blur', 0.42491456866264343), ('chromatic_aberrations', 0.0015877389814704657)]"
8375633718.jpg,chromatic_aberrations,0.999779999256134,"[('chromatic_aberrations', 0.999779999256134), ('image_denoising', 0.00016776823031250387), ('mean shift', 2.4194190700654872e-05)]"
8377051997.jpg,image_denoising,0.654657244682312,"[('image_denoising', 0.654657244682312), ('chromatic_aberrations', 0.33189278841018677), ('spatially_correlated_noise', 0.0059556905180215836)]"
8380369304.jpg,chromatic_aberrations,0.8614296317100525,"[('chromatic_aberrations', 0.8614296317100525), ('mean shift', 0.13570517301559448), ('image_denoising', 0.0019255694933235645)]"
8391500206.jpg,contrast_change,0.5663549900054932,"[('contrast_change', 0.5663549900054932), ('non_eccentricity_pattern_noise', 0.4094463884830475), ('mean shift', 0.01750609278678894)]"
8391854291.jpg,contrast_change,0.9959328770637512,"[('contrast_change', 0.9959328770637512), ('quantization_noise', 0.0020719366148114204), ('jpeg2000_transmission_errors', 0.001216893084347248)]"
8392513010.jpg,change of color saturation,0.9999823570251465,"[('change of color saturation', 0.9999823570251465), ('jpeg_transmission_errors', 1.1652379726001527e-05), ('contrast_change', 2.237572289232048e-06)]"
8393106944.jpg,change of color saturation,0.9998841285705566,"[('change of color saturation', 0.9998841285705566), ('jpeg_transmission_errors', 6.989834946580231e-05), ('contrast_change', 3.190945790265687e-05)]"
83935018.jpg,contrast_change,0.9993289709091187,"[('contrast_change', 0.9993289709091187), ('quantization_noise', 0.0005153091624379158), ('mean shift', 4.888264447799884e-05)]"
8395711832.jpg,contrast_change,0.9231385588645935,"[('contrast_change', 0.9231385588645935), ('change of color saturation', 0.07267884165048599), ('sparse_sampling_and_reconstruction', 0.0030097663402557373)]"
8396870268.jpg,chromatic_aberrations,0.9503958225250244,"[('chromatic_aberrations', 0.9503958225250244), ('mean shift', 0.0351637601852417), ('quantization_noise', 0.010588427074253559)]"
8403312891.jpg,mean shift,0.9977721571922302,"[('mean shift', 0.9977721571922302), ('chromatic_aberrations', 0.001624525641091168), ('contrast_change', 0.0004467411490622908)]"
8403342715.jpg,mean shift,0.9985694885253906,"[('mean shift', 0.9985694885253906), ('chromatic_aberrations', 0.0007251944625750184), ('contrast_change', 0.0004716368275694549)]"
8404905802.jpg,image_denoising,0.921141505241394,"[('image_denoising', 0.921141505241394), ('contrast_change', 0.051045481115579605), ('quantization_noise', 0.023526830598711967)]"
8410894233.jpg,change of color saturation,0.9996389150619507,"[('change of color saturation', 0.9996389150619507), ('jpeg_transmission_errors', 0.00015043956227600574), ('jpeg2000_transmission_errors', 9.731596219353378e-05)]"
8412460969.jpg,mean shift,0.8773449063301086,"[('mean shift', 0.8773449063301086), ('contrast_change', 0.06766902655363083), ('jpeg_transmission_errors', 0.04228801652789116)]"
8413383096.jpg,jpeg_transmission_errors,0.46222126483917236,"[('jpeg_transmission_errors', 0.46222126483917236), ('change of color saturation', 0.23551441729068756), ('contrast_change', 0.12532654404640198)]"
8417110649.jpg,chromatic_aberrations,0.9268293976783752,"[('chromatic_aberrations', 0.9268293976783752), ('mean shift', 0.029013104736804962), ('contrast_change', 0.021639738231897354)]"
8418966442.jpg,chromatic_aberrations,0.9991012811660767,"[('chromatic_aberrations', 0.9991012811660767), ('image_denoising', 0.0005207101930864155), ('quantization_noise', 0.00012711616000160575)]"
8420816712.jpg,image_denoising,0.46298661828041077,"[('image_denoising', 0.46298661828041077), ('chromatic_aberrations', 0.3320167362689972), ('mean shift', 0.14466382563114166)]"
8428991513.jpg,chromatic_aberrations,0.9966488480567932,"[('chromatic_aberrations', 0.9966488480567932), ('mean shift', 0.0017705134814605117), ('image_denoising', 0.001424053800292313)]"
8432266484.jpg,chromatic_aberrations,0.9971097111701965,"[('chromatic_aberrations', 0.9971097111701965), ('mean shift', 0.001011529820971191), ('image_denoising', 0.0008817257476039231)]"
8434015762.jpg,change of color saturation,0.9392110109329224,"[('change of color saturation', 0.9392110109329224), ('jpeg2000_compression', 0.03852970525622368), ('sparse_sampling_and_reconstruction', 0.020760715007781982)]"
8434381156.jpg,image_denoising,0.5784813761711121,"[('image_denoising', 0.5784813761711121), ('chromatic_aberrations', 0.1944095492362976), ('mean shift', 0.1780163049697876)]"
8436929518.jpg,chromatic_aberrations,0.9480165839195251,"[('chromatic_aberrations', 0.9480165839195251), ('image_denoising', 0.033305566757917404), ('mean shift', 0.015898818150162697)]"
8437453575.jpg,chromatic_aberrations,0.7635493874549866,"[('chromatic_aberrations', 0.7635493874549866), ('image_denoising', 0.14848724007606506), ('quantization_noise', 0.05258368328213692)]"
8439178228.jpg,contrast_change,0.6147350072860718,"[('contrast_change', 0.6147350072860718), ('quantization_noise', 0.3787541389465332), ('image_denoising', 0.004350962117314339)]"
8442013836.jpg,quantization_noise,0.9987331032752991,"[('quantization_noise', 0.9987331032752991), ('image_denoising', 0.0008470929460600019), ('contrast_change', 0.0002762941876426339)]"
8442383096.jpg,mean shift,0.9991889595985413,"[('mean shift', 0.9991889595985413), ('contrast_change', 0.0005238137091509998), ('chromatic_aberrations', 0.00017770235717762262)]"
8444344132.jpg,chromatic_aberrations,0.9481372237205505,"[('chromatic_aberrations', 0.9481372237205505), ('mean shift', 0.03431744500994682), ('contrast_change', 0.014982114546000957)]"
8447352918.jpg,contrast_change,0.8235480189323425,"[('contrast_change', 0.8235480189323425), ('mean shift', 0.14515961706638336), ('quantization_noise', 0.027173040434718132)]"
8452429942.jpg,image_denoising,0.8484861254692078,"[('image_denoising', 0.8484861254692078), ('gaussian_blur', 0.08838801085948944), ('chromatic_aberrations', 0.0546862855553627)]"
8452514438.jpg,mean shift,0.9719146490097046,"[('mean shift', 0.9719146490097046), ('jpeg_transmission_errors', 0.014199952594935894), ('contrast_change', 0.01285124197602272)]"
8454945247.jpg,contrast_change,0.9988192915916443,"[('contrast_change', 0.9988192915916443), ('mean shift', 0.0010061392094939947), ('quantization_noise', 6.548973033204675e-05)]"
8456262039.jpg,gaussian_blur,0.9186801314353943,"[('gaussian_blur', 0.9186801314353943), ('jpeg2000_compression', 0.07524308562278748), ('image_denoising', 0.005241132341325283)]"
8459688085.jpg,change of color saturation,0.9977236390113831,"[('change of color saturation', 0.9977236390113831), ('jpeg2000_transmission_errors', 0.0015552418772131205), ('jpeg_transmission_errors', 0.00044724333565682173)]"
8460154333.jpg,image_denoising,0.9946013689041138,"[('image_denoising', 0.9946013689041138), ('jpeg2000_transmission_errors', 0.0022372128441929817), ('jpeg2000_compression', 0.0020989628974348307)]"
8460764072.jpg,image_denoising,0.990270733833313,"[('image_denoising', 0.990270733833313), ('chromatic_aberrations', 0.007740408647805452), ('jpeg2000_transmission_errors', 0.001039716531522572)]"
8461148661.jpg,mean shift,0.964292585849762,"[('mean shift', 0.964292585849762), ('contrast_change', 0.028105810284614563), ('chromatic_aberrations', 0.007075364235788584)]"
8461542458.jpg,mean shift,0.7045317888259888,"[('mean shift', 0.7045317888259888), ('chromatic_aberrations', 0.2904505133628845), ('contrast_change', 0.003908459097146988)]"
8463181410.jpg,contrast_change,0.9972406625747681,"[('contrast_change', 0.9972406625747681), ('mean shift', 0.0016081214416772127), ('comfort_noise', 0.0004941793158650398)]"
8463285530.jpg,change of color saturation,0.9999780654907227,"[('change of color saturation', 0.9999780654907227), ('jpeg_transmission_errors', 1.1957643437199295e-05), ('contrast_change', 4.759856892633252e-06)]"
8464428247.jpg,chromatic_aberrations,0.9674298167228699,"[('chromatic_aberrations', 0.9674298167228699), ('mean shift', 0.028539832681417465), ('image_denoising', 0.0031668522860854864)]"
8465039467.jpg,gaussian_blur,0.5708943009376526,"[('gaussian_blur', 0.5708943009376526), ('image_denoising', 0.42703768610954285), ('chromatic_aberrations', 0.0014009926235303283)]"
8471619926.jpg,contrast_change,0.9671844244003296,"[('contrast_change', 0.9671844244003296), ('change of color saturation', 0.026697417721152306), ('mean shift', 0.005978926084935665)]"
8472898292.jpg,change of color saturation,0.9999810457229614,"[('change of color saturation', 0.9999810457229614), ('jpeg_transmission_errors', 1.127959603763884e-05), ('contrast_change', 3.223335625079926e-06)]"
8473611231.jpg,image_denoising,0.8402721881866455,"[('image_denoising', 0.8402721881866455), ('gaussian_blur', 0.15885579586029053), ('chromatic_aberrations', 0.0004601254186127335)]"
8481450412.jpg,chromatic_aberrations,0.5293755531311035,"[('chromatic_aberrations', 0.5293755531311035), ('mean shift', 0.45941856503486633), ('contrast_change', 0.004985501989722252)]"
8481724236.jpg,contrast_change,0.7091659903526306,"[('contrast_change', 0.7091659903526306), ('jpeg2000_transmission_errors', 0.27280449867248535), ('quantization_noise', 0.006036870181560516)]"
8491632656.jpg,contrast_change,0.9863790273666382,"[('contrast_change', 0.9863790273666382), ('quantization_noise', 0.010120425373315811), ('mean shift', 0.00227705342695117)]"
8494026131.jpg,contrast_change,0.9969706535339355,"[('contrast_change', 0.9969706535339355), ('quantization_noise', 0.0026030137669295073), ('jpeg2000_transmission_errors', 0.00028358775307424366)]"
8498192267.jpg,change of color saturation,0.9992976188659668,"[('change of color saturation', 0.9992976188659668), ('jpeg_transmission_errors', 0.00040543731302022934), ('sparse_sampling_and_reconstruction', 0.00014041215763427317)]"
8498296013.jpg,contrast_change,0.6656069159507751,"[('contrast_change', 0.6656069159507751), ('comfort_noise', 0.2974869906902313), ('masked_noise', 0.02959415502846241)]"
8503728878.jpg,sparse_sampling_and_reconstruction,0.4701164662837982,"[('sparse_sampling_and_reconstruction', 0.4701164662837982), ('contrast_change', 0.343641459941864), ('gaussian_blur', 0.1618451625108719)]"
8504046996.jpg,contrast_change,0.9992795586585999,"[('contrast_change', 0.9992795586585999), ('quantization_noise', 0.0002150163782062009), ('jpeg2000_transmission_errors', 0.00015936567797325552)]"
8504332753.jpg,change of color saturation,0.5032997727394104,"[('change of color saturation', 0.5032997727394104), ('jpeg2000_compression', 0.15897327661514282), ('sparse_sampling_and_reconstruction', 0.14001934230327606)]"
8506145736.jpg,chromatic_aberrations,0.39234232902526855,"[('chromatic_aberrations', 0.39234232902526855), ('mean shift', 0.2064644694328308), ('spatially_correlated_noise', 0.13634568452835083)]"
8507000235.jpg,image_denoising,0.9846774339675903,"[('image_denoising', 0.9846774339675903), ('chromatic_aberrations', 0.007792456075549126), ('jpeg2000_transmission_errors', 0.005784949753433466)]"
8509241021.jpg,chromatic_aberrations,0.9328339099884033,"[('chromatic_aberrations', 0.9328339099884033), ('image_denoising', 0.06445331126451492), ('mean shift', 0.0008665558998472989)]"
8511131771.jpg,gaussian_blur,0.7761016488075256,"[('gaussian_blur', 0.7761016488075256), ('mean shift', 0.1079673022031784), ('chromatic_aberrations', 0.10594231635332108)]"
85119046.jpg,image_denoising,0.9986051917076111,"[('image_denoising', 0.9986051917076111), ('chromatic_aberrations', 0.0007972328457981348), ('jpeg2000_compression', 0.00030995774432085454)]"
8514709398.jpg,jpeg2000_transmission_errors,0.9948144555091858,"[('jpeg2000_transmission_errors', 0.9948144555091858), ('contrast_change', 0.0031987300608307123), ('comfort_noise', 0.001537966076284647)]"
8517833832.jpg,change of color saturation,0.9996101260185242,"[('change of color saturation', 0.9996101260185242), ('jpeg_compression', 0.00015517872816417366), ('sparse_sampling_and_reconstruction', 9.7302021458745e-05)]"
8522481331.jpg,contrast_change,0.8350929617881775,"[('contrast_change', 0.8350929617881775), ('quantization_noise', 0.1643945425748825), ('jpeg2000_transmission_errors', 0.00016062409849837422)]"
8522546794.jpg,jpeg2000_compression,0.9739395976066589,"[('jpeg2000_compression', 0.9739395976066589), ('change of color saturation', 0.01463375985622406), ('jpeg_compression', 0.008564800955355167)]"
85240920.jpg,image_denoising,0.519258975982666,"[('image_denoising', 0.519258975982666), ('gaussian_blur', 0.30829036235809326), ('chromatic_aberrations', 0.07474850118160248)]"
8525376754.jpg,chromatic_aberrations,0.6842421293258667,"[('chromatic_aberrations', 0.6842421293258667), ('mean shift', 0.22788165509700775), ('quantization_noise', 0.05246356502175331)]"
8530355188.jpg,jpeg2000_transmission_errors,0.4775622487068176,"[('jpeg2000_transmission_errors', 0.4775622487068176), ('image_denoising', 0.23753421008586884), ('gaussian_blur', 0.1898418813943863)]"
8535035859.jpg,contrast_change,0.4724605679512024,"[('contrast_change', 0.4724605679512024), ('quantization_noise', 0.24566112458705902), ('mean shift', 0.21168912947177887)]"
8537113381.jpg,contrast_change,0.4527200758457184,"[('contrast_change', 0.4527200758457184), ('jpeg2000_transmission_errors', 0.2242700606584549), ('jpeg_transmission_errors', 0.19746384024620056)]"
8545905705.jpg,image_denoising,0.9196323752403259,"[('image_denoising', 0.9196323752403259), ('gaussian_blur', 0.04307043179869652), ('chromatic_aberrations', 0.03670614957809448)]"
8546237134.jpg,contrast_change,0.9975757002830505,"[('contrast_change', 0.9975757002830505), ('quantization_noise', 0.0017663202015683055), ('multiplicative_gaussian_noise', 0.00013122653763275594)]"
8546838188.jpg,jpeg2000_transmission_errors,0.9980702996253967,"[('jpeg2000_transmission_errors', 0.9980702996253967), ('contrast_change', 0.001302507589571178), ('comfort_noise', 0.00021868989279028028)]"
8550306054.jpg,mean shift,0.6733530759811401,"[('mean shift', 0.6733530759811401), ('contrast_change', 0.20744699239730835), ('quantization_noise', 0.09313109517097473)]"
8552101917.jpg,quantization_noise,0.7159947156906128,"[('quantization_noise', 0.7159947156906128), ('contrast_change', 0.2244028002023697), ('chromatic_aberrations', 0.05442371219396591)]"
8552550792.jpg,image_denoising,0.9952045679092407,"[('image_denoising', 0.9952045679092407), ('gaussian_blur', 0.003937855828553438), ('mean shift', 0.0004884360823780298)]"
8552740610.jpg,contrast_change,0.32931381464004517,"[('contrast_change', 0.32931381464004517), ('mean shift', 0.26886236667633057), ('quantization_noise', 0.15248103439807892)]"
8556005393.jpg,jpeg2000_transmission_errors,0.6590644121170044,"[('jpeg2000_transmission_errors', 0.6590644121170044), ('contrast_change', 0.2673453986644745), ('mean shift', 0.05920367315411568)]"
8560249157.jpg,image_denoising,0.9996022582054138,"[('image_denoising', 0.9996022582054138), ('jpeg2000_transmission_errors', 0.00026910382439382374), ('chromatic_aberrations', 5.227044312050566e-05)]"
8565939221.jpg,chromatic_aberrations,0.957740843296051,"[('chromatic_aberrations', 0.957740843296051), ('quantization_noise', 0.014728761278092861), ('image_denoising', 0.012651503086090088)]"
8566161884.jpg,contrast_change,0.7216359376907349,"[('contrast_change', 0.7216359376907349), ('chromatic_aberrations', 0.13296477496623993), ('mean shift', 0.10656249523162842)]"
8568761304.jpg,image_denoising,0.6612690091133118,"[('image_denoising', 0.6612690091133118), ('chromatic_aberrations', 0.33359336853027344), ('quantization_noise', 0.002381223253905773)]"
8573294301.jpg,jpeg2000_transmission_errors,0.999377965927124,"[('jpeg2000_transmission_errors', 0.999377965927124), ('contrast_change', 0.00015551820979453623), ('image_denoising', 0.00014860143710393459)]"
8589157666.jpg,spatially_correlated_noise,0.5873119831085205,"[('spatially_correlated_noise', 0.5873119831085205), ('quantization_noise', 0.3130375146865845), ('chromatic_aberrations', 0.032749369740486145)]"
8593005656.jpg,change of color saturation,0.9997867941856384,"[('change of color saturation', 0.9997867941856384), ('contrast_change', 0.00011834403267130256), ('jpeg_compression', 4.775775596499443e-05)]"
8595948410.jpg,change of color saturation,0.9999595880508423,"[('change of color saturation', 0.9999595880508423), ('jpeg_transmission_errors', 1.7808659322327003e-05), ('contrast_change', 1.675667408562731e-05)]"
8596901738.jpg,quantization_noise,0.99934321641922,"[('quantization_noise', 0.99934321641922), ('contrast_change', 0.0004381005419418216), ('image_denoising', 0.00014937345986254513)]"
8596963541.jpg,jpeg2000_transmission_errors,0.9854316115379333,"[('jpeg2000_transmission_errors', 0.9854316115379333), ('comfort_noise', 0.0071218544617295265), ('jpeg_transmission_errors', 0.0025482920464128256)]"
859991088.jpg,spatially_correlated_noise,0.5480358600616455,"[('spatially_correlated_noise', 0.5480358600616455), ('image_denoising', 0.28303518891334534), ('chromatic_aberrations', 0.13700516521930695)]"
8600036440.jpg,non_eccentricity_pattern_noise,0.746857762336731,"[('non_eccentricity_pattern_noise', 0.746857762336731), ('mean shift', 0.2132710963487625), ('contrast_change', 0.025903265923261642)]"
8600750192.jpg,chromatic_aberrations,0.6829661130905151,"[('chromatic_aberrations', 0.6829661130905151), ('image_denoising', 0.31011778116226196), ('quantization_noise', 0.005092278588563204)]"
8602839124.jpg,contrast_change,0.372408002614975,"[('contrast_change', 0.372408002614975), ('color_quantization_with_dithering', 0.3476930260658264), ('non_eccentricity_pattern_noise', 0.08460469543933868)]"
8607422328.jpg,image_denoising,0.6407650709152222,"[('image_denoising', 0.6407650709152222), ('gaussian_blur', 0.2629125416278839), ('mean shift', 0.051386747509241104)]"
8607616136.jpg,image_denoising,0.9925751686096191,"[('image_denoising', 0.9925751686096191), ('chromatic_aberrations', 0.005366841331124306), ('quantization_noise', 0.000473861291538924)]"
8616342001.jpg,lossy_compression_of_color_images,0.6336200833320618,"[('lossy_compression_of_color_images', 0.6336200833320618), ('spatially_correlated_noise', 0.21343468129634857), ('image_denoising', 0.05496525019407272)]"
8616708613.jpg,change of color saturation,0.8167414665222168,"[('change of color saturation', 0.8167414665222168), ('mean shift', 0.09061567485332489), ('jpeg_transmission_errors', 0.036140087991952896)]"
8616750908.jpg,image_denoising,0.955070436000824,"[('image_denoising', 0.955070436000824), ('chromatic_aberrations', 0.04401329159736633), ('gaussian_blur', 0.0006045862683095038)]"
8620919369.jpg,image_denoising,0.7560930848121643,"[('image_denoising', 0.7560930848121643), ('gaussian_blur', 0.1540146917104721), ('chromatic_aberrations', 0.08819200098514557)]"
86243803.jpg,image_denoising,0.5017107129096985,"[('image_denoising', 0.5017107129096985), ('gaussian_blur', 0.3235376477241516), ('chromatic_aberrations', 0.15888875722885132)]"
8625160006.jpg,sparse_sampling_and_reconstruction,0.6326130628585815,"[('sparse_sampling_and_reconstruction', 0.6326130628585815), ('jpeg2000_compression', 0.3551332354545593), ('gaussian_blur', 0.012056147679686546)]"
8630845484.jpg,contrast_change,0.6858676075935364,"[('contrast_change', 0.6858676075935364), ('quantization_noise', 0.31340843439102173), ('chromatic_aberrations', 0.00023835613683331758)]"
8632135169.jpg,quantization_noise,0.5489017367362976,"[('quantization_noise', 0.5489017367362976), ('chromatic_aberrations', 0.435548335313797), ('image_denoising', 0.012911711819469929)]"
8634276040.jpg,contrast_change,0.9291855096817017,"[('contrast_change', 0.9291855096817017), ('quantization_noise', 0.06062972545623779), ('chromatic_aberrations', 0.004951725248247385)]"
8636833629.jpg,chromatic_aberrations,0.7617276906967163,"[('chromatic_aberrations', 0.7617276906967163), ('mean shift', 0.19740019738674164), ('contrast_change', 0.022301364690065384)]"
8642082647.jpg,chromatic_aberrations,0.9991644620895386,"[('chromatic_aberrations', 0.9991644620895386), ('mean shift', 0.0005064496654085815), ('image_denoising', 0.00023848497949074954)]"
8644207930.jpg,image_denoising,0.6411592960357666,"[('image_denoising', 0.6411592960357666), ('gaussian_blur', 0.34780776500701904), ('jpeg2000_compression', 0.007699402514845133)]"
8645014360.jpg,contrast_change,0.6965541243553162,"[('contrast_change', 0.6965541243553162), ('quantization_noise', 0.2613975703716278), ('mean shift', 0.02183782309293747)]"
8652814108.jpg,jpeg2000_transmission_errors,0.9138542413711548,"[('jpeg2000_transmission_errors', 0.9138542413711548), ('jpeg_transmission_errors', 0.06956205517053604), ('mean shift', 0.006625056732445955)]"
8655538784.jpg,quantization_noise,0.9475365281105042,"[('quantization_noise', 0.9475365281105042), ('contrast_change', 0.051981233060359955), ('chromatic_aberrations', 8.469783642794937e-05)]"
8667640386.jpg,sparse_sampling_and_reconstruction,0.40397143363952637,"[('sparse_sampling_and_reconstruction', 0.40397143363952637), ('lossy_compression_of_color_images', 0.13572704792022705), ('spatially_correlated_noise', 0.12142349034547806)]"
8668692139.jpg,quantization_noise,0.9582762122154236,"[('quantization_noise', 0.9582762122154236), ('chromatic_aberrations', 0.022233404219150543), ('mean shift', 0.013270032592117786)]"
8669455182.jpg,mean shift,0.7677696943283081,"[('mean shift', 0.7677696943283081), ('contrast_change', 0.15717653930187225), ('change of color saturation', 0.06819785386323929)]"
8669987529.jpg,image_denoising,0.9261340498924255,"[('image_denoising', 0.9261340498924255), ('gaussian_blur', 0.07247477024793625), ('chromatic_aberrations', 0.0011427446734160185)]"
8675618794.jpg,chromatic_aberrations,0.9185873866081238,"[('chromatic_aberrations', 0.9185873866081238), ('quantization_noise', 0.07105330377817154), ('image_denoising', 0.005304352845996618)]"
8683910174.jpg,chromatic_aberrations,0.6295022368431091,"[('chromatic_aberrations', 0.6295022368431091), ('image_denoising', 0.3648301661014557), ('mean shift', 0.004484270233660936)]"
8691629871.jpg,jpeg2000_transmission_errors,0.9686480164527893,"[('jpeg2000_transmission_errors', 0.9686480164527893), ('contrast_change', 0.015108243562281132), ('comfort_noise', 0.013216838240623474)]"
869382458.jpg,jpeg_transmission_errors,0.900336503982544,"[('jpeg_transmission_errors', 0.900336503982544), ('jpeg_compression', 0.02580232545733452), ('contrast_change', 0.015511222183704376)]"
8695656651.jpg,quantization_noise,0.9808810949325562,"[('quantization_noise', 0.9808810949325562), ('contrast_change', 0.01779063791036606), ('comfort_noise', 0.00017176329856738448)]"
8696567124.jpg,quantization_noise,0.9566713571548462,"[('quantization_noise', 0.9566713571548462), ('contrast_change', 0.0418868251144886), ('jpeg_compression', 0.0002205111231887713)]"
8697765454.jpg,mean shift,0.8120465278625488,"[('mean shift', 0.8120465278625488), ('contrast_change', 0.09875929355621338), ('chromatic_aberrations', 0.0691237673163414)]"
8702657469.jpg,gaussian_blur,0.9577295184135437,"[('gaussian_blur', 0.9577295184135437), ('chromatic_aberrations', 0.02363710105419159), ('mean shift', 0.011094758287072182)]"
8703113665.jpg,quantization_noise,0.9544945955276489,"[('quantization_noise', 0.9544945955276489), ('chromatic_aberrations', 0.029181038960814476), ('contrast_change', 0.014599915593862534)]"
8703680136.jpg,image_denoising,0.7409233450889587,"[('image_denoising', 0.7409233450889587), ('gaussian_blur', 0.25169143080711365), ('jpeg2000_compression', 0.006124640814960003)]"
8705060352.jpg,comfort_noise,0.3978804647922516,"[('comfort_noise', 0.3978804647922516), ('contrast_change', 0.20000295341014862), ('masked_noise', 0.1365250200033188)]"
8705536207.jpg,mean shift,0.9917904138565063,"[('mean shift', 0.9917904138565063), ('contrast_change', 0.007963116280734539), ('chromatic_aberrations', 0.00012486013292800635)]"
8707676839.jpg,chromatic_aberrations,0.4616332948207855,"[('chromatic_aberrations', 0.4616332948207855), ('mean shift', 0.38457006216049194), ('quantization_noise', 0.07426252961158752)]"
8709304294.jpg,chromatic_aberrations,0.9983358979225159,"[('chromatic_aberrations', 0.9983358979225159), ('image_denoising', 0.0011185144539922476), ('mean shift', 0.0003278465592302382)]"
8713381356.jpg,chromatic_aberrations,0.995278000831604,"[('chromatic_aberrations', 0.995278000831604), ('image_denoising', 0.004135204944759607), ('mean shift', 0.0004079212958458811)]"
8715401905.jpg,quantization_noise,0.5214974880218506,"[('quantization_noise', 0.5214974880218506), ('chromatic_aberrations', 0.40920260548591614), ('contrast_change', 0.02371526136994362)]"
8720193519.jpg,change of color saturation,0.6586024761199951,"[('change of color saturation', 0.6586024761199951), ('contrast_change', 0.3189588487148285), ('gaussian_blur', 0.004537040367722511)]"
872022815.jpg,chromatic_aberrations,0.7918038964271545,"[('chromatic_aberrations', 0.7918038964271545), ('mean shift', 0.0873369425535202), ('spatially_correlated_noise', 0.07775934785604477)]"
8721056397.jpg,image_denoising,0.9875370860099792,"[('image_denoising', 0.9875370860099792), ('chromatic_aberrations', 0.012015980668365955), ('gaussian_blur', 0.00031054692226462066)]"
8724954192.jpg,mean shift,0.6145315766334534,"[('mean shift', 0.6145315766334534), ('contrast_change', 0.364963173866272), ('color_quantization_with_dithering', 0.006039241328835487)]"
8725613522.jpg,chromatic_aberrations,0.8649702072143555,"[('chromatic_aberrations', 0.8649702072143555), ('mean shift', 0.06483989953994751), ('image_denoising', 0.06474833190441132)]"
8730747598.jpg,chromatic_aberrations,0.7269358038902283,"[('chromatic_aberrations', 0.7269358038902283), ('mean shift', 0.23566189408302307), ('contrast_change', 0.028755804523825645)]"
8731687035.jpg,chromatic_aberrations,0.9581918120384216,"[('chromatic_aberrations', 0.9581918120384216), ('quantization_noise', 0.03855014592409134), ('contrast_change', 0.0010077590122818947)]"
8732397324.jpg,contrast_change,0.7326774597167969,"[('contrast_change', 0.7326774597167969), ('mean shift', 0.22832098603248596), ('gaussian_blur', 0.03069206513464451)]"
873682751.jpg,quantization_noise,0.9123632311820984,"[('quantization_noise', 0.9123632311820984), ('contrast_change', 0.08604416251182556), ('chromatic_aberrations', 0.0006641243235208094)]"
8743944148.jpg,gaussian_blur,0.6301023364067078,"[('gaussian_blur', 0.6301023364067078), ('contrast_change', 0.15473710000514984), ('mean shift', 0.11053824424743652)]"
8746457937.jpg,chromatic_aberrations,0.6119222044944763,"[('chromatic_aberrations', 0.6119222044944763), ('gaussian_blur', 0.2228657752275467), ('image_denoising', 0.1350363790988922)]"
8746881284.jpg,jpeg2000_compression,0.656033456325531,"[('jpeg2000_compression', 0.656033456325531), ('gaussian_blur', 0.19680355489253998), ('chromatic_aberrations', 0.10191358625888824)]"
8746934807.jpg,mean shift,0.49256694316864014,"[('mean shift', 0.49256694316864014), ('contrast_change', 0.4222361445426941), ('non_eccentricity_pattern_noise', 0.08007318526506424)]"
8750299747.jpg,jpeg2000_transmission_errors,0.983578085899353,"[('jpeg2000_transmission_errors', 0.983578085899353), ('contrast_change', 0.004964523017406464), ('chromatic_aberrations', 0.003130161203444004)]"
87511338.jpg,chromatic_aberrations,0.8052515983581543,"[('chromatic_aberrations', 0.8052515983581543), ('image_denoising', 0.17006109654903412), ('jpeg2000_transmission_errors', 0.00984194502234459)]"
8751989930.jpg,chromatic_aberrations,0.6020218729972839,"[('chromatic_aberrations', 0.6020218729972839), ('image_denoising', 0.3854611814022064), ('mean shift', 0.00989302434027195)]"
8768474112.jpg,mean shift,0.8404130339622498,"[('mean shift', 0.8404130339622498), ('chromatic_aberrations', 0.15051215887069702), ('image_denoising', 0.005543827544897795)]"
8771756230.jpg,mean shift,0.9984349608421326,"[('mean shift', 0.9984349608421326), ('contrast_change', 0.0012735800119116902), ('chromatic_aberrations', 0.0001198798418045044)]"
8802725309.jpg,mean shift,0.9795206785202026,"[('mean shift', 0.9795206785202026), ('chromatic_aberrations', 0.015373677015304565), ('contrast_change', 0.002353285439312458)]"
8816701721.jpg,quantization_noise,0.47849971055984497,"[('quantization_noise', 0.47849971055984497), ('image_denoising', 0.22556816041469574), ('contrast_change', 0.21457694470882416)]"
8819567462.jpg,mean shift,0.9372773766517639,"[('mean shift', 0.9372773766517639), ('chromatic_aberrations', 0.05446695163846016), ('contrast_change', 0.0027511054649949074)]"
8826596290.jpg,jpeg2000_transmission_errors,0.9255255460739136,"[('jpeg2000_transmission_errors', 0.9255255460739136), ('image_denoising', 0.043579425662755966), ('contrast_change', 0.012173404917120934)]"
8830329798.jpg,contrast_change,0.9936174154281616,"[('contrast_change', 0.9936174154281616), ('quantization_noise', 0.005063764750957489), ('mean shift', 0.0012128540547564626)]"
8840187174.jpg,chromatic_aberrations,0.9925406575202942,"[('chromatic_aberrations', 0.9925406575202942), ('image_denoising', 0.006006961222738028), ('mean shift', 0.0012606877135112882)]"
8844582694.jpg,image_denoising,0.955744743347168,"[('image_denoising', 0.955744743347168), ('chromatic_aberrations', 0.02190929837524891), ('quantization_noise', 0.018222389742732048)]"
8850126806.jpg,change of color saturation,0.9641653895378113,"[('change of color saturation', 0.9641653895378113), ('contrast_change', 0.03472130745649338), ('sparse_sampling_and_reconstruction', 0.0007978668436408043)]"
8850392186.jpg,mean shift,0.9172520041465759,"[('mean shift', 0.9172520041465759), ('chromatic_aberrations', 0.04507090896368027), ('contrast_change', 0.032033104449510574)]"
8851705236.jpg,image_denoising,0.5529430508613586,"[('image_denoising', 0.5529430508613586), ('gaussian_blur', 0.3074333965778351), ('jpeg2000_transmission_errors', 0.06711050122976303)]"
8860399629.jpg,gaussian_blur,0.988944947719574,"[('gaussian_blur', 0.988944947719574), ('image_denoising', 0.00909043475985527), ('chromatic_aberrations', 0.0008296482264995575)]"
8871477031.jpg,jpeg2000_compression,0.4016542136669159,"[('jpeg2000_compression', 0.4016542136669159), ('sparse_sampling_and_reconstruction', 0.32671546936035156), ('gaussian_blur', 0.26912814378738403)]"
8877114673.jpg,gaussian_blur,0.9993693232536316,"[('gaussian_blur', 0.9993693232536316), ('image_denoising', 0.00047216605162248015), ('chromatic_aberrations', 7.478535553673282e-05)]"
8877350801.jpg,color_quantization_with_dithering,0.9799944162368774,"[('color_quantization_with_dithering', 0.9799944162368774), ('change of color saturation', 0.011660450138151646), ('jpeg2000_transmission_errors', 0.0061950599774718285)]"
8880556755.jpg,change of color saturation,0.9999730587005615,"[('change of color saturation', 0.9999730587005615), ('jpeg_transmission_errors', 1.1605282452364918e-05), ('jpeg_compression', 6.526334345835494e-06)]"
8882534571.jpg,quantization_noise,0.5883487462997437,"[('quantization_noise', 0.5883487462997437), ('chromatic_aberrations', 0.41053876280784607), ('contrast_change', 0.00031355605460703373)]"
8891817478.jpg,gaussian_blur,0.5004981160163879,"[('gaussian_blur', 0.5004981160163879), ('chromatic_aberrations', 0.21559101343154907), ('mean shift', 0.13068664073944092)]"
8895109111.jpg,comfort_noise,0.6097491383552551,"[('comfort_noise', 0.6097491383552551), ('jpeg_transmission_errors', 0.3879256844520569), ('contrast_change', 0.00048055252409540117)]"
8899231880.jpg,multiplicative_gaussian_noise,0.7602570652961731,"[('multiplicative_gaussian_noise', 0.7602570652961731), ('quantization_noise', 0.14345131814479828), ('contrast_change', 0.08129342645406723)]"
8901015763.jpg,chromatic_aberrations,0.9961303472518921,"[('chromatic_aberrations', 0.9961303472518921), ('image_denoising', 0.0011576148681342602), ('spatially_correlated_noise', 0.0007595651550218463)]"
8902141836.jpg,mean shift,0.8372297286987305,"[('mean shift', 0.8372297286987305), ('chromatic_aberrations', 0.11206182092428207), ('image_denoising', 0.026646289974451065)]"
890231750.jpg,chromatic_aberrations,0.6732502579689026,"[('chromatic_aberrations', 0.6732502579689026), ('mean shift', 0.26606103777885437), ('quantization_noise', 0.028814833611249924)]"
8906425755.jpg,gaussian_blur,0.6266781687736511,"[('gaussian_blur', 0.6266781687736511), ('mean shift', 0.33398813009262085), ('chromatic_aberrations', 0.019860561937093735)]"
8911365579.jpg,gaussian_blur,0.9953027963638306,"[('gaussian_blur', 0.9953027963638306), ('image_denoising', 0.003411907237023115), ('chromatic_aberrations', 0.0010253023356199265)]"
8918860577.jpg,spatially_correlated_noise,0.8390713334083557,"[('spatially_correlated_noise', 0.8390713334083557), ('contrast_change', 0.06697766482830048), ('quantization_noise', 0.02675972320139408)]"
8919875155.jpg,contrast_change,0.9796644449234009,"[('contrast_change', 0.9796644449234009), ('quantization_noise', 0.01972118578851223), ('multiplicative_gaussian_noise', 0.000174667191458866)]"
8933319583.jpg,gaussian_blur,0.9327263832092285,"[('gaussian_blur', 0.9327263832092285), ('image_denoising', 0.06537167727947235), ('chromatic_aberrations', 0.0014297751476988196)]"
8936501287.jpg,quantization_noise,0.9203521609306335,"[('quantization_noise', 0.9203521609306335), ('chromatic_aberrations', 0.058221735060214996), ('contrast_change', 0.013188698329031467)]"
8937929358.jpg,gaussian_blur,0.9981512427330017,"[('gaussian_blur', 0.9981512427330017), ('image_denoising', 0.0017880084924399853), ('chromatic_aberrations', 2.041284278675448e-05)]"
8938472188.jpg,jpeg_transmission_errors,0.9997878670692444,"[('jpeg_transmission_errors', 0.9997878670692444), ('change of color saturation', 9.046932973433286e-05), ('sparse_sampling_and_reconstruction', 4.4570904719876125e-05)]"
89393627.jpg,mean shift,0.9823060631752014,"[('mean shift', 0.9823060631752014), ('gaussian_blur', 0.006812426261603832), ('image_denoising', 0.005291230510920286)]"
8939732555.jpg,gaussian_blur,0.9925392270088196,"[('gaussian_blur', 0.9925392270088196), ('image_denoising', 0.007052740082144737), ('mean shift', 0.00016308040358126163)]"
8944011983.jpg,gaussian_blur,0.8944079875946045,"[('gaussian_blur', 0.8944079875946045), ('image_denoising', 0.06373965740203857), ('chromatic_aberrations', 0.036255598068237305)]"
8968242975.jpg,image_denoising,0.9834432601928711,"[('image_denoising', 0.9834432601928711), ('chromatic_aberrations', 0.008061634376645088), ('quantization_noise', 0.003888326231390238)]"
8972898508.jpg,mean shift,0.47258633375167847,"[('mean shift', 0.47258633375167847), ('chromatic_aberrations', 0.32878658175468445), ('contrast_change', 0.13818903267383575)]"
8977825134.jpg,change of color saturation,0.9811112284660339,"[('change of color saturation', 0.9811112284660339), ('contrast_change', 0.01844458468258381), ('jpeg_transmission_errors', 0.00035071634920313954)]"
8985551582.jpg,gaussian_blur,0.9835174083709717,"[('gaussian_blur', 0.9835174083709717), ('image_denoising', 0.015697337687015533), ('jpeg2000_compression', 0.00036555345286615193)]"
8986471316.jpg,contrast_change,0.8152192831039429,"[('contrast_change', 0.8152192831039429), ('jpeg2000_transmission_errors', 0.10662258416414261), ('chromatic_aberrations', 0.027934689074754715)]"
8987485650.jpg,chromatic_aberrations,0.9020010828971863,"[('chromatic_aberrations', 0.9020010828971863), ('image_denoising', 0.08513809740543365), ('contrast_change', 0.003326487261801958)]"
8988404310.jpg,gaussian_blur,0.9997370839118958,"[('gaussian_blur', 0.9997370839118958), ('image_denoising', 8.873089973349124e-05), ('contrast_change', 5.683198105543852e-05)]"
9018209858.jpg,chromatic_aberrations,0.6709302067756653,"[('chromatic_aberrations', 0.6709302067756653), ('mean shift', 0.2886621654033661), ('quantization_noise', 0.018903823569417)]"
9021392547.jpg,chromatic_aberrations,0.973638117313385,"[('chromatic_aberrations', 0.973638117313385), ('image_denoising', 0.020955825224518776), ('mean shift', 0.002944588428363204)]"
9027689601.jpg,image_denoising,0.9927392601966858,"[('image_denoising', 0.9927392601966858), ('gaussian_blur', 0.004076586104929447), ('chromatic_aberrations', 0.003028975799679756)]"
9029384629.jpg,gaussian_blur,0.9975523352622986,"[('gaussian_blur', 0.9975523352622986), ('image_denoising', 0.002272541169077158), ('chromatic_aberrations', 8.159584103850648e-05)]"
9034987420.jpg,gaussian_blur,0.5998370051383972,"[('gaussian_blur', 0.5998370051383972), ('image_denoising', 0.3676134943962097), ('chromatic_aberrations', 0.031311891973018646)]"
9037452749.jpg,gaussian_blur,0.9996763467788696,"[('gaussian_blur', 0.9996763467788696), ('mean shift', 0.00025444524362683296), ('image_denoising', 2.6826699468074366e-05)]"
904761358.jpg,contrast_change,0.5210137963294983,"[('contrast_change', 0.5210137963294983), ('quantization_noise', 0.3885487914085388), ('mean shift', 0.08397141098976135)]"
9058863840.jpg,image_denoising,0.9397626519203186,"[('image_denoising', 0.9397626519203186), ('jpeg2000_compression', 0.04977380856871605), ('gaussian_blur', 0.00503113679587841)]"
9061831747.jpg,contrast_change,0.8180880546569824,"[('contrast_change', 0.8180880546569824), ('mean shift', 0.12587673962116241), ('quantization_noise', 0.04316093400120735)]"
9063333592.jpg,image_denoising,0.5554912090301514,"[('image_denoising', 0.5554912090301514), ('quantization_noise', 0.2170625478029251), ('contrast_change', 0.20733283460140228)]"
9064913927.jpg,mean shift,0.6731052398681641,"[('mean shift', 0.6731052398681641), ('chromatic_aberrations', 0.31173041462898254), ('image_denoising', 0.007004121318459511)]"
9074183822.jpg,image_denoising,0.9721874594688416,"[('image_denoising', 0.9721874594688416), ('quantization_noise', 0.020282648503780365), ('chromatic_aberrations', 0.0021754044573754072)]"
9076304306.jpg,mean shift,0.9735608100891113,"[('mean shift', 0.9735608100891113), ('chromatic_aberrations', 0.01805265061557293), ('contrast_change', 0.00461953179910779)]"
9080769054.jpg,mean shift,0.6789734959602356,"[('mean shift', 0.6789734959602356), ('chromatic_aberrations', 0.31119099259376526), ('gaussian_blur', 0.00503964489325881)]"
9093638609.jpg,contrast_change,0.9888746738433838,"[('contrast_change', 0.9888746738433838), ('chromatic_aberrations', 0.0035869372077286243), ('jpeg2000_transmission_errors', 0.0033708708360791206)]"
9102604497.jpg,chromatic_aberrations,0.9662688374519348,"[('chromatic_aberrations', 0.9662688374519348), ('mean shift', 0.0224608164280653), ('contrast_change', 0.00602248078212142)]"
910637798.jpg,mean shift,0.99542635679245,"[('mean shift', 0.99542635679245), ('chromatic_aberrations', 0.0037340482231229544), ('contrast_change', 0.0006331173935905099)]"
9108357145.jpg,chromatic_aberrations,0.9926290512084961,"[('chromatic_aberrations', 0.9926290512084961), ('quantization_noise', 0.004898397251963615), ('spatially_correlated_noise', 0.0018022825242951512)]"
9109755543.jpg,chromatic_aberrations,0.7515870332717896,"[('chromatic_aberrations', 0.7515870332717896), ('image_denoising', 0.21974720060825348), ('mean shift', 0.01652265153825283)]"
9122090851.jpg,mean shift,0.8182618021965027,"[('mean shift', 0.8182618021965027), ('quantization_noise', 0.11850886046886444), ('chromatic_aberrations', 0.03620070591568947)]"
9125517985.jpg,chromatic_aberrations,0.5064145922660828,"[('chromatic_aberrations', 0.5064145922660828), ('gaussian_blur', 0.40685737133026123), ('image_denoising', 0.06997724622488022)]"
9130413555.jpg,chromatic_aberrations,0.6715177893638611,"[('chromatic_aberrations', 0.6715177893638611), ('mean shift', 0.18082797527313232), ('contrast_change', 0.03328906372189522)]"
9135317445.jpg,contrast_change,0.7493082880973816,"[('contrast_change', 0.7493082880973816), ('image_denoising', 0.0973336324095726), ('chromatic_aberrations', 0.04382217675447464)]"
9138793182.jpg,mean shift,0.4677887260913849,"[('mean shift', 0.4677887260913849), ('chromatic_aberrations', 0.37557172775268555), ('spatially_correlated_noise', 0.06435240060091019)]"
9141646333.jpg,quantization_noise,0.617181122303009,"[('quantization_noise', 0.617181122303009), ('contrast_change', 0.30599337816238403), ('mean shift', 0.06606094539165497)]"
9145211353.jpg,chromatic_aberrations,0.5732295513153076,"[('chromatic_aberrations', 0.5732295513153076), ('image_denoising', 0.42504575848579407), ('quantization_noise', 0.0012623171787708998)]"
9154855025.jpg,image_denoising,0.9044392704963684,"[('image_denoising', 0.9044392704963684), ('chromatic_aberrations', 0.06239406391978264), ('gaussian_blur', 0.01279227901250124)]"
9156115930.jpg,quantization_noise,0.5598668456077576,"[('quantization_noise', 0.5598668456077576), ('image_denoising', 0.3116847574710846), ('contrast_change', 0.10140560567378998)]"
9183486925.jpg,change of color saturation,0.9940750598907471,"[('change of color saturation', 0.9940750598907471), ('jpeg_transmission_errors', 0.002570877783000469), ('sparse_sampling_and_reconstruction', 0.0021317654754966497)]"
9185478102.jpg,mean shift,0.9993419051170349,"[('mean shift', 0.9993419051170349), ('contrast_change', 0.0006314288475550711), ('chromatic_aberrations', 1.1382313459762372e-05)]"
9188365433.jpg,contrast_change,0.8748416304588318,"[('contrast_change', 0.8748416304588318), ('quantization_noise', 0.10225998610258102), ('mean shift', 0.016175637021660805)]"
9194756449.jpg,quantization_noise,0.9770375490188599,"[('quantization_noise', 0.9770375490188599), ('contrast_change', 0.010342572815716267), ('chromatic_aberrations', 0.004757229704409838)]"
9195323524.jpg,contrast_change,0.8488240242004395,"[('contrast_change', 0.8488240242004395), ('mean shift', 0.04393845796585083), ('quantization_noise', 0.035856060683727264)]"
9198779264.jpg,mean shift,0.8280645608901978,"[('mean shift', 0.8280645608901978), ('contrast_change', 0.16224633157253265), ('chromatic_aberrations', 0.00815168209373951)]"
9210757941.jpg,mean shift,0.9709605574607849,"[('mean shift', 0.9709605574607849), ('contrast_change', 0.02082788199186325), ('chromatic_aberrations', 0.0053142961114645)]"
9211753203.jpg,change of color saturation,0.43494105339050293,"[('change of color saturation', 0.43494105339050293), ('contrast_change', 0.28263798356056213), ('jpeg_transmission_errors', 0.24977928400039673)]"
9211913717.jpg,gaussian_blur,0.8940883874893188,"[('gaussian_blur', 0.8940883874893188), ('image_denoising', 0.06469183415174484), ('chromatic_aberrations', 0.038945600390434265)]"
9214795039.jpg,jpeg_transmission_errors,0.9939070343971252,"[('jpeg_transmission_errors', 0.9939070343971252), ('sparse_sampling_and_reconstruction', 0.004021869972348213), ('comfort_noise', 0.0014163056621327996)]"
9215122110.jpg,chromatic_aberrations,0.8187810778617859,"[('chromatic_aberrations', 0.8187810778617859), ('mean shift', 0.15207795798778534), ('gaussian_blur', 0.019577817991375923)]"
9222727460.jpg,color_quantization_with_dithering,0.7231297492980957,"[('color_quantization_with_dithering', 0.7231297492980957), ('jpeg2000_transmission_errors', 0.2735801935195923), ('contrast_change', 0.002099578268826008)]"
9223641047.jpg,mean shift,0.7130862474441528,"[('mean shift', 0.7130862474441528), ('contrast_change', 0.1485883593559265), ('chromatic_aberrations', 0.10053420066833496)]"
9224664940.jpg,quantization_noise,0.9993258714675903,"[('quantization_noise', 0.9993258714675903), ('contrast_change', 0.0005097010871395469), ('chromatic_aberrations', 0.00011733503924915567)]"
9226793819.jpg,image_denoising,0.9711138606071472,"[('image_denoising', 0.9711138606071472), ('chromatic_aberrations', 0.02730925753712654), ('spatially_correlated_noise', 0.0008553641382604837)]"
9226799273.jpg,chromatic_aberrations,0.9945119619369507,"[('chromatic_aberrations', 0.9945119619369507), ('mean shift', 0.004320067819207907), ('image_denoising', 0.0005713161081075668)]"
92317233.jpg,spatially_correlated_noise,0.9291473627090454,"[('spatially_correlated_noise', 0.9291473627090454), ('jpeg2000_transmission_errors', 0.04151428863406181), ('additive_noise_in_color_components', 0.02038308046758175)]"
9232371989.jpg,gaussian_blur,0.9942460656166077,"[('gaussian_blur', 0.9942460656166077), ('image_denoising', 0.004813855979591608), ('mean shift', 0.0004443611251190305)]"
9232503869.jpg,mean shift,0.9188535213470459,"[('mean shift', 0.9188535213470459), ('chromatic_aberrations', 0.07431818544864655), ('contrast_change', 0.004418634343892336)]"
9234807959.jpg,contrast_change,0.45506152510643005,"[('contrast_change', 0.45506152510643005), ('mean shift', 0.43791356682777405), ('jpeg2000_transmission_errors', 0.06002940982580185)]"
9237243302.jpg,chromatic_aberrations,0.9711374044418335,"[('chromatic_aberrations', 0.9711374044418335), ('image_denoising', 0.027798686176538467), ('quantization_noise', 0.0006492107640951872)]"
9246527762.jpg,mean shift,0.9266587495803833,"[('mean shift', 0.9266587495803833), ('contrast_change', 0.059406913816928864), ('gaussian_blur', 0.011193893849849701)]"
92466227.jpg,chromatic_aberrations,0.6464957594871521,"[('chromatic_aberrations', 0.6464957594871521), ('image_denoising', 0.2600906789302826), ('gaussian_blur', 0.09015221893787384)]"
9249869281.jpg,gaussian_blur,0.9988839030265808,"[('gaussian_blur', 0.9988839030265808), ('image_denoising', 0.0007810421520844102), ('jpeg2000_compression', 0.0002510360209271312)]"
9264499657.jpg,quantization_noise,0.8142824769020081,"[('quantization_noise', 0.8142824769020081), ('contrast_change', 0.08174984157085419), ('chromatic_aberrations', 0.057112205773591995)]"
9269067450.jpg,image_denoising,0.562835693359375,"[('image_denoising', 0.562835693359375), ('chromatic_aberrations', 0.4363511800765991), ('jpeg2000_compression', 0.00021579716121777892)]"
9286263885.jpg,chromatic_aberrations,0.9990161657333374,"[('chromatic_aberrations', 0.9990161657333374), ('image_denoising', 0.0004904848174192011), ('mean shift', 0.0002429006708553061)]"
9289816970.jpg,image_denoising,0.9989198446273804,"[('image_denoising', 0.9989198446273804), ('jpeg2000_compression', 0.0005606471095234156), ('jpeg2000_transmission_errors', 0.0003137438034173101)]"
9290273110.jpg,chromatic_aberrations,0.6888741254806519,"[('chromatic_aberrations', 0.6888741254806519), ('image_denoising', 0.22856026887893677), ('mean shift', 0.06358814239501953)]"
9294636383.jpg,spatially_correlated_noise,0.9984135627746582,"[('spatially_correlated_noise', 0.9984135627746582), ('additive_gaussian_noise', 0.0013022375060245395), ('chromatic_aberrations', 4.639167673303746e-05)]"
9297933012.jpg,mean shift,0.6517580151557922,"[('mean shift', 0.6517580151557922), ('quantization_noise', 0.16031770408153534), ('multiplicative_gaussian_noise', 0.1024179458618164)]"
9299238943.jpg,contrast_change,0.9885136485099792,"[('contrast_change', 0.9885136485099792), ('color_quantization_with_dithering', 0.007526747416704893), ('quantization_noise', 0.002541561610996723)]"
9301597304.jpg,mean shift,0.9981610178947449,"[('mean shift', 0.9981610178947449), ('contrast_change', 0.001773865194991231), ('chromatic_aberrations', 4.803041883860715e-05)]"
930643510.jpg,mean shift,0.8254958391189575,"[('mean shift', 0.8254958391189575), ('chromatic_aberrations', 0.15937301516532898), ('gaussian_blur', 0.006885902024805546)]"
9307347958.jpg,gaussian_blur,0.7554541230201721,"[('gaussian_blur', 0.7554541230201721), ('image_denoising', 0.2386167049407959), ('chromatic_aberrations', 0.005003347527235746)]"
9317715562.jpg,chromatic_aberrations,0.7344949245452881,"[('chromatic_aberrations', 0.7344949245452881), ('gaussian_blur', 0.1362697184085846), ('image_denoising', 0.12136024236679077)]"
9335509582.jpg,image_denoising,0.8441209197044373,"[('image_denoising', 0.8441209197044373), ('chromatic_aberrations', 0.1554872691631317), ('gaussian_blur', 0.00028126226970925927)]"
9335639356.jpg,jpeg2000_compression,0.5404137372970581,"[('jpeg2000_compression', 0.5404137372970581), ('jpeg2000_transmission_errors', 0.3323456346988678), ('sparse_sampling_and_reconstruction', 0.05084676668047905)]"
9342036891.jpg,change of color saturation,0.9999164342880249,"[('change of color saturation', 0.9999164342880249), ('jpeg_transmission_errors', 4.059635102748871e-05), ('color_quantization_with_dithering', 1.7829404896474443e-05)]"
9344542617.jpg,image_denoising,0.8840187788009644,"[('image_denoising', 0.8840187788009644), ('chromatic_aberrations', 0.07439019531011581), ('local_block-wise_distortions', 0.018105335533618927)]"
9346802331.jpg,chromatic_aberrations,0.8707837462425232,"[('chromatic_aberrations', 0.8707837462425232), ('contrast_change', 0.11555060744285583), ('quantization_noise', 0.004667256493121386)]"
93473094.jpg,chromatic_aberrations,0.9937317967414856,"[('chromatic_aberrations', 0.9937317967414856), ('mean shift', 0.005442869383841753), ('contrast_change', 0.0003613369772210717)]"
9348876103.jpg,change of color saturation,0.9999444484710693,"[('change of color saturation', 0.9999444484710693), ('contrast_change', 4.09817039326299e-05), ('jpeg_transmission_errors', 6.993473107286263e-06)]"
9352087961.jpg,change of color saturation,0.9998947381973267,"[('change of color saturation', 0.9998947381973267), ('jpeg_transmission_errors', 8.30828575999476e-05), ('contrast_change', 1.4945595466997474e-05)]"
9362014571.jpg,quantization_noise,0.6957312226295471,"[('quantization_noise', 0.6957312226295471), ('color_quantization_with_dithering', 0.15810038149356842), ('contrast_change', 0.13232582807540894)]"
9389671360.jpg,mean shift,0.987842321395874,"[('mean shift', 0.987842321395874), ('gaussian_blur', 0.005891985725611448), ('chromatic_aberrations', 0.003892251756042242)]"
9394014608.jpg,contrast_change,0.7678027153015137,"[('contrast_change', 0.7678027153015137), ('jpeg2000_transmission_errors', 0.12112098932266235), ('image_denoising', 0.05204719677567482)]"
9401940143.jpg,gaussian_blur,0.998870313167572,"[('gaussian_blur', 0.998870313167572), ('image_denoising', 0.001009828643873334), ('jpeg2000_compression', 6.111412221798673e-05)]"
9406773963.jpg,change of color saturation,0.7634726762771606,"[('change of color saturation', 0.7634726762771606), ('sparse_sampling_and_reconstruction', 0.2315395325422287), ('jpeg_transmission_errors', 0.002439978299662471)]"
9418862819.jpg,mean shift,0.8928334712982178,"[('mean shift', 0.8928334712982178), ('contrast_change', 0.04828009009361267), ('gaussian_blur', 0.04720519855618477)]"
9419143176.jpg,contrast_change,0.9933603405952454,"[('contrast_change', 0.9933603405952454), ('quantization_noise', 0.005996710620820522), ('comfort_noise', 0.0002095636009471491)]"
9426505697.jpg,mean shift,0.8558934926986694,"[('mean shift', 0.8558934926986694), ('chromatic_aberrations', 0.13965335488319397), ('contrast_change', 0.0028824228793382645)]"
9428890222.jpg,contrast_change,0.9336756467819214,"[('contrast_change', 0.9336756467819214), ('quantization_noise', 0.046553827822208405), ('comfort_noise', 0.017613686621189117)]"
9445529272.jpg,gaussian_blur,0.7044689059257507,"[('gaussian_blur', 0.7044689059257507), ('image_denoising', 0.2907707393169403), ('chromatic_aberrations', 0.002213242230936885)]"
9450353504.jpg,chromatic_aberrations,0.9956871867179871,"[('chromatic_aberrations', 0.9956871867179871), ('quantization_noise', 0.0023596284445375204), ('mean shift', 0.0009420554852113128)]"
9455732786.jpg,change of color saturation,0.9999803304672241,"[('change of color saturation', 0.9999803304672241), ('jpeg_transmission_errors', 6.928249149495969e-06), ('jpeg_compression', 4.563054517348064e-06)]"
9472829997.jpg,mean shift,0.9602015614509583,"[('mean shift', 0.9602015614509583), ('chromatic_aberrations', 0.03672043979167938), ('contrast_change', 0.002329704351723194)]"
9479081195.jpg,gaussian_blur,0.9893946051597595,"[('gaussian_blur', 0.9893946051597595), ('image_denoising', 0.009930622763931751), ('jpeg2000_transmission_errors', 0.0003945456410292536)]"
9484990711.jpg,mean shift,0.9948245286941528,"[('mean shift', 0.9948245286941528), ('contrast_change', 0.003413231810554862), ('chromatic_aberrations', 0.0005352488369680941)]"
9485678546.jpg,change of color saturation,0.9972164630889893,"[('change of color saturation', 0.9972164630889893), ('sparse_sampling_and_reconstruction', 0.0019213766790926456), ('jpeg2000_compression', 0.0005243222694844007)]"
9486578471.jpg,quantization_noise,0.6409755349159241,"[('quantization_noise', 0.6409755349159241), ('contrast_change', 0.3226402699947357), ('jpeg2000_transmission_errors', 0.016734523698687553)]"
9487747992.jpg,image_denoising,0.8429702520370483,"[('image_denoising', 0.8429702520370483), ('gaussian_blur', 0.12376156449317932), ('chromatic_aberrations', 0.023978978395462036)]"
9494293866.jpg,chromatic_aberrations,0.9978499412536621,"[('chromatic_aberrations', 0.9978499412536621), ('image_denoising', 0.0015614372678101063), ('quantization_noise', 0.000524974602740258)]"
9497710012.jpg,chromatic_aberrations,0.8689929842948914,"[('chromatic_aberrations', 0.8689929842948914), ('mean shift', 0.10006030648946762), ('contrast_change', 0.021749310195446014)]"
9500372295.jpg,mean shift,0.9964993000030518,"[('mean shift', 0.9964993000030518), ('chromatic_aberrations', 0.0017100933473557234), ('contrast_change', 0.001172648393549025)]"
95019293.jpg,contrast_change,0.472040593624115,"[('contrast_change', 0.472040593624115), ('quantization_noise', 0.45100587606430054), ('multiplicative_gaussian_noise', 0.03964962437748909)]"
9506730000.jpg,sparse_sampling_and_reconstruction,0.6766486763954163,"[('sparse_sampling_and_reconstruction', 0.6766486763954163), ('gaussian_blur', 0.2874363958835602), ('jpeg2000_compression', 0.035313088446855545)]"
9507159381.jpg,contrast_change,0.6291388869285583,"[('contrast_change', 0.6291388869285583), ('mean shift', 0.21854086220264435), ('jpeg_transmission_errors', 0.06718917936086655)]"
9508337257.jpg,chromatic_aberrations,0.9989187717437744,"[('chromatic_aberrations', 0.9989187717437744), ('mean shift', 0.0005899721872992814), ('image_denoising', 0.00017749224207364023)]"
9510794857.jpg,gaussian_blur,0.7589505314826965,"[('gaussian_blur', 0.7589505314826965), ('image_denoising', 0.16212119162082672), ('chromatic_aberrations', 0.046181946992874146)]"
952167260.jpg,contrast_change,0.9979326725006104,"[('contrast_change', 0.9979326725006104), ('quantization_noise', 0.001591066480614245), ('jpeg2000_transmission_errors', 0.00012562453048303723)]"
9523882653.jpg,contrast_change,0.9475535154342651,"[('contrast_change', 0.9475535154342651), ('mean shift', 0.0401403084397316), ('jpeg2000_transmission_errors', 0.006445135921239853)]"
9538674147.jpg,non_eccentricity_pattern_noise,0.928674578666687,"[('non_eccentricity_pattern_noise', 0.928674578666687), ('contrast_change', 0.04572524130344391), ('local_block-wise_distortions', 0.010689529590308666)]"
9541231306.jpg,chromatic_aberrations,0.3863679766654968,"[('chromatic_aberrations', 0.3863679766654968), ('image_denoising', 0.2916046977043152), ('jpeg2000_transmission_errors', 0.23736871778964996)]"
9541303452.jpg,gaussian_blur,0.9920138716697693,"[('gaussian_blur', 0.9920138716697693), ('jpeg2000_compression', 0.005265926010906696), ('image_denoising', 0.001825755345635116)]"
9541618071.jpg,chromatic_aberrations,0.9823579788208008,"[('chromatic_aberrations', 0.9823579788208008), ('image_denoising', 0.0077013480477035046), ('gaussian_blur', 0.005530418362468481)]"
9554062765.jpg,chromatic_aberrations,0.9998062252998352,"[('chromatic_aberrations', 0.9998062252998352), ('image_denoising', 9.595356095815077e-05), ('quantization_noise', 2.8543045118567534e-05)]"
9560250736.jpg,change of color saturation,0.9999783039093018,"[('change of color saturation', 0.9999783039093018), ('jpeg_transmission_errors', 1.2604438779817428e-05), ('jpeg_compression', 1.7577248172528925e-06)]"
95721252.jpg,quantization_noise,0.9978530406951904,"[('quantization_noise', 0.9978530406951904), ('contrast_change', 0.0020487415604293346), ('chromatic_aberrations', 4.112451279070228e-05)]"
9577991089.jpg,chromatic_aberrations,0.9560176134109497,"[('chromatic_aberrations', 0.9560176134109497), ('mean shift', 0.020986665040254593), ('image_denoising', 0.02092830277979374)]"
9578088583.jpg,sparse_sampling_and_reconstruction,0.8806154727935791,"[('sparse_sampling_and_reconstruction', 0.8806154727935791), ('gaussian_blur', 0.1081233099102974), ('jpeg2000_compression', 0.01093949656933546)]"
9582874322.jpg,quantization_noise,0.8682875037193298,"[('quantization_noise', 0.8682875037193298), ('mean shift', 0.07018222659826279), ('chromatic_aberrations', 0.038387130945920944)]"
9590556429.jpg,gaussian_blur,0.4116581976413727,"[('gaussian_blur', 0.4116581976413727), ('chromatic_aberrations', 0.3172869086265564), ('image_denoising', 0.1725388914346695)]"
9592992525.jpg,contrast_change,0.8904227018356323,"[('contrast_change', 0.8904227018356323), ('mean shift', 0.07023803144693375), ('jpeg2000_transmission_errors', 0.03297559916973114)]"
9619949433.jpg,contrast_change,0.9975910186767578,"[('contrast_change', 0.9975910186767578), ('mean shift', 0.0016759563004598022), ('quantization_noise', 0.0005535935633815825)]"
9625551668.jpg,jpeg2000_transmission_errors,0.8912410140037537,"[('jpeg2000_transmission_errors', 0.8912410140037537), ('contrast_change', 0.10624740272760391), ('mean shift', 0.000710946274921298)]"
9630325643.jpg,chromatic_aberrations,0.9966865181922913,"[('chromatic_aberrations', 0.9966865181922913), ('image_denoising', 0.0016369163058698177), ('gaussian_blur', 0.0006629767594859004)]"
9632208628.jpg,contrast_change,0.9674263596534729,"[('contrast_change', 0.9674263596534729), ('quantization_noise', 0.03221413493156433), ('mean shift', 6.0902428231202066e-05)]"
9633489441.jpg,contrast_change,0.9060710668563843,"[('contrast_change', 0.9060710668563843), ('local_block-wise_distortions', 0.0776670053601265), ('comfort_noise', 0.0058439141139388084)]"
9642986357.jpg,gaussian_blur,0.9417644739151001,"[('gaussian_blur', 0.9417644739151001), ('image_denoising', 0.04954354092478752), ('mean shift', 0.003351706312969327)]"
9650999310.jpg,mean shift,0.9931851029396057,"[('mean shift', 0.9931851029396057), ('contrast_change', 0.00665962602943182), ('chromatic_aberrations', 7.095225009834394e-05)]"
9651547204.jpg,contrast_change,0.9987803101539612,"[('contrast_change', 0.9987803101539612), ('mean shift', 0.0005855209310539067), ('quantization_noise', 0.00048576746485196054)]"
9659355544.jpg,contrast_change,0.6029707789421082,"[('contrast_change', 0.6029707789421082), ('non_eccentricity_pattern_noise', 0.25513726472854614), ('quantization_noise', 0.12940628826618195)]"
9668766101.jpg,quantization_noise,0.856273353099823,"[('quantization_noise', 0.856273353099823), ('contrast_change', 0.08599235862493515), ('jpeg_transmission_errors', 0.015934016555547714)]"
9673401997.jpg,color_quantization_with_dithering,0.42192304134368896,"[('color_quantization_with_dithering', 0.42192304134368896), ('jpeg_transmission_errors', 0.2232574075460434), ('change of color saturation', 0.20609144866466522)]"
967548785.jpg,mean shift,0.5821882486343384,"[('mean shift', 0.5821882486343384), ('chromatic_aberrations', 0.34261804819107056), ('contrast_change', 0.04773557931184769)]"
9677255399.jpg,mean shift,0.505424439907074,"[('mean shift', 0.505424439907074), ('chromatic_aberrations', 0.4572107791900635), ('image_denoising', 0.029073767364025116)]"
9677256773.jpg,chromatic_aberrations,0.7582378387451172,"[('chromatic_aberrations', 0.7582378387451172), ('mean shift', 0.21380187571048737), ('image_denoising', 0.024721886962652206)]"
9677297702.jpg,comfort_noise,0.8240872025489807,"[('comfort_noise', 0.8240872025489807), ('contrast_change', 0.12075678259134293), ('jpeg_transmission_errors', 0.031167715787887573)]"
9680493700.jpg,chromatic_aberrations,0.504859209060669,"[('chromatic_aberrations', 0.504859209060669), ('mean shift', 0.3217458724975586), ('image_denoising', 0.1567096710205078)]"
9681377633.jpg,chromatic_aberrations,0.9820997714996338,"[('chromatic_aberrations', 0.9820997714996338), ('mean shift', 0.0053225308656692505), ('contrast_change', 0.005242323037236929)]"
9685106937.jpg,chromatic_aberrations,0.8979765772819519,"[('chromatic_aberrations', 0.8979765772819519), ('contrast_change', 0.06971802562475204), ('mean shift', 0.014389043673872948)]"
9686337427.jpg,jpeg2000_transmission_errors,0.9058404564857483,"[('jpeg2000_transmission_errors', 0.9058404564857483), ('gaussian_blur', 0.08408643305301666), ('image_denoising', 0.005209330003708601)]"
9686480737.jpg,image_denoising,0.5210010409355164,"[('image_denoising', 0.5210010409355164), ('gaussian_blur', 0.476653128862381), ('jpeg2000_compression', 0.0009821623098105192)]"
9687603044.jpg,contrast_change,0.8718163967132568,"[('contrast_change', 0.8718163967132568), ('quantization_noise', 0.1263493001461029), ('jpeg2000_transmission_errors', 0.00067084253532812)]"
9689861322.jpg,mean shift,0.8839967250823975,"[('mean shift', 0.8839967250823975), ('contrast_change', 0.07499116659164429), ('gaussian_blur', 0.03598891198635101)]"
9692018769.jpg,image_denoising,0.5612945556640625,"[('image_denoising', 0.5612945556640625), ('chromatic_aberrations', 0.3017626702785492), ('mean shift', 0.09762241691350937)]"
9692544079.jpg,mean shift,0.9914228320121765,"[('mean shift', 0.9914228320121765), ('chromatic_aberrations', 0.004533781670033932), ('contrast_change', 0.00280677224509418)]"
9701303901.jpg,mean shift,0.8845435976982117,"[('mean shift', 0.8845435976982117), ('chromatic_aberrations', 0.10986565053462982), ('gaussian_blur', 0.0036268041003495455)]"
9703418771.jpg,mean shift,0.5515152215957642,"[('mean shift', 0.5515152215957642), ('gaussian_blur', 0.4148983061313629), ('contrast_change', 0.023861156776547432)]"
9707926050.jpg,sparse_sampling_and_reconstruction,0.9995635151863098,"[('sparse_sampling_and_reconstruction', 0.9995635151863098), ('gaussian_blur', 0.0003686489653773606), ('jpeg2000_compression', 4.696996256825514e-05)]"
9714595106.jpg,contrast_change,0.9959084987640381,"[('contrast_change', 0.9959084987640381), ('quantization_noise', 0.002794876927509904), ('comfort_noise', 0.0005133466329425573)]"
9722821291.jpg,chromatic_aberrations,0.7523042559623718,"[('chromatic_aberrations', 0.7523042559623718), ('image_denoising', 0.12548057734966278), ('quantization_noise', 0.11224544048309326)]"
9731493509.jpg,chromatic_aberrations,0.7001423239707947,"[('chromatic_aberrations', 0.7001423239707947), ('image_denoising', 0.220580592751503), ('spatially_correlated_noise', 0.06071019917726517)]"
9733980007.jpg,spatially_correlated_noise,0.872017502784729,"[('spatially_correlated_noise', 0.872017502784729), ('lossy_compression_of_color_images', 0.036580849438905716), ('jpeg2000_transmission_errors', 0.025775769725441933)]"
9741202505.jpg,chromatic_aberrations,0.9137020707130432,"[('chromatic_aberrations', 0.9137020707130432), ('image_denoising', 0.08620607107877731), ('jpeg2000_compression', 2.7122756364406087e-05)]"
9743636678.jpg,chromatic_aberrations,0.9674148559570312,"[('chromatic_aberrations', 0.9674148559570312), ('image_denoising', 0.030200261622667313), ('quantization_noise', 0.0018005224410444498)]"
9766865862.jpg,change of color saturation,0.9975505471229553,"[('change of color saturation', 0.9975505471229553), ('sparse_sampling_and_reconstruction', 0.0010577046778053045), ('jpeg2000_compression', 0.0007673958316445351)]"
9766930762.jpg,image_denoising,0.6970160007476807,"[('image_denoising', 0.6970160007476807), ('quantization_noise', 0.1908143311738968), ('contrast_change', 0.07874821871519089)]"
9767151984.jpg,gaussian_blur,0.9993658661842346,"[('gaussian_blur', 0.9993658661842346), ('contrast_change', 0.00029453553725034), ('mean shift', 0.0001590296160429716)]"
9767373513.jpg,quantization_noise,0.8359397649765015,"[('quantization_noise', 0.8359397649765015), ('multiplicative_gaussian_noise', 0.08535870164632797), ('contrast_change', 0.05241791903972626)]"
976846781.jpg,chromatic_aberrations,0.5578175187110901,"[('chromatic_aberrations', 0.5578175187110901), ('image_denoising', 0.4401054382324219), ('gaussian_blur', 0.0007921960786916316)]"
9769299262.jpg,non_eccentricity_pattern_noise,0.9474445581436157,"[('non_eccentricity_pattern_noise', 0.9474445581436157), ('contrast_change', 0.04796763136982918), ('mean shift', 0.0017781102797016501)]"
9774901765.jpg,chromatic_aberrations,0.983691930770874,"[('chromatic_aberrations', 0.983691930770874), ('image_denoising', 0.009792935103178024), ('spatially_correlated_noise', 0.0038175934460014105)]"
9784161203.jpg,image_denoising,0.9454395174980164,"[('image_denoising', 0.9454395174980164), ('quantization_noise', 0.020941363647580147), ('contrast_change', 0.01689762994647026)]"
9788787724.jpg,contrast_change,0.5627842545509338,"[('contrast_change', 0.5627842545509338), ('quantization_noise', 0.17420457303524017), ('image_denoising', 0.14261692762374878)]"
97984449.jpg,contrast_change,0.9970321655273438,"[('contrast_change', 0.9970321655273438), ('mean shift', 0.001984699396416545), ('quantization_noise', 0.0008215872221626341)]"
9802094923.jpg,chromatic_aberrations,0.9961232542991638,"[('chromatic_aberrations', 0.9961232542991638), ('image_denoising', 0.0018980075838044286), ('mean shift', 0.0012731433380395174)]"
9808126155.jpg,non_eccentricity_pattern_noise,0.6244441866874695,"[('non_eccentricity_pattern_noise', 0.6244441866874695), ('contrast_change', 0.1549573540687561), ('chromatic_aberrations', 0.08282057195901871)]"
9813135.jpg,mean shift,0.9268559217453003,"[('mean shift', 0.9268559217453003), ('contrast_change', 0.07100638747215271), ('non_eccentricity_pattern_noise', 0.0012059991713613272)]"
9814999.jpg,contrast_change,0.5011048316955566,"[('contrast_change', 0.5011048316955566), ('mean shift', 0.2791367769241333), ('gaussian_blur', 0.17014926671981812)]"
9823089054.jpg,image_denoising,0.991228461265564,"[('image_denoising', 0.991228461265564), ('chromatic_aberrations', 0.00698362709954381), ('mean shift', 0.0006847385666333139)]"
9849484955.jpg,quantization_noise,0.9313719272613525,"[('quantization_noise', 0.9313719272613525), ('contrast_change', 0.06631693989038467), ('image_denoising', 0.0015157805755734444)]"
9859562873.jpg,contrast_change,0.9787944555282593,"[('contrast_change', 0.9787944555282593), ('quantization_noise', 0.01882789470255375), ('jpeg2000_transmission_errors', 0.0017890933668240905)]"
9866104216.jpg,color_quantization_with_dithering,0.6297754645347595,"[('color_quantization_with_dithering', 0.6297754645347595), ('jpeg2000_transmission_errors', 0.2005014717578888), ('contrast_change', 0.08141610771417618)]"
9878706283.jpg,mean shift,0.9826803803443909,"[('mean shift', 0.9826803803443909), ('contrast_change', 0.01425381749868393), ('quantization_noise', 0.0011369461426511407)]"
9906667675.jpg,jpeg2000_transmission_errors,0.26342183351516724,"[('jpeg2000_transmission_errors', 0.26342183351516724), ('contrast_change', 0.2574463188648224), ('spatially_correlated_noise', 0.19387952983379364)]"
9925803176.jpg,chromatic_aberrations,0.9853729605674744,"[('chromatic_aberrations', 0.9853729605674744), ('quantization_noise', 0.012312505394220352), ('contrast_change', 0.0010751638328656554)]"
9927178013.jpg,gaussian_blur,0.9946454763412476,"[('gaussian_blur', 0.9946454763412476), ('chromatic_aberrations', 0.002365505089983344), ('non_eccentricity_pattern_noise', 0.0015064586186781526)]"
9935622.jpg,contrast_change,0.6428977847099304,"[('contrast_change', 0.6428977847099304), ('image_denoising', 0.2559800446033478), ('gaussian_blur', 0.03496488183736801)]"
9961801436.jpg,chromatic_aberrations,0.9989509582519531,"[('chromatic_aberrations', 0.9989509582519531), ('image_denoising', 0.0009210691205225885), ('quantization_noise', 3.9423212001565844e-05)]"
9977056676.jpg,quantization_noise,0.918857753276825,"[('quantization_noise', 0.918857753276825), ('contrast_change', 0.06262407451868057), ('mean shift', 0.011127100326120853)]"
